date,model,lead,tmax,n_hours
2024-01-01,icon_seamless,h0,9.7,24
2024-01-01,ukmo_seamless,h0,10.3,24
2024-01-01,meteofrance_seamless,h0,12.6,24
2024-01-01,gem_seamless,h0,11.4,24
2024-01-02,icon_seamless,h0,6.6,24
2024-01-02,ukmo_seamless,h0,6.2,24
2024-01-02,meteofrance_seamless,h0,6.8,24
2024-01-02,gem_seamless,h0,6.7,24
2024-01-03,icon_seamless,h0,8.8,24
2024-01-03,ukmo_seamless,h0,9.3,24
2024-01-03,meteofrance_seamless,h0,10.4,24
2024-01-03,gem_seamless,h0,9.2,24
2024-01-04,icon_seamless,h0,12.9,24
2024-01-04,ukmo_seamless,h0,12.3,24
2024-01-04,meteofrance_seamless,h0,12.7,24
2024-01-04,gem_seamless,h0,12.5,24
2024-01-05,icon_seamless,h0,13.6,24
2024-01-05,ukmo_seamless,h0,13.1,24
2024-01-05,meteofrance_seamless,h0,14.1,24
2024-01-05,gem_seamless,h0,14.6,24
2024-01-06,icon_seamless,h0,15.0,24
2024-01-06,ukmo_seamless,h0,14.1,24
2024-01-06,meteofrance_seamless,h0,15.6,24
2024-01-06,gem_seamless,h0,15.0,24
2024-01-07,icon_seamless,h0,10.3,24
2024-01-07,ukmo_seamless,h0,10.0,24
2024-01-07,meteofrance_seamless,h0,12.7,24
2024-01-07,gem_seamless,h0,12.1,24
2024-01-08,icon_seamless,h0,10.8,24
2024-01-08,ukmo_seamless,h0,10.8,24
2024-01-08,meteofrance_seamless,h0,11.5,24
2024-01-08,gem_seamless,h0,12.4,24
2024-01-09,icon_seamless,h0,13.3,24
2024-01-09,ukmo_seamless,h0,12.8,24
2024-01-09,meteofrance_seamless,h0,12.9,24
2024-01-09,gem_seamless,h0,13.5,24
2024-01-10,icon_seamless,h0,11.9,24
2024-01-10,ukmo_seamless,h0,10.7,24
2024-01-10,meteofrance_seamless,h0,11.8,24
2024-01-10,gem_seamless,h0,11.4,24
2024-01-11,icon_seamless,h0,15.2,24
2024-01-11,ukmo_seamless,h0,14.8,24
2024-01-11,meteofrance_seamless,h0,15.7,24
2024-01-11,gem_seamless,h0,15.5,24
2024-01-12,icon_seamless,h0,16.7,24
2024-01-12,ukmo_seamless,h0,15.9,24
2024-01-12,meteofrance_seamless,h0,16.0,24
2024-01-12,gem_seamless,h0,17.2,24
2024-01-13,icon_seamless,h0,19.3,24
2024-01-13,ukmo_seamless,h0,18.3,24
2024-01-13,meteofrance_seamless,h0,19.6,24
2024-01-13,gem_seamless,h0,19.8,24
2024-01-14,icon_seamless,h0,14.8,24
2024-01-14,ukmo_seamless,h0,15.6,24
2024-01-14,meteofrance_seamless,h0,14.6,24
2024-01-14,gem_seamless,h0,15.5,24
2024-01-15,icon_seamless,h0,7.4,24
2024-01-15,ukmo_seamless,h0,10.1,24
2024-01-15,meteofrance_seamless,h0,11.5,24
2024-01-15,gem_seamless,h0,11.6,24
2024-01-16,icon_seamless,h0,6.1,24
2024-01-16,ukmo_seamless,h0,7.0,24
2024-01-16,meteofrance_seamless,h0,7.5,24
2024-01-16,gem_seamless,h0,6.8,24
2024-01-17,icon_seamless,h0,5.0,24
2024-01-17,ukmo_seamless,h0,6.4,24
2024-01-17,meteofrance_seamless,h0,4.6,24
2024-01-17,gem_seamless,h0,5.5,24
2024-01-18,icon_seamless,h0,4.8,24
2024-01-18,ukmo_seamless,h0,5.4,24
2024-01-18,meteofrance_seamless,h0,5.0,24
2024-01-18,gem_seamless,h0,4.7,24
2024-01-19,icon_seamless,h0,4.0,24
2024-01-19,ukmo_seamless,h0,5.5,24
2024-01-19,meteofrance_seamless,h0,3.7,24
2024-01-19,gem_seamless,h0,5.3,24
2024-01-19,icon_seamless,h24,2.9,4
2024-01-19,meteofrance_seamless,h24,2.2,4
2024-01-19,gem_seamless,h24,2.3,4
2024-01-20,icon_seamless,h24,6.4,24
2024-01-20,meteofrance_seamless,h24,6.0,24
2024-01-20,gem_seamless,h24,5.7,24
2024-01-20,icon_seamless,h0,5.4,24
2024-01-20,ukmo_seamless,h0,6.2,24
2024-01-20,meteofrance_seamless,h0,6.1,24
2024-01-20,gem_seamless,h0,6.5,24
2024-01-21,icon_seamless,h24,5.2,24
2024-01-21,meteofrance_seamless,h24,5.1,24
2024-01-21,gem_seamless,h24,4.8,24
2024-01-21,icon_seamless,h0,4.7,24
2024-01-21,ukmo_seamless,h0,5.0,24
2024-01-21,meteofrance_seamless,h0,5.6,24
2024-01-21,gem_seamless,h0,4.9,24
2024-01-22,icon_seamless,h24,0.9,24
2024-01-22,meteofrance_seamless,h24,0.7,24
2024-01-22,gem_seamless,h24,0.0,24
2024-01-22,icon_seamless,h0,0.4,24
2024-01-22,ukmo_seamless,h0,1.5,24
2024-01-22,meteofrance_seamless,h0,1.3,24
2024-01-22,gem_seamless,h0,1.4,24
2024-01-23,icon_seamless,h24,1.0,24
2024-01-23,meteofrance_seamless,h24,2.9,24
2024-01-23,gem_seamless,h24,1.1,24
2024-01-23,icon_seamless,h0,0.9,24
2024-01-23,ukmo_seamless,h0,1.5,24
2024-01-23,meteofrance_seamless,h0,2.1,24
2024-01-23,gem_seamless,h0,1.7,24
2024-01-24,icon_seamless,h24,2.7,24
2024-01-24,meteofrance_seamless,h24,3.3,24
2024-01-24,gem_seamless,h24,4.0,24
2024-01-24,icon_seamless,h0,3.8,24
2024-01-24,ukmo_seamless,h0,3.7,24
2024-01-24,meteofrance_seamless,h0,4.1,24
2024-01-24,gem_seamless,h0,3.8,24
2024-01-25,icon_seamless,h24,6.9,24
2024-01-25,meteofrance_seamless,h24,6.9,24
2024-01-25,gem_seamless,h24,6.4,24
2024-01-25,icon_seamless,h0,7.0,24
2024-01-25,ukmo_seamless,h0,6.7,24
2024-01-25,meteofrance_seamless,h0,6.9,24
2024-01-25,gem_seamless,h0,6.7,24
2024-01-26,icon_seamless,h24,6.9,24
2024-01-26,meteofrance_seamless,h24,7.8,24
2024-01-26,gem_seamless,h24,6.0,24
2024-01-26,icon_seamless,h0,7.5,24
2024-01-26,ukmo_seamless,h0,7.9,24
2024-01-26,meteofrance_seamless,h0,7.0,24
2024-01-26,gem_seamless,h0,6.7,24
2024-01-27,icon_seamless,h24,10.2,24
2024-01-27,meteofrance_seamless,h24,9.6,24
2024-01-27,gem_seamless,h24,8.5,24
2024-01-27,icon_seamless,h0,9.8,24
2024-01-27,ukmo_seamless,h0,9.8,24
2024-01-27,meteofrance_seamless,h0,9.5,24
2024-01-27,gem_seamless,h0,9.6,24
2024-01-28,icon_seamless,h24,10.8,24
2024-01-28,meteofrance_seamless,h24,10.6,24
2024-01-28,gem_seamless,h24,8.8,24
2024-01-28,icon_seamless,h0,11.4,24
2024-01-28,ukmo_seamless,h0,10.3,24
2024-01-28,meteofrance_seamless,h0,10.7,24
2024-01-28,gem_seamless,h0,10.2,24
2024-01-29,icon_seamless,h24,12.3,24
2024-01-29,meteofrance_seamless,h24,11.6,24
2024-01-29,gem_seamless,h24,10.9,24
2024-01-29,icon_seamless,h0,12.1,24
2024-01-29,ukmo_seamless,h0,11.4,24
2024-01-29,meteofrance_seamless,h0,12.2,24
2024-01-29,gem_seamless,h0,11.2,24
2024-01-30,icon_seamless,h24,10.2,24
2024-01-30,meteofrance_seamless,h24,12.3,24
2024-01-30,gem_seamless,h24,12.0,24
2024-01-30,icon_seamless,h0,10.7,24
2024-01-30,ukmo_seamless,h0,11.8,24
2024-01-30,meteofrance_seamless,h0,12.7,24
2024-01-30,gem_seamless,h0,12.0,24
2024-01-31,icon_seamless,h24,10.5,24
2024-01-31,meteofrance_seamless,h24,10.5,24
2024-01-31,gem_seamless,h24,9.9,24
2024-01-31,icon_seamless,h0,9.4,24
2024-01-31,ukmo_seamless,h0,11.1,24
2024-01-31,meteofrance_seamless,h0,10.7,24
2024-01-31,gem_seamless,h0,9.4,24
2024-02-01,icon_seamless,h24,8.8,24
2024-02-01,meteofrance_seamless,h24,8.7,24
2024-02-01,gem_seamless,h24,7.6,24
2024-02-01,icon_seamless,h0,7.5,24
2024-02-01,ukmo_seamless,h0,7.8,24
2024-02-01,meteofrance_seamless,h0,8.0,24
2024-02-01,gem_seamless,h0,7.3,24
2024-02-02,icon_seamless,h24,0.9,24
2024-02-02,meteofrance_seamless,h24,0.6,24
2024-02-02,gem_seamless,h24,1.2,24
2024-02-02,icon_seamless,h0,-0.1,24
2024-02-02,ukmo_seamless,h0,1.5,24
2024-02-02,meteofrance_seamless,h0,0.2,24
2024-02-02,gem_seamless,h0,0.4,24
2024-02-03,icon_seamless,h24,-0.3,24
2024-02-03,meteofrance_seamless,h24,-0.0,24
2024-02-03,gem_seamless,h24,0.8,24
2024-02-03,icon_seamless,h0,-0.4,24
2024-02-03,ukmo_seamless,h0,0.1,24
2024-02-03,meteofrance_seamless,h0,0.8,24
2024-02-03,gem_seamless,h0,0.7,24
2024-02-03,ecmwf_ifs025,h0,1.3,16
2024-02-04,icon_seamless,h24,-0.1,24
2024-02-04,meteofrance_seamless,h24,0.5,24
2024-02-04,gem_seamless,h24,0.6,24
2024-02-04,icon_seamless,h0,-0.4,24
2024-02-04,ukmo_seamless,h0,-0.2,24
2024-02-04,meteofrance_seamless,h0,-0.2,24
2024-02-04,gem_seamless,h0,0.8,24
2024-02-04,ecmwf_ifs025,h0,-0.8,24
2024-02-04,ecmwf_ifs025,h24,-0.7,16
2024-02-05,icon_seamless,h24,0.2,24
2024-02-05,meteofrance_seamless,h24,0.9,24
2024-02-05,gem_seamless,h24,0.8,24
2024-02-05,ecmwf_ifs025,h24,-1.2,24
2024-02-05,icon_seamless,h0,-0.3,24
2024-02-05,ukmo_seamless,h0,-0.7,24
2024-02-05,meteofrance_seamless,h0,0.9,24
2024-02-05,gem_seamless,h0,1.6,24
2024-02-05,ecmwf_ifs025,h0,-1.3,24
2024-02-06,icon_seamless,h24,0.6,24
2024-02-06,meteofrance_seamless,h24,2.0,24
2024-02-06,gem_seamless,h24,2.2,24
2024-02-06,ecmwf_ifs025,h24,-0.7,24
2024-02-06,icon_seamless,h0,-0.1,24
2024-02-06,ukmo_seamless,h0,-0.4,24
2024-02-06,meteofrance_seamless,h0,0.8,24
2024-02-06,gem_seamless,h0,1.4,24
2024-02-06,ecmwf_ifs025,h0,-1.1,24
2024-02-07,icon_seamless,h24,2.7,24
2024-02-07,meteofrance_seamless,h24,4.3,24
2024-02-07,gem_seamless,h24,6.8,24
2024-02-07,ecmwf_ifs025,h24,2.3,24
2024-02-07,icon_seamless,h0,3.2,24
2024-02-07,ukmo_seamless,h0,0.6,24
2024-02-07,meteofrance_seamless,h0,4.7,24
2024-02-07,gem_seamless,h0,6.6,24
2024-02-07,ecmwf_ifs025,h0,3.3,24
2024-02-08,icon_seamless,h24,7.4,24
2024-02-08,meteofrance_seamless,h24,6.1,24
2024-02-08,gem_seamless,h24,8.5,24
2024-02-08,ecmwf_ifs025,h24,6.9,24
2024-02-08,icon_seamless,h0,6.6,24
2024-02-08,ukmo_seamless,h0,2.5,24
2024-02-08,meteofrance_seamless,h0,5.8,24
2024-02-08,gem_seamless,h0,7.4,24
2024-02-08,ecmwf_ifs025,h0,5.7,24
2024-02-09,icon_seamless,h24,10.4,24
2024-02-09,meteofrance_seamless,h24,9.4,24
2024-02-09,gem_seamless,h24,10.9,24
2024-02-09,ecmwf_ifs025,h24,10.4,24
2024-02-09,icon_seamless,h0,9.9,24
2024-02-09,ukmo_seamless,h0,7.6,24
2024-02-09,meteofrance_seamless,h0,9.0,24
2024-02-09,gem_seamless,h0,10.7,24
2024-02-09,ecmwf_ifs025,h0,9.8,24
2024-02-10,icon_seamless,h24,13.5,24
2024-02-10,meteofrance_seamless,h24,13.3,24
2024-02-10,gem_seamless,h24,13.4,24
2024-02-10,ecmwf_ifs025,h24,14.6,24
2024-02-10,icon_seamless,h0,13.4,24
2024-02-10,ukmo_seamless,h0,13.6,24
2024-02-10,meteofrance_seamless,h0,13.0,24
2024-02-10,gem_seamless,h0,13.8,24
2024-02-10,ecmwf_ifs025,h0,14.4,24
2024-02-11,icon_seamless,h24,15.6,24
2024-02-11,meteofrance_seamless,h24,14.6,24
2024-02-11,gem_seamless,h24,14.5,24
2024-02-11,ecmwf_ifs025,h24,15.8,24
2024-02-11,icon_seamless,h0,16.2,24
2024-02-11,ukmo_seamless,h0,14.5,24
2024-02-11,meteofrance_seamless,h0,14.6,24
2024-02-11,gem_seamless,h0,15.6,24
2024-02-11,ecmwf_ifs025,h0,16.0,24
2024-02-12,icon_seamless,h24,18.1,24
2024-02-12,meteofrance_seamless,h24,18.5,24
2024-02-12,gem_seamless,h24,16.8,24
2024-02-12,ecmwf_ifs025,h24,18.4,24
2024-02-12,icon_seamless,h0,18.9,24
2024-02-12,ukmo_seamless,h0,18.5,24
2024-02-12,meteofrance_seamless,h0,19.4,24
2024-02-12,gem_seamless,h0,18.8,24
2024-02-12,ecmwf_ifs025,h0,19.2,24
2024-02-13,icon_seamless,h24,21.9,24
2024-02-13,meteofrance_seamless,h24,21.8,24
2024-02-13,gem_seamless,h24,20.4,24
2024-02-13,ecmwf_ifs025,h24,20.9,24
2024-02-13,icon_seamless,h0,22.6,24
2024-02-13,ukmo_seamless,h0,20.4,24
2024-02-13,meteofrance_seamless,h0,22.9,24
2024-02-13,gem_seamless,h0,22.1,24
2024-02-13,ecmwf_ifs025,h0,21.4,24
2024-02-14,icon_seamless,h24,20.6,24
2024-02-14,meteofrance_seamless,h24,21.7,24
2024-02-14,gem_seamless,h24,23.6,24
2024-02-14,ecmwf_ifs025,h24,21.9,24
2024-02-14,icon_seamless,h0,22.5,24
2024-02-14,ukmo_seamless,h0,22.3,24
2024-02-14,meteofrance_seamless,h0,22.9,24
2024-02-14,gem_seamless,h0,24.1,24
2024-02-14,ecmwf_ifs025,h0,22.5,24
2024-02-15,icon_seamless,h24,15.3,24
2024-02-15,meteofrance_seamless,h24,13.5,24
2024-02-15,gem_seamless,h24,13.6,24
2024-02-15,ecmwf_ifs025,h24,13.7,24
2024-02-15,icon_seamless,h0,14.6,24
2024-02-15,ukmo_seamless,h0,13.2,24
2024-02-15,meteofrance_seamless,h0,14.6,24
2024-02-15,gem_seamless,h0,14.4,24
2024-02-15,ecmwf_ifs025,h0,14.1,24
2024-02-16,icon_seamless,h24,13.5,24
2024-02-16,meteofrance_seamless,h24,13.8,24
2024-02-16,gem_seamless,h24,13.1,24
2024-02-16,ecmwf_ifs025,h24,12.4,24
2024-02-16,icon_seamless,h0,14.1,24
2024-02-16,ukmo_seamless,h0,13.2,24
2024-02-16,meteofrance_seamless,h0,13.7,24
2024-02-16,gem_seamless,h0,14.1,24
2024-02-16,ecmwf_ifs025,h0,13.2,24
2024-02-17,icon_seamless,h24,17.9,24
2024-02-17,meteofrance_seamless,h24,17.5,24
2024-02-17,gem_seamless,h24,17.2,24
2024-02-17,ecmwf_ifs025,h24,18.1,24
2024-02-17,icon_seamless,h0,16.0,24
2024-02-17,ukmo_seamless,h0,17.8,24
2024-02-17,meteofrance_seamless,h0,17.8,24
2024-02-17,gem_seamless,h0,18.5,24
2024-02-17,ecmwf_ifs025,h0,18.2,24
2024-02-18,icon_seamless,h24,24.9,24
2024-02-18,meteofrance_seamless,h24,25.5,24
2024-02-18,gem_seamless,h24,26.0,24
2024-02-18,ecmwf_ifs025,h24,24.3,24
2024-02-18,icon_seamless,h0,24.6,24
2024-02-18,ukmo_seamless,h0,24.2,24
2024-02-18,meteofrance_seamless,h0,23.5,24
2024-02-18,gem_seamless,h0,24.8,24
2024-02-18,ecmwf_ifs025,h0,22.0,24
2024-02-19,icon_seamless,h24,16.7,24
2024-02-19,meteofrance_seamless,h24,16.4,24
2024-02-19,gem_seamless,h24,16.6,24
2024-02-19,ecmwf_ifs025,h24,15.9,24
2024-02-19,icon_seamless,h0,16.3,24
2024-02-19,ukmo_seamless,h0,15.0,24
2024-02-19,meteofrance_seamless,h0,15.3,24
2024-02-19,gem_seamless,h0,16.2,24
2024-02-19,ecmwf_ifs025,h0,16.3,24
2024-02-20,icon_seamless,h24,7.7,24
2024-02-20,meteofrance_seamless,h24,8.4,24
2024-02-20,gem_seamless,h24,6.1,24
2024-02-20,ecmwf_ifs025,h24,7.3,24
2024-02-20,icon_seamless,h0,6.4,24
2024-02-20,ukmo_seamless,h0,7.7,24
2024-02-20,meteofrance_seamless,h0,8.1,24
2024-02-20,gem_seamless,h0,6.6,24
2024-02-20,ecmwf_ifs025,h0,6.2,24
2024-02-21,icon_seamless,h24,1.7,24
2024-02-21,meteofrance_seamless,h24,0.8,24
2024-02-21,gem_seamless,h24,0.8,24
2024-02-21,ecmwf_ifs025,h24,1.1,24
2024-02-21,icon_seamless,h0,1.5,24
2024-02-21,ukmo_seamless,h0,2.3,24
2024-02-21,meteofrance_seamless,h0,0.6,24
2024-02-21,gem_seamless,h0,-0.0,24
2024-02-21,ecmwf_ifs025,h0,1.2,24
2024-02-22,icon_seamless,h24,-2.2,24
2024-02-22,meteofrance_seamless,h24,-1.6,24
2024-02-22,gem_seamless,h24,-1.6,24
2024-02-22,ecmwf_ifs025,h24,-1.2,24
2024-02-22,icon_seamless,h0,-2.5,24
2024-02-22,ukmo_seamless,h0,-2.1,24
2024-02-22,meteofrance_seamless,h0,-1.3,24
2024-02-22,gem_seamless,h0,-1.3,24
2024-02-22,ecmwf_ifs025,h0,-2.4,24
2024-02-23,icon_seamless,h24,-0.7,24
2024-02-23,meteofrance_seamless,h24,1.9,24
2024-02-23,gem_seamless,h24,0.4,24
2024-02-23,ecmwf_ifs025,h24,0.7,24
2024-02-23,icon_seamless,h0,-1.3,24
2024-02-23,ukmo_seamless,h0,-0.0,24
2024-02-23,meteofrance_seamless,h0,0.7,24
2024-02-23,gem_seamless,h0,0.6,24
2024-02-23,ecmwf_ifs025,h0,0.8,24
2024-02-24,icon_seamless,h24,-0.1,24
2024-02-24,meteofrance_seamless,h24,2.7,24
2024-02-24,gem_seamless,h24,1.6,24
2024-02-24,ecmwf_ifs025,h24,1.2,24
2024-02-24,icon_seamless,h0,0.2,24
2024-02-24,ukmo_seamless,h0,1.1,24
2024-02-24,meteofrance_seamless,h0,1.9,24
2024-02-24,gem_seamless,h0,2.6,24
2024-02-24,ecmwf_ifs025,h0,2.2,24
2024-02-25,icon_seamless,h24,3.1,24
2024-02-25,meteofrance_seamless,h24,6.5,24
2024-02-25,gem_seamless,h24,8.3,24
2024-02-25,ecmwf_ifs025,h24,8.7,24
2024-02-25,icon_seamless,h0,5.6,24
2024-02-25,ukmo_seamless,h0,6.3,24
2024-02-25,meteofrance_seamless,h0,5.3,24
2024-02-25,gem_seamless,h0,7.8,24
2024-02-25,ecmwf_ifs025,h0,6.2,24
2024-02-26,icon_seamless,h24,5.8,24
2024-02-26,meteofrance_seamless,h24,6.0,24
2024-02-26,gem_seamless,h24,6.9,24
2024-02-26,ecmwf_ifs025,h24,7.4,24
2024-02-26,icon_seamless,h0,4.9,24
2024-02-26,ukmo_seamless,h0,7.2,24
2024-02-26,meteofrance_seamless,h0,5.9,24
2024-02-26,gem_seamless,h0,6.6,24
2024-02-26,ecmwf_ifs025,h0,6.0,24
2024-02-27,icon_seamless,h24,9.1,24
2024-02-27,meteofrance_seamless,h24,8.2,24
2024-02-27,gem_seamless,h24,9.3,24
2024-02-27,ecmwf_ifs025,h24,10.2,24
2024-02-27,icon_seamless,h0,9.0,24
2024-02-27,ukmo_seamless,h0,8.8,24
2024-02-27,meteofrance_seamless,h0,8.3,24
2024-02-27,gem_seamless,h0,9.6,24
2024-02-27,ecmwf_ifs025,h0,9.6,24
2024-02-28,icon_seamless,h24,8.0,24
2024-02-28,meteofrance_seamless,h24,9.4,24
2024-02-28,gem_seamless,h24,11.3,24
2024-02-28,ecmwf_ifs025,h24,11.0,24
2024-02-28,icon_seamless,h0,8.4,24
2024-02-28,ukmo_seamless,h0,9.1,24
2024-02-28,meteofrance_seamless,h0,9.3,24
2024-02-28,gem_seamless,h0,10.1,24
2024-02-28,ecmwf_ifs025,h0,9.0,24
2024-02-29,icon_seamless,h24,9.7,24
2024-02-29,meteofrance_seamless,h24,9.7,24
2024-02-29,gem_seamless,h24,10.6,24
2024-02-29,ecmwf_ifs025,h24,10.8,24
2024-02-29,icon_seamless,h0,7.8,24
2024-02-29,ukmo_seamless,h0,8.3,24
2024-02-29,meteofrance_seamless,h0,9.0,24
2024-02-29,gem_seamless,h0,9.4,24
2024-02-29,ecmwf_ifs025,h0,8.0,24
2024-03-01,icon_seamless,h24,6.4,24
2024-03-01,meteofrance_seamless,h24,8.2,24
2024-03-01,gem_seamless,h24,9.0,24
2024-03-01,ecmwf_ifs025,h24,9.1,24
2024-03-01,icon_seamless,h0,7.6,24
2024-03-01,ukmo_seamless,h0,7.0,24
2024-03-01,meteofrance_seamless,h0,8.3,24
2024-03-01,gem_seamless,h0,9.4,24
2024-03-01,ecmwf_ifs025,h0,7.7,24
2024-03-02,icon_seamless,h24,10.7,24
2024-03-02,meteofrance_seamless,h24,11.4,24
2024-03-02,gem_seamless,h24,11.5,24
2024-03-02,ecmwf_ifs025,h24,12.0,24
2024-03-02,icon_seamless,h0,10.7,24
2024-03-02,ukmo_seamless,h0,10.3,24
2024-03-02,meteofrance_seamless,h0,10.9,24
2024-03-02,gem_seamless,h0,11.7,24
2024-03-02,ecmwf_ifs025,h0,11.0,24
2024-03-03,icon_seamless,h24,14.1,24
2024-03-03,meteofrance_seamless,h24,14.0,24
2024-03-03,gem_seamless,h24,14.1,24
2024-03-03,ecmwf_ifs025,h24,14.4,24
2024-03-03,icon_seamless,h0,13.8,24
2024-03-03,ukmo_seamless,h0,13.8,24
2024-03-03,meteofrance_seamless,h0,13.1,24
2024-03-03,gem_seamless,h0,13.7,24
2024-03-03,ecmwf_ifs025,h0,13.9,24
2024-03-04,icon_seamless,h24,10.3,24
2024-03-04,meteofrance_seamless,h24,12.1,24
2024-03-04,gem_seamless,h24,13.4,24
2024-03-04,ecmwf_ifs025,h24,12.6,24
2024-03-04,icon_seamless,h0,9.5,24
2024-03-04,ukmo_seamless,h0,11.2,24
2024-03-04,meteofrance_seamless,h0,11.0,24
2024-03-04,gem_seamless,h0,11.6,24
2024-03-04,ecmwf_ifs025,h0,11.0,24
2024-03-05,icon_seamless,h24,9.8,24
2024-03-05,meteofrance_seamless,h24,12.9,24
2024-03-05,gem_seamless,h24,10.3,24
2024-03-05,ecmwf_ifs025,h24,13.4,24
2024-03-05,icon_seamless,h0,9.4,24
2024-03-05,ukmo_seamless,h0,12.3,24
2024-03-05,meteofrance_seamless,h0,11.4,24
2024-03-05,gem_seamless,h0,12.1,24
2024-03-05,ecmwf_ifs025,h0,11.1,24
2024-03-06,icon_seamless,h24,11.9,24
2024-03-06,meteofrance_seamless,h24,12.7,24
2024-03-06,gem_seamless,h24,13.0,24
2024-03-06,ecmwf_ifs025,h24,12.1,24
2024-03-06,icon_seamless,h0,11.3,24
2024-03-06,ukmo_seamless,h0,11.9,24
2024-03-06,meteofrance_seamless,h0,11.7,24
2024-03-06,gem_seamless,h0,12.4,24
2024-03-06,ecmwf_ifs025,h0,10.9,24
2024-03-07,icon_seamless,h24,14.1,24
2024-03-07,meteofrance_seamless,h24,14.4,24
2024-03-07,gem_seamless,h24,15.4,24
2024-03-07,ecmwf_ifs025,h24,15.2,24
2024-03-07,icon_seamless,h0,14.3,24
2024-03-07,ukmo_seamless,h0,14.1,24
2024-03-07,meteofrance_seamless,h0,14.1,24
2024-03-07,gem_seamless,h0,15.7,24
2024-03-07,ecmwf_ifs025,h0,15.2,24
2024-03-08,icon_seamless,h24,14.9,24
2024-03-08,meteofrance_seamless,h24,15.1,24
2024-03-08,gem_seamless,h24,13.6,24
2024-03-08,ecmwf_ifs025,h24,15.0,24
2024-03-08,icon_seamless,h0,16.3,24
2024-03-08,ukmo_seamless,h0,15.2,24
2024-03-08,meteofrance_seamless,h0,15.0,24
2024-03-08,gem_seamless,h0,15.6,24
2024-03-08,ecmwf_ifs025,h0,15.8,24
2024-03-09,icon_seamless,h24,15.8,24
2024-03-09,meteofrance_seamless,h24,14.6,24
2024-03-09,gem_seamless,h24,13.9,24
2024-03-09,ecmwf_ifs025,h24,14.6,24
2024-03-09,icon_seamless,h0,15.3,24
2024-03-09,ukmo_seamless,h0,15.6,24
2024-03-09,meteofrance_seamless,h0,14.3,24
2024-03-09,gem_seamless,h0,15.0,24
2024-03-09,ecmwf_ifs025,h0,14.2,24
2024-03-10,icon_seamless,h24,18.6,24
2024-03-10,meteofrance_seamless,h24,16.2,24
2024-03-10,gem_seamless,h24,17.3,24
2024-03-10,ecmwf_ifs025,h24,17.1,24
2024-03-10,icon_seamless,h0,18.5,24
2024-03-10,ukmo_seamless,h0,17.1,24
2024-03-10,meteofrance_seamless,h0,16.7,24
2024-03-10,gem_seamless,h0,17.3,24
2024-03-10,ecmwf_ifs025,h0,17.7,24
2024-03-11,icon_seamless,h24,21.4,24
2024-03-11,meteofrance_seamless,h24,20.5,24
2024-03-11,gem_seamless,h24,19.9,24
2024-03-11,ecmwf_ifs025,h24,20.1,24
2024-03-11,icon_seamless,h0,21.7,24
2024-03-11,ukmo_seamless,h0,20.6,24
2024-03-11,meteofrance_seamless,h0,20.4,24
2024-03-11,gem_seamless,h0,20.3,24
2024-03-11,ecmwf_ifs025,h0,20.8,24
2024-03-12,icon_seamless,h24,21.9,24
2024-03-12,meteofrance_seamless,h24,20.1,24
2024-03-12,gem_seamless,h24,19.8,24
2024-03-12,ecmwf_ifs025,h24,19.6,24
2024-03-12,icon_seamless,h0,22.0,24
2024-03-12,ukmo_seamless,h0,21.0,24
2024-03-12,meteofrance_seamless,h0,21.8,24
2024-03-12,gem_seamless,h0,21.3,24
2024-03-12,ecmwf_ifs025,h0,21.3,24
2024-03-13,icon_seamless,h24,16.8,24
2024-03-13,meteofrance_seamless,h24,16.4,24
2024-03-13,gem_seamless,h24,17.7,24
2024-03-13,ecmwf_ifs025,h24,14.2,24
2024-03-13,icon_seamless,h0,17.5,24
2024-03-13,ukmo_seamless,h0,15.3,24
2024-03-13,meteofrance_seamless,h0,18.1,24
2024-03-13,gem_seamless,h0,19.5,24
2024-03-13,ecmwf_ifs025,h0,15.9,24
2024-03-14,icon_seamless,h24,19.9,24
2024-03-14,meteofrance_seamless,h24,19.8,24
2024-03-14,gem_seamless,h24,19.2,24
2024-03-14,ecmwf_ifs025,h24,19.4,24
2024-03-14,icon_seamless,h0,18.8,24
2024-03-14,ukmo_seamless,h0,19.2,24
2024-03-14,meteofrance_seamless,h0,19.9,24
2024-03-14,gem_seamless,h0,20.1,24
2024-03-14,ecmwf_ifs025,h0,19.5,24
2024-03-15,icon_seamless,h24,20.5,24
2024-03-15,meteofrance_seamless,h24,20.2,24
2024-03-15,gem_seamless,h24,19.3,24
2024-03-15,ecmwf_ifs025,h24,20.7,24
2024-03-15,icon_seamless,h0,20.2,24
2024-03-15,ukmo_seamless,h0,20.1,24
2024-03-15,meteofrance_seamless,h0,20.9,24
2024-03-15,gem_seamless,h0,20.5,24
2024-03-15,ecmwf_ifs025,h0,20.8,24
2024-03-16,icon_seamless,h24,19.8,24
2024-03-16,meteofrance_seamless,h24,22.0,24
2024-03-16,gem_seamless,h24,22.3,24
2024-03-16,ecmwf_ifs025,h24,21.5,24
2024-03-16,icon_seamless,h0,20.4,24
2024-03-16,ukmo_seamless,h0,20.9,24
2024-03-16,meteofrance_seamless,h0,20.6,24
2024-03-16,gem_seamless,h0,21.6,24
2024-03-16,ecmwf_ifs025,h0,21.1,24
2024-03-17,icon_seamless,h24,16.4,24
2024-03-17,meteofrance_seamless,h24,18.5,24
2024-03-17,gem_seamless,h24,16.6,24
2024-03-17,ecmwf_ifs025,h24,17.5,24
2024-03-17,icon_seamless,h0,16.6,24
2024-03-17,ukmo_seamless,h0,16.8,24
2024-03-17,meteofrance_seamless,h0,17.6,24
2024-03-17,gem_seamless,h0,16.8,24
2024-03-17,ecmwf_ifs025,h0,17.1,24
2024-03-18,icon_seamless,h24,11.3,24
2024-03-18,meteofrance_seamless,h24,14.5,24
2024-03-18,gem_seamless,h24,10.6,24
2024-03-18,ecmwf_ifs025,h24,12.0,24
2024-03-18,icon_seamless,h0,11.1,24
2024-03-18,ukmo_seamless,h0,13.4,24
2024-03-18,meteofrance_seamless,h0,12.2,24
2024-03-18,gem_seamless,h0,12.3,24
2024-03-18,ecmwf_ifs025,h0,11.9,24
2024-03-19,icon_seamless,h24,17.0,24
2024-03-19,meteofrance_seamless,h24,17.8,24
2024-03-19,gem_seamless,h24,17.8,24
2024-03-19,ecmwf_ifs025,h24,17.7,24
2024-03-19,icon_seamless,h0,18.5,24
2024-03-19,ukmo_seamless,h0,18.2,24
2024-03-19,meteofrance_seamless,h0,18.1,24
2024-03-19,gem_seamless,h0,18.6,24
2024-03-19,ecmwf_ifs025,h0,18.7,24
2024-03-20,icon_seamless,h24,21.0,24
2024-03-20,meteofrance_seamless,h24,19.8,24
2024-03-20,gem_seamless,h24,19.6,24
2024-03-20,ecmwf_ifs025,h24,20.3,24
2024-03-20,icon_seamless,h0,21.1,24
2024-03-20,ukmo_seamless,h0,19.7,24
2024-03-20,meteofrance_seamless,h0,21.0,24
2024-03-20,gem_seamless,h0,20.3,24
2024-03-20,ecmwf_ifs025,h0,20.4,24
2024-03-21,icon_seamless,h24,22.0,24
2024-03-21,meteofrance_seamless,h24,22.0,24
2024-03-21,gem_seamless,h24,18.8,24
2024-03-21,ecmwf_ifs025,h24,21.8,24
2024-03-21,icon_seamless,h0,22.1,24
2024-03-21,ukmo_seamless,h0,22.4,24
2024-03-21,meteofrance_seamless,h0,22.6,24
2024-03-21,gem_seamless,h0,22.6,24
2024-03-21,ecmwf_ifs025,h0,21.8,24
2024-03-22,icon_seamless,h24,26.3,24
2024-03-22,meteofrance_seamless,h24,26.8,24
2024-03-22,gem_seamless,h24,28.1,24
2024-03-22,ecmwf_ifs025,h24,25.9,24
2024-03-22,icon_seamless,h0,25.7,24
2024-03-22,ukmo_seamless,h0,25.6,24
2024-03-22,meteofrance_seamless,h0,26.6,24
2024-03-22,gem_seamless,h0,28.0,24
2024-03-22,ecmwf_ifs025,h0,25.1,24
2024-03-23,icon_seamless,h24,24.4,24
2024-03-23,meteofrance_seamless,h24,23.3,24
2024-03-23,gem_seamless,h24,23.8,24
2024-03-23,ecmwf_ifs025,h24,22.2,24
2024-03-23,icon_seamless,h0,23.8,24
2024-03-23,ukmo_seamless,h0,24.6,24
2024-03-23,meteofrance_seamless,h0,25.4,24
2024-03-23,gem_seamless,h0,24.6,24
2024-03-23,ecmwf_ifs025,h0,23.9,24
2024-03-24,icon_seamless,h24,19.6,24
2024-03-24,meteofrance_seamless,h24,20.1,24
2024-03-24,gem_seamless,h24,21.5,24
2024-03-24,ecmwf_ifs025,h24,21.0,24
2024-03-24,icon_seamless,h0,20.0,24
2024-03-24,ukmo_seamless,h0,21.4,24
2024-03-24,meteofrance_seamless,h0,20.5,24
2024-03-24,gem_seamless,h0,20.7,24
2024-03-24,ecmwf_ifs025,h0,21.5,24
2024-03-25,icon_seamless,h24,15.6,24
2024-03-25,meteofrance_seamless,h24,15.6,24
2024-03-25,gem_seamless,h24,16.7,24
2024-03-25,ecmwf_ifs025,h24,15.2,24
2024-03-25,icon_seamless,h0,15.2,24
2024-03-25,ukmo_seamless,h0,17.0,24
2024-03-25,meteofrance_seamless,h0,16.4,24
2024-03-25,gem_seamless,h0,14.8,24
2024-03-25,ecmwf_ifs025,h0,14.5,24
2024-03-26,icon_seamless,h24,17.3,24
2024-03-26,meteofrance_seamless,h24,16.8,24
2024-03-26,gem_seamless,h24,16.6,24
2024-03-26,ecmwf_ifs025,h24,17.0,24
2024-03-26,icon_seamless,h0,17.8,24
2024-03-26,ukmo_seamless,h0,17.2,24
2024-03-26,meteofrance_seamless,h0,16.3,24
2024-03-26,gem_seamless,h0,17.3,24
2024-03-26,ecmwf_ifs025,h0,16.8,24
2024-03-27,icon_seamless,h24,14.2,24
2024-03-27,meteofrance_seamless,h24,13.8,24
2024-03-27,gem_seamless,h24,14.0,24
2024-03-27,ecmwf_ifs025,h24,16.3,24
2024-03-27,icon_seamless,h0,13.9,24
2024-03-27,ukmo_seamless,h0,16.3,24
2024-03-27,meteofrance_seamless,h0,15.0,24
2024-03-27,gem_seamless,h0,14.8,24
2024-03-27,ecmwf_ifs025,h0,16.2,24
2024-03-28,icon_seamless,h24,23.2,24
2024-03-28,meteofrance_seamless,h24,21.8,24
2024-03-28,gem_seamless,h24,23.0,24
2024-03-28,ecmwf_ifs025,h24,23.7,24
2024-03-28,icon_seamless,h0,22.4,24
2024-03-28,ukmo_seamless,h0,22.2,24
2024-03-28,meteofrance_seamless,h0,22.0,24
2024-03-28,gem_seamless,h0,23.9,24
2024-03-28,ecmwf_ifs025,h0,22.8,24
2024-03-29,icon_seamless,h24,26.7,24
2024-03-29,meteofrance_seamless,h24,24.6,24
2024-03-29,gem_seamless,h24,26.5,24
2024-03-29,ecmwf_ifs025,h24,25.9,24
2024-03-29,icon_seamless,h0,27.9,24
2024-03-29,ukmo_seamless,h0,27.6,24
2024-03-29,meteofrance_seamless,h0,26.3,24
2024-03-29,gem_seamless,h0,27.0,24
2024-03-29,ecmwf_ifs025,h0,26.6,24
2024-03-30,icon_seamless,h24,29.5,24
2024-03-30,meteofrance_seamless,h24,28.3,24
2024-03-30,gem_seamless,h24,28.8,24
2024-03-30,ecmwf_ifs025,h24,27.5,24
2024-03-30,icon_seamless,h0,30.0,24
2024-03-30,ukmo_seamless,h0,29.4,24
2024-03-30,meteofrance_seamless,h0,29.0,24
2024-03-30,gem_seamless,h0,31.3,24
2024-03-30,ecmwf_ifs025,h0,29.2,24
2024-01-01,jma_seamless,h24,9.9,24
2024-01-01,jma_gsm,h24,9.9,24
2024-01-01,gfs_seamless,h0,11.2,24
2024-01-01,cma_grapes_global,h0,9.7,24
2024-01-01,jma_seamless,h0,10.5,24
2024-01-01,knmi_seamless,h0,11.3,24
2024-01-01,jma_gsm,h0,10.5,24
2024-01-02,jma_seamless,h24,8.1,24
2024-01-02,jma_gsm,h24,8.1,24
2024-01-02,gfs_seamless,h0,7.6,24
2024-01-02,cma_grapes_global,h0,6.4,24
2024-01-02,jma_seamless,h0,6.1,24
2024-01-02,knmi_seamless,h0,6.5,24
2024-01-02,jma_gsm,h0,6.1,24
2024-01-03,jma_seamless,h24,11.2,24
2024-01-03,jma_gsm,h24,11.2,24
2024-01-03,gfs_seamless,h0,11.5,24
2024-01-03,cma_grapes_global,h0,9.9,24
2024-01-03,jma_seamless,h0,9.9,24
2024-01-03,knmi_seamless,h0,8.8,24
2024-01-03,jma_gsm,h0,9.9,24
2024-01-04,jma_seamless,h24,12.1,24
2024-01-04,jma_gsm,h24,12.1,24
2024-01-04,gfs_seamless,h0,13.2,24
2024-01-04,cma_grapes_global,h0,12.2,24
2024-01-04,jma_seamless,h0,12.5,24
2024-01-04,knmi_seamless,h0,12.9,24
2024-01-04,jma_gsm,h0,12.5,24
2024-01-05,jma_seamless,h24,13.3,24
2024-01-05,jma_gsm,h24,13.3,24
2024-01-05,gfs_seamless,h0,14.3,24
2024-01-05,cma_grapes_global,h0,13.7,24
2024-01-05,jma_seamless,h0,13.5,24
2024-01-05,knmi_seamless,h0,13.9,24
2024-01-05,jma_gsm,h0,13.5,24
2024-01-06,jma_seamless,h24,14.1,24
2024-01-06,jma_gsm,h24,14.1,24
2024-01-06,gfs_seamless,h0,15.4,24
2024-01-06,cma_grapes_global,h0,13.5,24
2024-01-06,jma_seamless,h0,14.4,24
2024-01-06,knmi_seamless,h0,15.4,24
2024-01-06,jma_gsm,h0,14.4,24
2024-01-07,jma_seamless,h24,9.8,24
2024-01-07,jma_gsm,h24,9.8,24
2024-01-07,gfs_seamless,h0,12.3,24
2024-01-07,cma_grapes_global,h0,11.3,24
2024-01-07,jma_seamless,h0,11.5,24
2024-01-07,knmi_seamless,h0,11.8,24
2024-01-07,jma_gsm,h0,11.5,24
2024-01-08,jma_seamless,h24,9.8,24
2024-01-08,jma_gsm,h24,9.8,24
2024-01-08,gfs_seamless,h0,11.3,24
2024-01-08,cma_grapes_global,h0,9.6,24
2024-01-08,jma_seamless,h0,10.8,24
2024-01-08,knmi_seamless,h0,11.6,24
2024-01-08,jma_gsm,h0,10.8,24
2024-01-09,jma_seamless,h24,13.9,24
2024-01-09,jma_gsm,h24,13.9,24
2024-01-09,gfs_seamless,h0,13.9,24
2024-01-09,cma_grapes_global,h0,12.5,24
2024-01-09,jma_seamless,h0,13.3,24
2024-01-09,knmi_seamless,h0,13.3,24
2024-01-09,jma_gsm,h0,13.3,24
2024-01-10,jma_seamless,h24,9.6,24
2024-01-10,jma_gsm,h24,9.6,24
2024-01-10,gfs_seamless,h0,11.8,24
2024-01-10,cma_grapes_global,h0,10.2,24
2024-01-10,jma_seamless,h0,11.0,24
2024-01-10,knmi_seamless,h0,11.8,24
2024-01-10,jma_gsm,h0,11.0,24
2024-01-11,jma_seamless,h24,13.7,24
2024-01-11,jma_gsm,h24,13.7,24
2024-01-11,gfs_seamless,h0,16.1,24
2024-01-11,cma_grapes_global,h0,14.3,24
2024-01-11,jma_seamless,h0,14.6,24
2024-01-11,knmi_seamless,h0,15.5,24
2024-01-11,jma_gsm,h0,14.6,24
2024-01-12,jma_seamless,h24,15.0,24
2024-01-12,jma_gsm,h24,15.0,24
2024-01-12,gfs_seamless,h0,17.0,24
2024-01-12,cma_grapes_global,h0,14.4,24
2024-01-12,jma_seamless,h0,14.8,24
2024-01-12,knmi_seamless,h0,16.5,24
2024-01-12,jma_gsm,h0,14.8,24
2024-01-13,jma_seamless,h24,17.2,24
2024-01-13,jma_gsm,h24,17.2,24
2024-01-13,gfs_seamless,h0,19.5,24
2024-01-13,cma_grapes_global,h0,17.7,24
2024-01-13,jma_seamless,h0,17.9,24
2024-01-13,knmi_seamless,h0,18.9,24
2024-01-13,jma_gsm,h0,17.9,24
2024-01-14,jma_seamless,h24,13.8,24
2024-01-14,jma_gsm,h24,13.8,24
2024-01-14,gfs_seamless,h0,13.3,24
2024-01-14,cma_grapes_global,h0,15.2,24
2024-01-14,jma_seamless,h0,13.2,24
2024-01-14,knmi_seamless,h0,14.4,24
2024-01-14,jma_gsm,h0,13.2,24
2024-01-15,jma_seamless,h24,8.3,24
2024-01-15,jma_gsm,h24,8.3,24
2024-01-15,gfs_seamless,h0,10.5,24
2024-01-15,cma_grapes_global,h0,8.8,24
2024-01-15,jma_seamless,h0,9.5,24
2024-01-15,knmi_seamless,h0,11.4,24
2024-01-15,jma_gsm,h0,9.5,24
2024-01-16,jma_seamless,h24,7.1,24
2024-01-16,jma_gsm,h24,7.1,24
2024-01-16,gfs_seamless,h0,8.2,24
2024-01-16,cma_grapes_global,h0,7.1,24
2024-01-16,jma_seamless,h0,6.5,24
2024-01-16,knmi_seamless,h0,6.8,24
2024-01-16,jma_gsm,h0,6.5,24
2024-01-17,jma_seamless,h24,7.6,24
2024-01-17,jma_gsm,h24,7.6,24
2024-01-17,gfs_seamless,h0,5.6,24
2024-01-17,cma_grapes_global,h0,5.5,24
2024-01-17,jma_seamless,h0,6.1,24
2024-01-17,knmi_seamless,h0,6.3,24
2024-01-17,jma_gsm,h0,6.1,24
2024-01-18,jma_seamless,h24,6.0,24
2024-01-18,jma_gsm,h24,6.0,24
2024-01-18,gfs_seamless,h0,5.6,24
2024-01-18,cma_grapes_global,h0,7.0,24
2024-01-18,jma_seamless,h0,5.7,24
2024-01-18,knmi_seamless,h0,6.9,24
2024-01-18,jma_gsm,h0,5.7,24
2024-01-19,jma_seamless,h24,5.5,24
2024-01-19,jma_gsm,h24,5.5,24
2024-01-19,gfs_seamless,h0,4.2,24
2024-01-19,cma_grapes_global,h0,6.5,24
2024-01-19,jma_seamless,h0,5.3,24
2024-01-19,knmi_seamless,h0,6.1,24
2024-01-19,jma_gsm,h0,5.3,24
2024-01-19,gfs_seamless,h24,2.7,4
2024-01-19,cma_grapes_global,h24,3.5,4
2024-01-20,gfs_seamless,h24,6.7,24
2024-01-20,cma_grapes_global,h24,4.3,24
2024-01-20,jma_seamless,h24,6.6,24
2024-01-20,jma_gsm,h24,6.6,24
2024-01-20,gfs_seamless,h0,6.8,24
2024-01-20,cma_grapes_global,h0,5.6,24
2024-01-20,jma_seamless,h0,6.8,24
2024-01-20,knmi_seamless,h0,7.0,24
2024-01-20,jma_gsm,h0,6.8,24
2024-01-21,gfs_seamless,h24,6.5,24
2024-01-21,cma_grapes_global,h24,4.9,24
2024-01-21,jma_seamless,h24,6.5,24
2024-01-21,jma_gsm,h24,6.5,24
2024-01-21,gfs_seamless,h0,6.7,24
2024-01-21,cma_grapes_global,h0,5.7,24
2024-01-21,jma_seamless,h0,5.6,24
2024-01-21,knmi_seamless,h0,6.6,24
2024-01-21,jma_gsm,h0,5.6,24
2024-01-22,gfs_seamless,h24,1.9,24
2024-01-22,cma_grapes_global,h24,0.6,24
2024-01-22,jma_seamless,h24,1.5,24
2024-01-22,jma_gsm,h24,1.5,24
2024-01-22,gfs_seamless,h0,1.3,24
2024-01-22,cma_grapes_global,h0,2.0,24
2024-01-22,jma_seamless,h0,1.5,24
2024-01-22,knmi_seamless,h0,1.1,24
2024-01-22,jma_gsm,h0,1.5,24
2024-01-23,gfs_seamless,h24,2.0,24
2024-01-23,cma_grapes_global,h24,0.2,24
2024-01-23,jma_seamless,h24,1.4,24
2024-01-23,jma_gsm,h24,1.4,24
2024-01-23,gfs_seamless,h0,1.3,24
2024-01-23,cma_grapes_global,h0,1.7,24
2024-01-23,jma_seamless,h0,1.0,24
2024-01-23,knmi_seamless,h0,1.9,24
2024-01-23,jma_gsm,h0,1.0,24
2024-01-24,gfs_seamless,h24,4.6,24
2024-01-24,cma_grapes_global,h24,4.0,24
2024-01-24,jma_seamless,h24,4.1,24
2024-01-24,jma_gsm,h24,4.1,24
2024-01-24,gfs_seamless,h0,4.3,24
2024-01-24,cma_grapes_global,h0,3.7,24
2024-01-24,jma_seamless,h0,4.2,24
2024-01-24,knmi_seamless,h0,5.3,24
2024-01-24,jma_gsm,h0,4.2,24
2024-01-25,gfs_seamless,h24,7.0,24
2024-01-25,cma_grapes_global,h24,5.9,24
2024-01-25,jma_seamless,h24,7.1,24
2024-01-25,jma_gsm,h24,7.1,24
2024-01-25,gfs_seamless,h0,6.8,24
2024-01-25,cma_grapes_global,h0,6.6,24
2024-01-25,jma_seamless,h0,7.7,24
2024-01-25,knmi_seamless,h0,7.4,24
2024-01-25,jma_gsm,h0,7.7,24
2024-01-26,gfs_seamless,h24,8.7,24
2024-01-26,cma_grapes_global,h24,7.7,24
2024-01-26,jma_seamless,h24,8.2,24
2024-01-26,jma_gsm,h24,8.2,24
2024-01-26,gfs_seamless,h0,8.5,24
2024-01-26,cma_grapes_global,h0,7.6,24
2024-01-26,jma_seamless,h0,8.8,24
2024-01-26,knmi_seamless,h0,7.3,24
2024-01-26,jma_gsm,h0,8.8,24
2024-01-27,gfs_seamless,h24,10.1,24
2024-01-27,cma_grapes_global,h24,8.8,24
2024-01-27,jma_seamless,h24,10.2,24
2024-01-27,jma_gsm,h24,10.2,24
2024-01-27,gfs_seamless,h0,9.9,24
2024-01-27,cma_grapes_global,h0,9.3,24
2024-01-27,jma_seamless,h0,10.5,24
2024-01-27,knmi_seamless,h0,10.4,24
2024-01-27,jma_gsm,h0,10.5,24
2024-01-28,gfs_seamless,h24,11.1,24
2024-01-28,cma_grapes_global,h24,9.2,24
2024-01-28,jma_seamless,h24,10.5,24
2024-01-28,jma_gsm,h24,10.5,24
2024-01-28,gfs_seamless,h0,10.8,24
2024-01-28,cma_grapes_global,h0,10.3,24
2024-01-28,jma_seamless,h0,11.8,24
2024-01-28,knmi_seamless,h0,11.1,24
2024-01-28,jma_gsm,h0,11.8,24
2024-01-29,gfs_seamless,h24,8.6,24
2024-01-29,cma_grapes_global,h24,11.7,24
2024-01-29,jma_seamless,h24,12.3,24
2024-01-29,jma_gsm,h24,12.3,24
2024-01-29,gfs_seamless,h0,10.6,24
2024-01-29,cma_grapes_global,h0,11.2,24
2024-01-29,jma_seamless,h0,13.2,24
2024-01-29,knmi_seamless,h0,12.9,24
2024-01-29,jma_gsm,h0,13.2,24
2024-01-30,gfs_seamless,h24,9.7,24
2024-01-30,cma_grapes_global,h24,12.5,24
2024-01-30,jma_seamless,h24,11.9,24
2024-01-30,jma_gsm,h24,11.9,24
2024-01-30,gfs_seamless,h0,10.2,24
2024-01-30,cma_grapes_global,h0,11.9,24
2024-01-30,jma_seamless,h0,12.5,24
2024-01-30,knmi_seamless,h0,11.3,24
2024-01-30,jma_gsm,h0,12.5,24
2024-01-31,gfs_seamless,h24,9.5,24
2024-01-31,cma_grapes_global,h24,11.7,24
2024-01-31,jma_seamless,h24,11.0,24
2024-01-31,jma_gsm,h24,11.0,24
2024-01-31,gfs_seamless,h0,9.7,24
2024-01-31,cma_grapes_global,h0,10.1,24
2024-01-31,jma_seamless,h0,11.1,24
2024-01-31,knmi_seamless,h0,11.8,24
2024-01-31,jma_gsm,h0,11.1,24
2024-02-01,gfs_seamless,h24,8.1,24
2024-02-01,cma_grapes_global,h24,8.4,24
2024-02-01,jma_seamless,h24,9.8,24
2024-02-01,jma_gsm,h24,9.8,24
2024-02-01,gfs_seamless,h0,6.8,24
2024-02-01,cma_grapes_global,h0,5.9,24
2024-02-01,jma_seamless,h0,8.5,24
2024-02-01,knmi_seamless,h0,7.5,24
2024-02-01,jma_gsm,h0,8.5,24
2024-02-02,gfs_seamless,h24,0.3,24
2024-02-02,cma_grapes_global,h24,2.6,24
2024-02-02,jma_seamless,h24,0.8,24
2024-02-02,jma_gsm,h24,0.8,24
2024-02-02,gfs_seamless,h0,-0.5,24
2024-02-02,cma_grapes_global,h0,3.5,24
2024-02-02,jma_seamless,h0,0.7,24
2024-02-02,knmi_seamless,h0,1.3,24
2024-02-02,jma_gsm,h0,0.7,24
2024-02-03,gfs_seamless,h24,-0.5,24
2024-02-03,cma_grapes_global,h24,2.6,24
2024-02-03,jma_seamless,h24,0.7,24
2024-02-03,jma_gsm,h24,0.7,24
2024-02-03,gfs_seamless,h0,-0.6,24
2024-02-03,cma_grapes_global,h0,2.7,24
2024-02-03,jma_seamless,h0,1.2,24
2024-02-03,knmi_seamless,h0,1.4,24
2024-02-03,jma_gsm,h0,1.2,24
2024-02-04,gfs_seamless,h24,-0.0,24
2024-02-04,cma_grapes_global,h24,2.2,24
2024-02-04,jma_seamless,h24,1.7,24
2024-02-04,jma_gsm,h24,1.7,24
2024-02-04,gfs_seamless,h0,-0.3,24
2024-02-04,cma_grapes_global,h0,2.9,24
2024-02-04,jma_seamless,h0,0.8,24
2024-02-04,knmi_seamless,h0,-0.8,24
2024-02-04,jma_gsm,h0,0.8,24
2024-02-04,knmi_seamless,h24,-0.7,16
2024-02-05,gfs_seamless,h24,-0.1,24
2024-02-05,cma_grapes_global,h24,5.1,24
2024-02-05,jma_seamless,h24,2.0,24
2024-02-05,knmi_seamless,h24,-1.2,24
2024-02-05,jma_gsm,h24,2.0,24
2024-02-05,gfs_seamless,h0,1.0,24
2024-02-05,cma_grapes_global,h0,2.9,24
2024-02-05,jma_seamless,h0,1.7,24
2024-02-05,knmi_seamless,h0,-0.7,24
2024-02-05,jma_gsm,h0,1.7,24
2024-02-06,gfs_seamless,h24,0.4,24
2024-02-06,cma_grapes_global,h24,5.2,24
2024-02-06,jma_seamless,h24,1.0,24
2024-02-06,knmi_seamless,h24,-0.7,24
2024-02-06,jma_gsm,h24,1.0,24
2024-02-06,gfs_seamless,h0,0.7,24
2024-02-06,cma_grapes_global,h0,3.8,24
2024-02-06,jma_seamless,h0,1.7,24
2024-02-06,knmi_seamless,h0,-0.9,24
2024-02-06,jma_gsm,h0,1.7,24
2024-02-07,gfs_seamless,h24,3.5,24
2024-02-07,cma_grapes_global,h24,7.3,24
2024-02-07,jma_seamless,h24,6.0,24
2024-02-07,knmi_seamless,h24,2.3,24
2024-02-07,jma_gsm,h24,6.0,24
2024-02-07,gfs_seamless,h0,3.6,24
2024-02-07,cma_grapes_global,h0,6.5,24
2024-02-07,jma_seamless,h0,5.8,24
2024-02-07,knmi_seamless,h0,3.8,24
2024-02-07,jma_gsm,h0,5.8,24
2024-02-08,gfs_seamless,h24,6.5,24
2024-02-08,cma_grapes_global,h24,8.0,24
2024-02-08,jma_seamless,h24,8.4,24
2024-02-08,knmi_seamless,h24,6.9,24
2024-02-08,jma_gsm,h24,8.4,24
2024-02-08,gfs_seamless,h0,6.0,24
2024-02-08,cma_grapes_global,h0,6.3,24
2024-02-08,jma_seamless,h0,8.0,24
2024-02-08,knmi_seamless,h0,6.2,24
2024-02-08,jma_gsm,h0,8.0,24
2024-02-09,gfs_seamless,h24,10.6,24
2024-02-09,cma_grapes_global,h24,10.5,24
2024-02-09,jma_seamless,h24,12.6,24
2024-02-09,knmi_seamless,h24,10.4,24
2024-02-09,jma_gsm,h24,12.6,24
2024-02-09,gfs_seamless,h0,9.8,24
2024-02-09,cma_grapes_global,h0,9.0,24
2024-02-09,jma_seamless,h0,11.5,24
2024-02-09,knmi_seamless,h0,10.3,24
2024-02-09,jma_gsm,h0,11.5,24
2024-02-10,gfs_seamless,h24,14.5,24
2024-02-10,cma_grapes_global,h24,11.8,24
2024-02-10,jma_seamless,h24,14.9,24
2024-02-10,knmi_seamless,h24,14.6,24
2024-02-10,jma_gsm,h24,14.9,24
2024-02-10,gfs_seamless,h0,13.5,24
2024-02-10,cma_grapes_global,h0,13.0,24
2024-02-10,jma_seamless,h0,14.1,24
2024-02-10,knmi_seamless,h0,14.5,24
2024-02-10,jma_gsm,h0,14.1,24
2024-02-11,gfs_seamless,h24,15.6,24
2024-02-11,cma_grapes_global,h24,13.1,24
2024-02-11,jma_seamless,h24,15.9,24
2024-02-11,knmi_seamless,h24,15.8,24
2024-02-11,jma_gsm,h24,15.9,24
2024-02-11,gfs_seamless,h0,15.8,24
2024-02-11,cma_grapes_global,h0,15.1,24
2024-02-11,jma_seamless,h0,15.9,24
2024-02-11,knmi_seamless,h0,15.9,24
2024-02-11,jma_gsm,h0,15.9,24
2024-02-12,gfs_seamless,h24,18.0,24
2024-02-12,cma_grapes_global,h24,15.9,24
2024-02-12,jma_seamless,h24,18.7,24
2024-02-12,knmi_seamless,h24,18.4,24
2024-02-12,jma_gsm,h24,18.7,24
2024-02-12,gfs_seamless,h0,18.5,24
2024-02-12,cma_grapes_global,h0,17.8,24
2024-02-12,jma_seamless,h0,19.8,24
2024-02-12,knmi_seamless,h0,19.3,24
2024-02-12,jma_gsm,h0,19.8,24
2024-02-13,gfs_seamless,h24,21.7,24
2024-02-13,cma_grapes_global,h24,19.2,24
2024-02-13,jma_seamless,h24,20.6,24
2024-02-13,knmi_seamless,h24,20.9,24
2024-02-13,jma_gsm,h24,20.6,24
2024-02-13,gfs_seamless,h0,22.1,24
2024-02-13,cma_grapes_global,h0,20.3,24
2024-02-13,jma_seamless,h0,21.2,24
2024-02-13,knmi_seamless,h0,21.7,24
2024-02-13,jma_gsm,h0,21.2,24
2024-02-14,gfs_seamless,h24,23.0,24
2024-02-14,cma_grapes_global,h24,20.5,24
2024-02-14,jma_seamless,h24,20.4,24
2024-02-14,knmi_seamless,h24,21.9,24
2024-02-14,jma_gsm,h24,20.4,24
2024-02-14,gfs_seamless,h0,22.7,24
2024-02-14,cma_grapes_global,h0,21.9,24
2024-02-14,jma_seamless,h0,21.3,24
2024-02-14,knmi_seamless,h0,22.5,24
2024-02-14,jma_gsm,h0,21.3,24
2024-02-15,gfs_seamless,h24,12.7,24
2024-02-15,cma_grapes_global,h24,14.6,24
2024-02-15,jma_seamless,h24,12.1,24
2024-02-15,knmi_seamless,h24,13.7,24
2024-02-15,jma_gsm,h24,12.1,24
2024-02-15,gfs_seamless,h0,13.4,24
2024-02-15,cma_grapes_global,h0,11.3,24
2024-02-15,jma_seamless,h0,13.7,24
2024-02-15,knmi_seamless,h0,13.4,24
2024-02-15,jma_gsm,h0,13.7,24
2024-02-16,gfs_seamless,h24,14.6,24
2024-02-16,cma_grapes_global,h24,10.4,24
2024-02-16,jma_seamless,h24,14.1,24
2024-02-16,knmi_seamless,h24,12.4,24
2024-02-16,jma_gsm,h24,14.1,24
2024-02-16,gfs_seamless,h0,14.2,24
2024-02-16,cma_grapes_global,h0,12.4,24
2024-02-16,jma_seamless,h0,13.4,24
2024-02-16,knmi_seamless,h0,13.5,24
2024-02-16,jma_gsm,h0,13.4,24
2024-02-17,gfs_seamless,h24,19.6,24
2024-02-17,cma_grapes_global,h24,15.3,24
2024-02-17,jma_seamless,h24,18.1,24
2024-02-17,knmi_seamless,h24,18.1,24
2024-02-17,jma_gsm,h24,18.1,24
2024-02-17,gfs_seamless,h0,17.5,24
2024-02-17,cma_grapes_global,h0,15.5,24
2024-02-17,jma_seamless,h0,18.5,24
2024-02-17,knmi_seamless,h0,18.0,24
2024-02-17,jma_gsm,h0,18.5,24
2024-02-18,gfs_seamless,h24,25.5,24
2024-02-18,cma_grapes_global,h24,21.2,24
2024-02-18,jma_seamless,h24,22.8,24
2024-02-18,knmi_seamless,h24,24.3,24
2024-02-18,jma_gsm,h24,22.8,24
2024-02-18,gfs_seamless,h0,24.8,24
2024-02-18,cma_grapes_global,h0,21.5,24
2024-02-18,jma_seamless,h0,22.0,24
2024-02-18,knmi_seamless,h0,21.4,24
2024-02-18,jma_gsm,h0,22.0,24
2024-02-19,gfs_seamless,h24,15.7,24
2024-02-19,cma_grapes_global,h24,15.5,24
2024-02-19,jma_seamless,h24,16.9,24
2024-02-19,knmi_seamless,h24,15.9,24
2024-02-19,jma_gsm,h24,16.9,24
2024-02-19,gfs_seamless,h0,16.4,24
2024-02-19,cma_grapes_global,h0,15.6,24
2024-02-19,jma_seamless,h0,16.3,24
2024-02-19,knmi_seamless,h0,16.0,24
2024-02-19,jma_gsm,h0,16.3,24
2024-02-20,gfs_seamless,h24,7.2,24
2024-02-20,cma_grapes_global,h24,5.4,24
2024-02-20,jma_seamless,h24,8.6,24
2024-02-20,knmi_seamless,h24,7.3,24
2024-02-20,jma_gsm,h24,8.6,24
2024-02-20,gfs_seamless,h0,6.3,24
2024-02-20,cma_grapes_global,h0,6.3,24
2024-02-20,jma_seamless,h0,7.2,24
2024-02-20,knmi_seamless,h0,6.5,24
2024-02-20,jma_gsm,h0,7.2,24
2024-02-21,gfs_seamless,h24,1.4,24
2024-02-21,cma_grapes_global,h24,0.6,24
2024-02-21,jma_seamless,h24,2.7,24
2024-02-21,knmi_seamless,h24,1.1,24
2024-02-21,jma_gsm,h24,2.7,24
2024-02-21,gfs_seamless,h0,1.0,24
2024-02-21,cma_grapes_global,h0,3.6,24
2024-02-21,jma_seamless,h0,1.8,24
2024-02-21,knmi_seamless,h0,1.3,24
2024-02-21,jma_gsm,h0,1.8,24
2024-02-22,gfs_seamless,h24,-2.9,24
2024-02-22,cma_grapes_global,h24,-0.8,24
2024-02-22,jma_seamless,h24,-1.1,24
2024-02-22,knmi_seamless,h24,-1.2,24
2024-02-22,jma_gsm,h24,-1.1,24
2024-02-22,gfs_seamless,h0,-3.3,24
2024-02-22,cma_grapes_global,h0,0.7,24
2024-02-22,jma_seamless,h0,-0.8,24
2024-02-22,knmi_seamless,h0,-1.2,24
2024-02-22,jma_gsm,h0,-0.8,24
2024-02-23,gfs_seamless,h24,-1.4,24
2024-02-23,cma_grapes_global,h24,4.2,24
2024-02-23,jma_seamless,h24,3.0,24
2024-02-23,knmi_seamless,h24,0.7,24
2024-02-23,jma_gsm,h24,3.0,24
2024-02-23,gfs_seamless,h0,-2.0,24
2024-02-23,cma_grapes_global,h0,5.3,24
2024-02-23,jma_seamless,h0,2.3,24
2024-02-23,knmi_seamless,h0,2.2,24
2024-02-23,jma_gsm,h0,2.3,24
2024-02-24,gfs_seamless,h24,-0.9,24
2024-02-24,cma_grapes_global,h24,4.9,24
2024-02-24,jma_seamless,h24,2.0,24
2024-02-24,knmi_seamless,h24,1.2,24
2024-02-24,jma_gsm,h24,2.0,24
2024-02-24,gfs_seamless,h0,-0.2,24
2024-02-24,cma_grapes_global,h0,3.5,24
2024-02-24,jma_seamless,h0,1.9,24
2024-02-24,knmi_seamless,h0,3.3,24
2024-02-24,jma_gsm,h0,1.9,24
2024-02-25,gfs_seamless,h24,3.4,24
2024-02-25,cma_grapes_global,h24,8.6,24
2024-02-25,jma_seamless,h24,7.6,24
2024-02-25,knmi_seamless,h24,8.7,24
2024-02-25,jma_gsm,h24,7.6,24
2024-02-25,gfs_seamless,h0,5.2,24
2024-02-25,cma_grapes_global,h0,5.2,24
2024-02-25,jma_seamless,h0,7.4,24
2024-02-25,knmi_seamless,h0,7.1,24
2024-02-25,jma_gsm,h0,7.4,24
2024-02-26,gfs_seamless,h24,4.1,24
2024-02-26,cma_grapes_global,h24,8.9,24
2024-02-26,jma_seamless,h24,7.5,24
2024-02-26,knmi_seamless,h24,7.4,24
2024-02-26,jma_gsm,h24,7.5,24
2024-02-26,gfs_seamless,h0,5.4,24
2024-02-26,cma_grapes_global,h0,6.5,24
2024-02-26,jma_seamless,h0,7.0,24
2024-02-26,knmi_seamless,h0,6.3,24
2024-02-26,jma_gsm,h0,7.0,24
2024-02-27,gfs_seamless,h24,9.5,24
2024-02-27,cma_grapes_global,h24,9.2,24
2024-02-27,jma_seamless,h24,10.3,24
2024-02-27,knmi_seamless,h24,10.2,24
2024-02-27,jma_gsm,h24,10.3,24
2024-02-27,gfs_seamless,h0,9.1,24
2024-02-27,cma_grapes_global,h0,8.5,24
2024-02-27,jma_seamless,h0,9.4,24
2024-02-27,knmi_seamless,h0,9.6,24
2024-02-27,jma_gsm,h0,9.4,24
2024-02-28,gfs_seamless,h24,7.9,24
2024-02-28,cma_grapes_global,h24,9.9,24
2024-02-28,jma_seamless,h24,12.7,24
2024-02-28,knmi_seamless,h24,11.0,24
2024-02-28,jma_gsm,h24,12.7,24
2024-02-28,gfs_seamless,h0,9.2,24
2024-02-28,cma_grapes_global,h0,8.6,24
2024-02-28,jma_seamless,h0,10.6,24
2024-02-28,knmi_seamless,h0,9.1,24
2024-02-28,jma_gsm,h0,10.6,24
2024-02-29,gfs_seamless,h24,10.9,24
2024-02-29,cma_grapes_global,h24,9.6,24
2024-02-29,jma_seamless,h24,11.3,24
2024-02-29,knmi_seamless,h24,10.8,24
2024-02-29,jma_gsm,h24,11.3,24
2024-02-29,gfs_seamless,h0,8.2,24
2024-02-29,cma_grapes_global,h0,9.2,24
2024-02-29,jma_seamless,h0,10.0,24
2024-02-29,knmi_seamless,h0,8.7,24
2024-02-29,jma_gsm,h0,10.0,24
2024-03-01,gfs_seamless,h24,8.4,24
2024-03-01,cma_grapes_global,h24,8.5,24
2024-03-01,jma_seamless,h24,9.6,24
2024-03-01,knmi_seamless,h24,9.1,24
2024-03-01,jma_gsm,h24,9.6,24
2024-03-01,gfs_seamless,h0,8.0,24
2024-03-01,cma_grapes_global,h0,9.4,24
2024-03-01,jma_seamless,h0,9.5,24
2024-03-01,knmi_seamless,h0,8.4,24
2024-03-01,jma_gsm,h0,9.5,24
2024-03-02,gfs_seamless,h24,11.9,24
2024-03-02,cma_grapes_global,h24,11.2,24
2024-03-02,jma_seamless,h24,12.3,24
2024-03-02,knmi_seamless,h24,12.0,24
2024-03-02,jma_gsm,h24,12.3,24
2024-03-02,gfs_seamless,h0,11.9,24
2024-03-02,cma_grapes_global,h0,10.0,24
2024-03-02,jma_seamless,h0,12.0,24
2024-03-02,knmi_seamless,h0,10.9,24
2024-03-02,jma_gsm,h0,12.0,24
2024-03-03,gfs_seamless,h24,15.4,24
2024-03-03,cma_grapes_global,h24,13.9,24
2024-03-03,jma_seamless,h24,15.3,24
2024-03-03,knmi_seamless,h24,14.4,24
2024-03-03,jma_gsm,h24,15.3,24
2024-03-03,gfs_seamless,h0,15.4,24
2024-03-03,cma_grapes_global,h0,12.8,24
2024-03-03,jma_seamless,h0,14.3,24
2024-03-03,knmi_seamless,h0,14.2,24
2024-03-03,jma_gsm,h0,14.3,24
2024-03-04,gfs_seamless,h24,11.7,24
2024-03-04,cma_grapes_global,h24,12.6,24
2024-03-04,jma_seamless,h24,12.9,24
2024-03-04,knmi_seamless,h24,12.6,24
2024-03-04,jma_gsm,h24,12.9,24
2024-03-04,gfs_seamless,h0,11.2,24
2024-03-04,cma_grapes_global,h0,13.2,24
2024-03-04,jma_seamless,h0,12.9,24
2024-03-04,knmi_seamless,h0,11.9,24
2024-03-04,jma_gsm,h0,12.9,24
2024-03-05,gfs_seamless,h24,10.8,24
2024-03-05,cma_grapes_global,h24,12.8,24
2024-03-05,jma_seamless,h24,11.4,24
2024-03-05,knmi_seamless,h24,13.4,24
2024-03-05,jma_gsm,h24,11.4,24
2024-03-05,gfs_seamless,h0,10.2,24
2024-03-05,cma_grapes_global,h0,11.1,24
2024-03-05,jma_seamless,h0,13.2,24
2024-03-05,knmi_seamless,h0,13.6,24
2024-03-05,jma_gsm,h0,13.2,24
2024-03-06,gfs_seamless,h24,11.9,24
2024-03-06,cma_grapes_global,h24,12.1,24
2024-03-06,jma_seamless,h24,13.7,24
2024-03-06,knmi_seamless,h24,12.1,24
2024-03-06,jma_gsm,h24,13.7,24
2024-03-06,gfs_seamless,h0,10.7,24
2024-03-06,cma_grapes_global,h0,11.4,24
2024-03-06,jma_seamless,h0,13.0,24
2024-03-06,knmi_seamless,h0,12.1,24
2024-03-06,jma_gsm,h0,13.0,24
2024-03-07,gfs_seamless,h24,15.8,24
2024-03-07,cma_grapes_global,h24,14.1,24
2024-03-07,jma_seamless,h24,15.0,24
2024-03-07,knmi_seamless,h24,15.2,24
2024-03-07,jma_gsm,h24,15.0,24
2024-03-07,gfs_seamless,h0,15.9,24
2024-03-07,cma_grapes_global,h0,13.3,24
2024-03-07,jma_seamless,h0,14.7,24
2024-03-07,knmi_seamless,h0,15.1,24
2024-03-07,jma_gsm,h0,14.7,24
2024-03-08,gfs_seamless,h24,15.1,24
2024-03-08,cma_grapes_global,h24,12.4,24
2024-03-08,jma_seamless,h24,14.9,24
2024-03-08,knmi_seamless,h24,15.0,24
2024-03-08,jma_gsm,h24,14.9,24
2024-03-08,gfs_seamless,h0,15.8,24
2024-03-08,cma_grapes_global,h0,14.7,24
2024-03-08,jma_seamless,h0,16.2,24
2024-03-08,knmi_seamless,h0,15.9,24
2024-03-08,jma_gsm,h0,16.2,24
2024-03-09,gfs_seamless,h24,16.3,24
2024-03-09,cma_grapes_global,h24,14.1,24
2024-03-09,jma_seamless,h24,15.5,24
2024-03-09,knmi_seamless,h24,14.6,24
2024-03-09,jma_gsm,h24,15.5,24
2024-03-09,gfs_seamless,h0,16.4,24
2024-03-09,cma_grapes_global,h0,14.8,24
2024-03-09,jma_seamless,h0,16.2,24
2024-03-09,knmi_seamless,h0,15.2,24
2024-03-09,jma_gsm,h0,16.2,24
2024-03-10,gfs_seamless,h24,17.6,24
2024-03-10,cma_grapes_global,h24,16.2,24
2024-03-10,jma_seamless,h24,18.1,24
2024-03-10,knmi_seamless,h24,17.1,24
2024-03-10,jma_gsm,h24,18.1,24
2024-03-10,gfs_seamless,h0,18.6,24
2024-03-10,cma_grapes_global,h0,16.4,24
2024-03-10,jma_seamless,h0,18.4,24
2024-03-10,knmi_seamless,h0,17.8,24
2024-03-10,jma_gsm,h0,18.4,24
2024-03-11,gfs_seamless,h24,21.1,24
2024-03-11,cma_grapes_global,h24,18.9,24
2024-03-11,jma_seamless,h24,20.3,24
2024-03-11,knmi_seamless,h24,20.1,24
2024-03-11,jma_gsm,h24,20.3,24
2024-03-11,gfs_seamless,h0,21.5,24
2024-03-11,cma_grapes_global,h0,18.8,24
2024-03-11,jma_seamless,h0,20.3,24
2024-03-11,knmi_seamless,h0,20.6,24
2024-03-11,jma_gsm,h0,20.3,24
2024-03-12,gfs_seamless,h24,19.9,24
2024-03-12,cma_grapes_global,h24,17.6,24
2024-03-12,jma_seamless,h24,19.9,24
2024-03-12,knmi_seamless,h24,19.6,24
2024-03-12,jma_gsm,h24,19.9,24
2024-03-12,gfs_seamless,h0,21.4,24
2024-03-12,cma_grapes_global,h0,20.4,24
2024-03-12,jma_seamless,h0,21.0,24
2024-03-12,knmi_seamless,h0,21.2,24
2024-03-12,jma_gsm,h0,21.0,24
2024-03-13,gfs_seamless,h24,15.1,24
2024-03-13,cma_grapes_global,h24,16.2,24
2024-03-13,jma_seamless,h24,14.8,24
2024-03-13,knmi_seamless,h24,14.2,24
2024-03-13,jma_gsm,h24,14.8,24
2024-03-13,gfs_seamless,h0,19.3,24
2024-03-13,cma_grapes_global,h0,16.5,24
2024-03-13,jma_seamless,h0,18.9,24
2024-03-13,knmi_seamless,h0,17.4,24
2024-03-13,jma_gsm,h0,18.9,24
2024-03-14,gfs_seamless,h24,19.0,24
2024-03-14,cma_grapes_global,h24,19.2,24
2024-03-14,jma_seamless,h24,18.4,24
2024-03-14,knmi_seamless,h24,19.4,24
2024-03-14,jma_gsm,h24,18.4,24
2024-03-14,gfs_seamless,h0,19.7,24
2024-03-14,cma_grapes_global,h0,18.3,24
2024-03-14,jma_seamless,h0,18.4,24
2024-03-14,knmi_seamless,h0,19.9,24
2024-03-14,jma_gsm,h0,18.4,24
2024-03-15,gfs_seamless,h24,20.3,24
2024-03-15,cma_grapes_global,h24,19.6,24
2024-03-15,jma_seamless,h24,19.9,24
2024-03-15,knmi_seamless,h24,20.7,24
2024-03-15,jma_gsm,h24,19.9,24
2024-03-15,gfs_seamless,h0,21.8,24
2024-03-15,cma_grapes_global,h0,19.1,24
2024-03-15,jma_seamless,h0,19.8,24
2024-03-15,knmi_seamless,h0,21.1,24
2024-03-15,jma_gsm,h0,19.8,24
2024-03-16,gfs_seamless,h24,18.8,24
2024-03-16,cma_grapes_global,h24,20.2,24
2024-03-16,jma_seamless,h24,20.3,24
2024-03-16,knmi_seamless,h24,21.5,24
2024-03-16,jma_gsm,h24,20.3,24
2024-03-16,gfs_seamless,h0,19.2,24
2024-03-16,cma_grapes_global,h0,20.1,24
2024-03-16,jma_seamless,h0,20.4,24
2024-03-16,knmi_seamless,h0,22.1,24
2024-03-16,jma_gsm,h0,20.4,24
2024-03-17,gfs_seamless,h24,16.5,24
2024-03-17,cma_grapes_global,h24,17.7,24
2024-03-17,jma_seamless,h24,16.3,24
2024-03-17,knmi_seamless,h24,17.5,24
2024-03-17,jma_gsm,h24,16.3,24
2024-03-17,gfs_seamless,h0,17.5,24
2024-03-17,cma_grapes_global,h0,18.2,24
2024-03-17,jma_seamless,h0,17.8,24
2024-03-17,knmi_seamless,h0,17.5,24
2024-03-17,jma_gsm,h0,17.8,24
2024-03-18,gfs_seamless,h24,9.9,24
2024-03-18,cma_grapes_global,h24,10.9,24
2024-03-18,jma_seamless,h24,8.4,24
2024-03-18,knmi_seamless,h24,12.0,24
2024-03-18,jma_gsm,h24,8.4,24
2024-03-18,gfs_seamless,h0,10.9,24
2024-03-18,cma_grapes_global,h0,11.8,24
2024-03-18,jma_seamless,h0,13.0,24
2024-03-18,knmi_seamless,h0,11.8,24
2024-03-18,jma_gsm,h0,13.0,24
2024-03-19,gfs_seamless,h24,18.1,24
2024-03-19,cma_grapes_global,h24,16.5,24
2024-03-19,jma_seamless,h24,19.1,24
2024-03-19,knmi_seamless,h24,17.7,24
2024-03-19,jma_gsm,h24,19.1,24
2024-03-19,gfs_seamless,h0,18.9,24
2024-03-19,cma_grapes_global,h0,18.4,24
2024-03-19,jma_seamless,h0,18.8,24
2024-03-19,knmi_seamless,h0,18.7,24
2024-03-19,jma_gsm,h0,18.8,24
2024-03-20,gfs_seamless,h24,20.6,24
2024-03-20,cma_grapes_global,h24,18.5,24
2024-03-20,jma_seamless,h24,20.3,24
2024-03-20,knmi_seamless,h24,20.3,24
2024-03-20,jma_gsm,h24,20.3,24
2024-03-20,gfs_seamless,h0,21.1,24
2024-03-20,cma_grapes_global,h0,19.4,24
2024-03-20,jma_seamless,h0,20.6,24
2024-03-20,knmi_seamless,h0,20.4,24
2024-03-20,jma_gsm,h0,20.6,24
2024-03-21,gfs_seamless,h24,21.5,24
2024-03-21,cma_grapes_global,h24,20.6,24
2024-03-21,jma_seamless,h24,22.4,24
2024-03-21,knmi_seamless,h24,21.8,24
2024-03-21,jma_gsm,h24,22.4,24
2024-03-21,gfs_seamless,h0,22.8,24
2024-03-21,cma_grapes_global,h0,21.3,24
2024-03-21,jma_seamless,h0,22.8,24
2024-03-21,knmi_seamless,h0,22.1,24
2024-03-21,jma_gsm,h0,22.8,24
2024-03-22,gfs_seamless,h24,26.3,24
2024-03-22,cma_grapes_global,h24,23.7,24
2024-03-22,jma_seamless,h24,24.8,24
2024-03-22,knmi_seamless,h24,25.9,24
2024-03-22,jma_gsm,h24,24.8,24
2024-03-22,gfs_seamless,h0,25.7,24
2024-03-22,cma_grapes_global,h0,24.6,24
2024-03-22,jma_seamless,h0,24.9,24
2024-03-22,knmi_seamless,h0,25.4,24
2024-03-22,jma_gsm,h0,24.9,24
2024-03-23,gfs_seamless,h24,24.7,24
2024-03-23,cma_grapes_global,h24,23.7,24
2024-03-23,jma_seamless,h24,23.9,24
2024-03-23,knmi_seamless,h24,22.2,24
2024-03-23,jma_gsm,h24,23.9,24
2024-03-23,gfs_seamless,h0,28.2,24
2024-03-23,cma_grapes_global,h0,26.9,24
2024-03-23,jma_seamless,h0,23.2,24
2024-03-23,knmi_seamless,h0,22.9,24
2024-03-23,jma_gsm,h0,23.2,24
2024-03-24,gfs_seamless,h24,18.1,24
2024-03-24,cma_grapes_global,h24,19.1,24
2024-03-24,jma_seamless,h24,20.6,24
2024-03-24,knmi_seamless,h24,21.0,24
2024-03-24,jma_gsm,h24,20.6,24
2024-03-24,gfs_seamless,h0,19.0,24
2024-03-24,cma_grapes_global,h0,20.8,24
2024-03-24,jma_seamless,h0,19.4,24
2024-03-24,knmi_seamless,h0,22.4,24
2024-03-24,jma_gsm,h0,19.4,24
2024-03-25,gfs_seamless,h24,16.8,24
2024-03-25,cma_grapes_global,h24,14.8,24
2024-03-25,jma_seamless,h24,16.8,24
2024-03-25,knmi_seamless,h24,15.2,24
2024-03-25,jma_gsm,h24,16.8,24
2024-03-25,gfs_seamless,h0,16.3,24
2024-03-25,cma_grapes_global,h0,14.8,24
2024-03-25,jma_seamless,h0,14.8,24
2024-03-25,knmi_seamless,h0,15.2,24
2024-03-25,jma_gsm,h0,14.8,24
2024-03-26,gfs_seamless,h24,18.0,24
2024-03-26,cma_grapes_global,h24,16.4,24
2024-03-26,jma_seamless,h24,18.2,24
2024-03-26,knmi_seamless,h24,17.0,24
2024-03-26,jma_gsm,h24,18.2,24
2024-03-26,gfs_seamless,h0,17.4,24
2024-03-26,cma_grapes_global,h0,17.1,24
2024-03-26,jma_seamless,h0,17.2,24
2024-03-26,knmi_seamless,h0,17.3,24
2024-03-26,jma_gsm,h0,17.2,24
2024-03-27,gfs_seamless,h24,15.3,24
2024-03-27,cma_grapes_global,h24,15.2,24
2024-03-27,jma_seamless,h24,14.9,24
2024-03-27,knmi_seamless,h24,16.3,24
2024-03-27,jma_gsm,h24,14.9,24
2024-03-27,gfs_seamless,h0,15.5,24
2024-03-27,cma_grapes_global,h0,15.3,24
2024-03-27,jma_seamless,h0,15.6,24
2024-03-27,knmi_seamless,h0,16.9,24
2024-03-27,jma_gsm,h0,15.6,24
2024-03-28,gfs_seamless,h24,23.9,24
2024-03-28,cma_grapes_global,h24,23.2,24
2024-03-28,jma_seamless,h24,25.4,24
2024-03-28,knmi_seamless,h24,23.7,24
2024-03-28,jma_gsm,h24,25.4,24
2024-03-28,gfs_seamless,h0,24.1,24
2024-03-28,cma_grapes_global,h0,21.7,24
2024-03-28,jma_seamless,h0,22.5,24
2024-03-28,knmi_seamless,h0,23.4,24
2024-03-28,jma_gsm,h0,22.5,24
2024-03-29,gfs_seamless,h24,28.3,24
2024-03-29,cma_grapes_global,h24,24.8,24
2024-03-29,jma_seamless,h24,26.4,24
2024-03-29,knmi_seamless,h24,25.9,24
2024-03-29,jma_gsm,h24,26.4,24
2024-03-29,gfs_seamless,h0,28.0,24
2024-03-29,cma_grapes_global,h0,26.3,24
2024-03-29,jma_seamless,h0,26.7,24
2024-03-29,knmi_seamless,h0,26.5,24
2024-03-29,jma_gsm,h0,26.7,24
2024-03-30,gfs_seamless,h24,29.4,24
2024-03-30,cma_grapes_global,h24,27.0,24
2024-03-30,jma_seamless,h24,28.3,24
2024-03-30,knmi_seamless,h24,27.5,24
2024-03-30,jma_gsm,h24,28.3,24
2024-03-30,gfs_seamless,h0,30.3,24
2024-03-30,cma_grapes_global,h0,28.1,24
2024-03-30,jma_seamless,h0,27.2,24
2024-03-30,knmi_seamless,h0,29.1,24
2024-03-30,jma_gsm,h0,27.2,24
2024-03-31,icon_seamless,h24,28.4,24
2024-03-31,meteofrance_seamless,h24,28.4,24
2024-03-31,gem_seamless,h24,26.4,24
2024-03-31,ecmwf_ifs025,h24,26.7,24
2024-03-31,icon_seamless,h0,26.8,24
2024-03-31,ukmo_seamless,h0,26.2,24
2024-03-31,meteofrance_seamless,h0,26.5,24
2024-03-31,gem_seamless,h0,27.7,24
2024-03-31,ecmwf_ifs025,h0,26.7,24
2024-04-01,icon_seamless,h24,27.1,24
2024-04-01,meteofrance_seamless,h24,27.8,24
2024-04-01,gem_seamless,h24,25.3,24
2024-04-01,ecmwf_ifs025,h24,25.8,24
2024-04-01,icon_seamless,h0,26.2,24
2024-04-01,ukmo_seamless,h0,25.2,24
2024-04-01,meteofrance_seamless,h0,25.9,24
2024-04-01,gem_seamless,h0,26.3,24
2024-04-01,ecmwf_ifs025,h0,25.3,24
2024-04-02,icon_seamless,h24,22.6,24
2024-04-02,meteofrance_seamless,h24,22.1,24
2024-04-02,gem_seamless,h24,22.1,24
2024-04-02,ecmwf_ifs025,h24,22.2,24
2024-04-02,icon_seamless,h0,21.4,24
2024-04-02,ukmo_seamless,h0,21.3,24
2024-04-02,meteofrance_seamless,h0,21.0,24
2024-04-02,gem_seamless,h0,21.1,24
2024-04-02,ecmwf_ifs025,h0,22.3,24
2024-04-03,icon_seamless,h24,20.1,24
2024-04-03,meteofrance_seamless,h24,19.2,24
2024-04-03,gem_seamless,h24,19.8,24
2024-04-03,ecmwf_ifs025,h24,21.3,24
2024-04-03,icon_seamless,h0,19.6,24
2024-04-03,ukmo_seamless,h0,20.3,24
2024-04-03,meteofrance_seamless,h0,19.7,24
2024-04-03,gem_seamless,h0,19.4,24
2024-04-03,ecmwf_ifs025,h0,19.7,24
2024-04-04,icon_seamless,h24,17.8,24
2024-04-04,meteofrance_seamless,h24,15.6,24
2024-04-04,gem_seamless,h24,19.1,24
2024-04-04,ecmwf_ifs025,h24,17.1,24
2024-04-04,icon_seamless,h0,14.5,24
2024-04-04,ukmo_seamless,h0,17.3,24
2024-04-04,meteofrance_seamless,h0,15.1,24
2024-04-04,gem_seamless,h0,17.9,24
2024-04-04,ecmwf_ifs025,h0,15.4,24
2024-04-05,icon_seamless,h24,18.7,24
2024-04-05,meteofrance_seamless,h24,17.5,24
2024-04-05,gem_seamless,h24,19.1,24
2024-04-05,ecmwf_ifs025,h24,18.4,24
2024-04-05,icon_seamless,h0,18.8,24
2024-04-05,ukmo_seamless,h0,18.1,24
2024-04-05,meteofrance_seamless,h0,17.0,24
2024-04-05,gem_seamless,h0,18.0,24
2024-04-05,ecmwf_ifs025,h0,17.9,24
2024-04-06,icon_seamless,h24,18.5,24
2024-04-06,meteofrance_seamless,h24,17.4,24
2024-04-06,gem_seamless,h24,19.8,24
2024-04-06,ecmwf_ifs025,h24,19.5,24
2024-04-06,icon_seamless,h0,17.8,24
2024-04-06,ukmo_seamless,h0,16.9,24
2024-04-06,meteofrance_seamless,h0,17.5,24
2024-04-06,gem_seamless,h0,18.8,24
2024-04-06,ecmwf_ifs025,h0,17.6,24
2024-04-07,icon_seamless,h24,19.1,24
2024-04-07,meteofrance_seamless,h24,19.0,24
2024-04-07,gem_seamless,h24,21.2,24
2024-04-07,ecmwf_ifs025,h24,20.8,24
2024-04-07,icon_seamless,h0,17.5,24
2024-04-07,ukmo_seamless,h0,18.2,24
2024-04-07,meteofrance_seamless,h0,17.8,24
2024-04-07,gem_seamless,h0,20.5,24
2024-04-07,ecmwf_ifs025,h0,18.4,24
2024-04-08,icon_seamless,h24,19.8,24
2024-04-08,meteofrance_seamless,h24,20.4,24
2024-04-08,gem_seamless,h24,20.3,24
2024-04-08,ecmwf_ifs025,h24,19.8,24
2024-04-08,icon_seamless,h0,20.2,24
2024-04-08,ukmo_seamless,h0,20.3,24
2024-04-08,meteofrance_seamless,h0,20.9,24
2024-04-08,gem_seamless,h0,21.4,24
2024-04-08,ecmwf_ifs025,h0,20.0,24
2024-04-09,icon_seamless,h24,20.7,24
2024-04-09,meteofrance_seamless,h24,22.1,24
2024-04-09,gem_seamless,h24,21.7,24
2024-04-09,ecmwf_ifs025,h24,22.5,24
2024-04-09,icon_seamless,h0,21.4,24
2024-04-09,ukmo_seamless,h0,22.5,24
2024-04-09,meteofrance_seamless,h0,22.2,24
2024-04-09,gem_seamless,h0,22.0,24
2024-04-09,ecmwf_ifs025,h0,22.3,24
2024-04-10,icon_seamless,h24,21.2,24
2024-04-10,meteofrance_seamless,h24,21.6,24
2024-04-10,gem_seamless,h24,20.9,24
2024-04-10,ecmwf_ifs025,h24,22.7,24
2024-04-10,icon_seamless,h0,21.7,24
2024-04-10,ukmo_seamless,h0,23.0,24
2024-04-10,meteofrance_seamless,h0,21.7,24
2024-04-10,gem_seamless,h0,22.1,24
2024-04-10,ecmwf_ifs025,h0,22.0,24
2024-04-11,icon_seamless,h24,21.5,24
2024-04-11,meteofrance_seamless,h24,22.3,24
2024-04-11,gem_seamless,h24,20.4,24
2024-04-11,ecmwf_ifs025,h24,22.9,24
2024-04-11,icon_seamless,h0,20.8,24
2024-04-11,ukmo_seamless,h0,21.3,24
2024-04-11,meteofrance_seamless,h0,21.1,24
2024-04-11,gem_seamless,h0,21.1,24
2024-04-11,ecmwf_ifs025,h0,20.8,24
2024-04-12,icon_seamless,h24,25.0,24
2024-04-12,meteofrance_seamless,h24,23.6,24
2024-04-12,gem_seamless,h24,23.7,24
2024-04-12,ecmwf_ifs025,h24,24.7,24
2024-04-12,icon_seamless,h0,24.2,24
2024-04-12,ukmo_seamless,h0,24.0,24
2024-04-12,meteofrance_seamless,h0,23.9,24
2024-04-12,gem_seamless,h0,23.2,24
2024-04-12,ecmwf_ifs025,h0,23.6,24
2024-04-13,icon_seamless,h24,23.2,24
2024-04-13,meteofrance_seamless,h24,22.3,24
2024-04-13,gem_seamless,h24,22.6,24
2024-04-13,ecmwf_ifs025,h24,22.4,24
2024-04-13,icon_seamless,h0,21.7,24
2024-04-13,ukmo_seamless,h0,22.8,24
2024-04-13,meteofrance_seamless,h0,23.2,24
2024-04-13,gem_seamless,h0,22.9,24
2024-04-13,ecmwf_ifs025,h0,21.9,24
2024-04-14,icon_seamless,h24,26.9,24
2024-04-14,meteofrance_seamless,h24,25.8,24
2024-04-14,gem_seamless,h24,26.5,24
2024-04-14,ecmwf_ifs025,h24,25.6,24
2024-04-14,icon_seamless,h0,26.1,24
2024-04-14,ukmo_seamless,h0,26.6,24
2024-04-14,meteofrance_seamless,h0,26.1,24
2024-04-14,gem_seamless,h0,26.4,24
2024-04-14,ecmwf_ifs025,h0,26.3,24
2024-04-15,icon_seamless,h24,28.9,24
2024-04-15,meteofrance_seamless,h24,28.0,24
2024-04-15,gem_seamless,h24,28.3,24
2024-04-15,ecmwf_ifs025,h24,29.0,24
2024-04-15,icon_seamless,h0,28.7,24
2024-04-15,ukmo_seamless,h0,27.9,24
2024-04-15,meteofrance_seamless,h0,28.8,24
2024-04-15,gem_seamless,h0,28.3,24
2024-04-15,ecmwf_ifs025,h0,29.0,24
2024-04-16,icon_seamless,h24,23.8,24
2024-04-16,meteofrance_seamless,h24,24.0,24
2024-04-16,gem_seamless,h24,22.3,24
2024-04-16,ecmwf_ifs025,h24,25.6,24
2024-04-16,icon_seamless,h0,22.9,24
2024-04-16,ukmo_seamless,h0,22.3,24
2024-04-16,meteofrance_seamless,h0,25.5,24
2024-04-16,gem_seamless,h0,22.8,24
2024-04-16,ecmwf_ifs025,h0,23.7,24
2024-04-17,icon_seamless,h24,23.9,24
2024-04-17,meteofrance_seamless,h24,24.0,24
2024-04-17,gem_seamless,h24,24.4,24
2024-04-17,ecmwf_ifs025,h24,24.5,24
2024-04-17,icon_seamless,h0,23.1,24
2024-04-17,ukmo_seamless,h0,23.9,24
2024-04-17,meteofrance_seamless,h0,21.6,24
2024-04-17,gem_seamless,h0,24.0,24
2024-04-17,ecmwf_ifs025,h0,22.5,24
2024-04-18,icon_seamless,h24,25.6,24
2024-04-18,meteofrance_seamless,h24,24.3,24
2024-04-18,gem_seamless,h24,25.1,24
2024-04-18,ecmwf_ifs025,h24,24.1,24
2024-04-18,icon_seamless,h0,24.6,24
2024-04-18,ukmo_seamless,h0,24.3,24
2024-04-18,meteofrance_seamless,h0,23.9,24
2024-04-18,gem_seamless,h0,25.5,24
2024-04-18,ecmwf_ifs025,h0,24.3,24
2024-04-19,icon_seamless,h24,20.7,24
2024-04-19,meteofrance_seamless,h24,20.4,24
2024-04-19,gem_seamless,h24,20.7,24
2024-04-19,ecmwf_ifs025,h24,21.8,24
2024-04-19,icon_seamless,h0,20.6,24
2024-04-19,ukmo_seamless,h0,20.8,24
2024-04-19,meteofrance_seamless,h0,20.0,24
2024-04-19,gem_seamless,h0,21.0,24
2024-04-19,ecmwf_ifs025,h0,22.0,24
2024-04-20,icon_seamless,h24,24.5,24
2024-04-20,meteofrance_seamless,h24,23.3,24
2024-04-20,gem_seamless,h24,24.2,24
2024-04-20,ecmwf_ifs025,h24,24.5,24
2024-04-20,icon_seamless,h0,23.6,24
2024-04-20,ukmo_seamless,h0,23.8,24
2024-04-20,meteofrance_seamless,h0,22.6,24
2024-04-20,gem_seamless,h0,24.6,24
2024-04-20,ecmwf_ifs025,h0,23.4,24
2024-04-21,icon_seamless,h24,25.4,24
2024-04-21,meteofrance_seamless,h24,24.1,24
2024-04-21,gem_seamless,h24,25.4,24
2024-04-21,ecmwf_ifs025,h24,25.1,24
2024-04-21,icon_seamless,h0,24.2,24
2024-04-21,ukmo_seamless,h0,23.6,24
2024-04-21,meteofrance_seamless,h0,22.3,24
2024-04-21,gem_seamless,h0,24.6,24
2024-04-21,ecmwf_ifs025,h0,23.5,24
2024-04-22,icon_seamless,h24,25.3,24
2024-04-22,meteofrance_seamless,h24,25.5,24
2024-04-22,gem_seamless,h24,26.0,24
2024-04-22,ecmwf_ifs025,h24,25.9,24
2024-04-22,icon_seamless,h0,24.8,24
2024-04-22,ukmo_seamless,h0,25.3,24
2024-04-22,meteofrance_seamless,h0,24.1,24
2024-04-22,gem_seamless,h0,25.0,24
2024-04-22,ecmwf_ifs025,h0,25.0,24
2024-04-23,icon_seamless,h24,26.5,24
2024-04-23,meteofrance_seamless,h24,27.1,24
2024-04-23,gem_seamless,h24,26.3,24
2024-04-23,ecmwf_ifs025,h24,26.5,24
2024-04-23,icon_seamless,h0,26.9,24
2024-04-23,ukmo_seamless,h0,26.9,24
2024-04-23,meteofrance_seamless,h0,27.5,24
2024-04-23,gem_seamless,h0,25.8,24
2024-04-23,ecmwf_ifs025,h0,25.5,24
2024-04-24,icon_seamless,h24,26.7,24
2024-04-24,meteofrance_seamless,h24,24.8,24
2024-04-24,gem_seamless,h24,24.9,24
2024-04-24,ecmwf_ifs025,h24,26.2,24
2024-04-24,icon_seamless,h0,26.1,24
2024-04-24,ukmo_seamless,h0,26.1,24
2024-04-24,meteofrance_seamless,h0,26.4,24
2024-04-24,gem_seamless,h0,26.0,24
2024-04-24,ecmwf_ifs025,h0,25.1,24
2024-04-25,icon_seamless,h24,26.4,24
2024-04-25,meteofrance_seamless,h24,26.2,24
2024-04-25,gem_seamless,h24,26.1,24
2024-04-25,ecmwf_ifs025,h24,25.8,24
2024-04-25,icon_seamless,h0,25.8,24
2024-04-25,ukmo_seamless,h0,25.5,24
2024-04-25,meteofrance_seamless,h0,25.6,24
2024-04-25,gem_seamless,h0,26.6,24
2024-04-25,ecmwf_ifs025,h0,25.1,24
2024-04-26,icon_seamless,h24,27.8,24
2024-04-26,meteofrance_seamless,h24,28.6,24
2024-04-26,gem_seamless,h24,28.4,24
2024-04-26,ecmwf_ifs025,h24,27.1,24
2024-04-26,icon_seamless,h0,27.9,24
2024-04-26,ukmo_seamless,h0,27.1,24
2024-04-26,meteofrance_seamless,h0,29.0,24
2024-04-26,gem_seamless,h0,28.1,24
2024-04-26,ecmwf_ifs025,h0,26.9,24
2024-04-27,icon_seamless,h24,29.7,24
2024-04-27,meteofrance_seamless,h24,30.5,24
2024-04-27,gem_seamless,h24,29.3,24
2024-04-27,ecmwf_ifs025,h24,27.8,24
2024-04-27,icon_seamless,h0,29.5,24
2024-04-27,ukmo_seamless,h0,29.0,24
2024-04-27,meteofrance_seamless,h0,30.6,24
2024-04-27,gem_seamless,h0,30.0,24
2024-04-27,ecmwf_ifs025,h0,27.8,24
2024-04-28,icon_seamless,h24,24.8,24
2024-04-28,meteofrance_seamless,h24,25.9,24
2024-04-28,gem_seamless,h24,23.0,24
2024-04-28,ecmwf_ifs025,h24,24.6,24
2024-04-28,icon_seamless,h0,24.1,24
2024-04-28,ukmo_seamless,h0,24.6,24
2024-04-28,meteofrance_seamless,h0,25.2,24
2024-04-28,gem_seamless,h0,22.9,24
2024-04-28,ecmwf_ifs025,h0,23.7,24
2024-04-29,icon_seamless,h24,26.2,24
2024-04-29,meteofrance_seamless,h24,26.5,24
2024-04-29,gem_seamless,h24,26.5,24
2024-04-29,ecmwf_ifs025,h24,25.1,24
2024-04-29,icon_seamless,h0,24.9,24
2024-04-29,ukmo_seamless,h0,24.9,24
2024-04-29,meteofrance_seamless,h0,25.5,24
2024-04-29,gem_seamless,h0,26.1,24
2024-04-29,ecmwf_ifs025,h0,24.3,24
2024-04-30,icon_seamless,h24,19.5,24
2024-04-30,meteofrance_seamless,h24,20.3,24
2024-04-30,gem_seamless,h24,18.9,24
2024-04-30,ecmwf_ifs025,h24,19.4,24
2024-04-30,icon_seamless,h0,18.4,24
2024-04-30,ukmo_seamless,h0,19.2,24
2024-04-30,meteofrance_seamless,h0,18.7,24
2024-04-30,gem_seamless,h0,18.3,24
2024-04-30,ecmwf_ifs025,h0,18.9,24
2024-05-01,icon_seamless,h24,21.1,24
2024-05-01,meteofrance_seamless,h24,20.9,24
2024-05-01,gem_seamless,h24,22.0,24
2024-05-01,ecmwf_ifs025,h24,22.1,24
2024-05-01,icon_seamless,h0,20.2,24
2024-05-01,ukmo_seamless,h0,19.6,24
2024-05-01,meteofrance_seamless,h0,19.2,24
2024-05-01,gem_seamless,h0,19.9,24
2024-05-01,ecmwf_ifs025,h0,19.0,24
2024-05-02,icon_seamless,h24,21.7,24
2024-05-02,meteofrance_seamless,h24,20.6,24
2024-05-02,gem_seamless,h24,22.4,24
2024-05-02,ecmwf_ifs025,h24,21.7,24
2024-05-02,icon_seamless,h0,21.8,24
2024-05-02,ukmo_seamless,h0,21.4,24
2024-05-02,meteofrance_seamless,h0,21.5,24
2024-05-02,gem_seamless,h0,21.5,24
2024-05-02,ecmwf_ifs025,h0,22.1,24
2024-05-03,icon_seamless,h24,20.2,24
2024-05-03,meteofrance_seamless,h24,18.4,24
2024-05-03,gem_seamless,h24,18.7,24
2024-05-03,ecmwf_ifs025,h24,21.9,24
2024-05-03,icon_seamless,h0,18.3,24
2024-05-03,ukmo_seamless,h0,19.0,24
2024-05-03,meteofrance_seamless,h0,18.1,24
2024-05-03,gem_seamless,h0,18.4,24
2024-05-03,ecmwf_ifs025,h0,17.1,24
2024-05-04,icon_seamless,h24,18.9,24
2024-05-04,meteofrance_seamless,h24,17.6,24
2024-05-04,gem_seamless,h24,18.4,24
2024-05-04,ecmwf_ifs025,h24,20.1,24
2024-05-04,icon_seamless,h0,17.1,24
2024-05-04,ukmo_seamless,h0,17.8,24
2024-05-04,meteofrance_seamless,h0,17.7,24
2024-05-04,gem_seamless,h0,19.0,24
2024-05-04,ecmwf_ifs025,h0,19.4,24
2024-05-05,icon_seamless,h24,22.8,24
2024-05-05,meteofrance_seamless,h24,22.5,24
2024-05-05,gem_seamless,h24,24.0,24
2024-05-05,ecmwf_ifs025,h24,24.5,24
2024-05-05,icon_seamless,h0,22.7,24
2024-05-05,ukmo_seamless,h0,23.0,24
2024-05-05,meteofrance_seamless,h0,21.9,24
2024-05-05,gem_seamless,h0,23.2,24
2024-05-05,ecmwf_ifs025,h0,22.2,24
2024-05-06,icon_seamless,h24,26.9,24
2024-05-06,meteofrance_seamless,h24,25.0,24
2024-05-06,gem_seamless,h24,27.5,24
2024-05-06,ecmwf_ifs025,h24,27.1,24
2024-05-06,icon_seamless,h0,28.0,24
2024-05-06,ukmo_seamless,h0,27.4,24
2024-05-06,meteofrance_seamless,h0,26.9,24
2024-05-06,gem_seamless,h0,27.4,24
2024-05-06,ecmwf_ifs025,h0,27.2,24
2024-05-07,icon_seamless,h24,28.1,24
2024-05-07,meteofrance_seamless,h24,28.2,24
2024-05-07,gem_seamless,h24,29.8,24
2024-05-07,ecmwf_ifs025,h24,27.4,24
2024-05-07,icon_seamless,h0,28.7,24
2024-05-07,ukmo_seamless,h0,29.5,24
2024-05-07,meteofrance_seamless,h0,29.4,24
2024-05-07,gem_seamless,h0,29.3,24
2024-05-07,ecmwf_ifs025,h0,28.7,24
2024-05-08,icon_seamless,h24,29.9,24
2024-05-08,meteofrance_seamless,h24,31.4,24
2024-05-08,gem_seamless,h24,29.1,24
2024-05-08,ecmwf_ifs025,h24,28.4,24
2024-05-08,icon_seamless,h0,30.1,24
2024-05-08,ukmo_seamless,h0,29.7,24
2024-05-08,meteofrance_seamless,h0,31.3,24
2024-05-08,gem_seamless,h0,29.8,24
2024-05-08,ecmwf_ifs025,h0,29.2,24
2024-05-09,icon_seamless,h24,26.5,24
2024-05-09,meteofrance_seamless,h24,29.9,24
2024-05-09,gem_seamless,h24,25.2,24
2024-05-09,ecmwf_ifs025,h24,25.1,24
2024-05-09,icon_seamless,h0,27.6,24
2024-05-09,ukmo_seamless,h0,26.3,24
2024-05-09,meteofrance_seamless,h0,30.1,24
2024-05-09,gem_seamless,h0,25.4,24
2024-05-09,ecmwf_ifs025,h0,26.6,24
2024-05-10,icon_seamless,h24,28.0,24
2024-05-10,meteofrance_seamless,h24,29.1,24
2024-05-10,gem_seamless,h24,28.7,24
2024-05-10,ecmwf_ifs025,h24,27.5,24
2024-05-10,icon_seamless,h0,28.8,24
2024-05-10,ukmo_seamless,h0,28.1,24
2024-05-10,meteofrance_seamless,h0,28.6,24
2024-05-10,gem_seamless,h0,28.2,24
2024-05-10,ecmwf_ifs025,h0,27.5,24
2024-05-11,icon_seamless,h24,25.2,24
2024-05-11,meteofrance_seamless,h24,26.3,24
2024-05-11,gem_seamless,h24,22.9,24
2024-05-11,ecmwf_ifs025,h24,27.2,24
2024-05-11,icon_seamless,h0,23.9,24
2024-05-11,ukmo_seamless,h0,25.7,24
2024-05-11,meteofrance_seamless,h0,25.3,24
2024-05-11,gem_seamless,h0,24.8,24
2024-05-11,ecmwf_ifs025,h0,23.4,24
2024-05-12,icon_seamless,h24,26.9,24
2024-05-12,meteofrance_seamless,h24,28.6,24
2024-05-12,gem_seamless,h24,28.0,24
2024-05-12,ecmwf_ifs025,h24,28.5,24
2024-05-12,icon_seamless,h0,28.1,24
2024-05-12,ukmo_seamless,h0,28.0,24
2024-05-12,meteofrance_seamless,h0,28.1,24
2024-05-12,gem_seamless,h0,27.2,24
2024-05-12,ecmwf_ifs025,h0,27.8,24
2024-05-13,icon_seamless,h24,28.4,24
2024-05-13,meteofrance_seamless,h24,30.2,24
2024-05-13,gem_seamless,h24,27.3,24
2024-05-13,ecmwf_ifs025,h24,27.0,24
2024-05-13,icon_seamless,h0,28.5,24
2024-05-13,ukmo_seamless,h0,27.6,24
2024-05-13,meteofrance_seamless,h0,30.8,24
2024-05-13,gem_seamless,h0,28.6,24
2024-05-13,ecmwf_ifs025,h0,27.2,24
2024-05-14,icon_seamless,h24,30.1,24
2024-05-14,meteofrance_seamless,h24,32.5,24
2024-05-14,gem_seamless,h24,30.5,24
2024-05-14,ecmwf_ifs025,h24,28.1,24
2024-05-14,icon_seamless,h0,30.1,24
2024-05-14,ukmo_seamless,h0,30.3,24
2024-05-14,meteofrance_seamless,h0,32.8,24
2024-05-14,gem_seamless,h0,32.2,24
2024-05-14,ecmwf_ifs025,h0,29.4,24
2024-05-15,icon_seamless,h24,29.6,24
2024-05-15,meteofrance_seamless,h24,30.6,24
2024-05-15,gem_seamless,h24,28.7,24
2024-05-15,ecmwf_ifs025,h24,26.4,24
2024-05-15,icon_seamless,h0,28.5,24
2024-05-15,ukmo_seamless,h0,28.9,24
2024-05-15,meteofrance_seamless,h0,31.9,24
2024-05-15,gem_seamless,h0,29.6,24
2024-05-15,ecmwf_ifs025,h0,28.0,24
2024-05-16,icon_seamless,h24,29.2,24
2024-05-16,meteofrance_seamless,h24,32.0,24
2024-05-16,gem_seamless,h24,30.2,24
2024-05-16,ecmwf_ifs025,h24,26.8,24
2024-05-16,icon_seamless,h0,29.4,24
2024-05-16,ukmo_seamless,h0,29.1,24
2024-05-16,meteofrance_seamless,h0,31.9,24
2024-05-16,gem_seamless,h0,31.7,24
2024-05-16,ecmwf_ifs025,h0,28.1,24
2024-05-17,icon_seamless,h24,32.4,24
2024-05-17,meteofrance_seamless,h24,34.3,24
2024-05-17,gem_seamless,h24,33.5,24
2024-05-17,ecmwf_ifs025,h24,30.3,24
2024-05-17,icon_seamless,h0,31.8,24
2024-05-17,ukmo_seamless,h0,31.8,24
2024-05-17,meteofrance_seamless,h0,33.6,24
2024-05-17,gem_seamless,h0,32.0,24
2024-05-17,ecmwf_ifs025,h0,30.6,24
2024-05-18,icon_seamless,h24,33.5,24
2024-05-18,meteofrance_seamless,h24,35.4,24
2024-05-18,gem_seamless,h24,32.6,24
2024-05-18,ecmwf_ifs025,h24,30.9,24
2024-05-18,icon_seamless,h0,32.2,24
2024-05-18,ukmo_seamless,h0,31.9,24
2024-05-18,meteofrance_seamless,h0,34.9,24
2024-05-18,gem_seamless,h0,32.2,24
2024-05-18,ecmwf_ifs025,h0,30.7,24
2024-05-19,icon_seamless,h24,32.2,24
2024-05-19,meteofrance_seamless,h24,32.5,24
2024-05-19,gem_seamless,h24,29.3,24
2024-05-19,ecmwf_ifs025,h24,31.4,24
2024-05-19,icon_seamless,h0,31.2,24
2024-05-19,ukmo_seamless,h0,30.6,24
2024-05-19,meteofrance_seamless,h0,32.1,24
2024-05-19,gem_seamless,h0,27.9,24
2024-05-19,ecmwf_ifs025,h0,29.0,24
2024-05-20,icon_seamless,h24,24.5,24
2024-05-20,meteofrance_seamless,h24,29.7,24
2024-05-20,gem_seamless,h24,23.5,24
2024-05-20,ecmwf_ifs025,h24,28.9,24
2024-05-20,icon_seamless,h0,25.1,24
2024-05-20,ukmo_seamless,h0,29.0,24
2024-05-20,meteofrance_seamless,h0,31.8,24
2024-05-20,gem_seamless,h0,25.6,24
2024-05-20,ecmwf_ifs025,h0,27.5,24
2024-05-21,icon_seamless,h24,27.1,24
2024-05-21,meteofrance_seamless,h24,29.7,24
2024-05-21,gem_seamless,h24,29.4,24
2024-05-21,ecmwf_ifs025,h24,29.2,24
2024-05-21,icon_seamless,h0,24.5,24
2024-05-21,ukmo_seamless,h0,26.9,24
2024-05-21,meteofrance_seamless,h0,28.7,24
2024-05-21,gem_seamless,h0,27.3,24
2024-05-21,ecmwf_ifs025,h0,27.0,24
2024-05-22,icon_seamless,h24,28.1,24
2024-05-22,meteofrance_seamless,h24,29.8,24
2024-05-22,gem_seamless,h24,28.2,24
2024-05-22,ecmwf_ifs025,h24,28.1,24
2024-05-22,icon_seamless,h0,26.7,24
2024-05-22,ukmo_seamless,h0,26.0,24
2024-05-22,meteofrance_seamless,h0,27.2,24
2024-05-22,gem_seamless,h0,25.6,24
2024-05-22,ecmwf_ifs025,h0,27.3,24
2024-05-23,icon_seamless,h24,29.7,24
2024-05-23,meteofrance_seamless,h24,31.2,24
2024-05-23,gem_seamless,h24,30.2,24
2024-05-23,ecmwf_ifs025,h24,29.7,24
2024-05-23,icon_seamless,h0,30.3,24
2024-05-23,ukmo_seamless,h0,29.5,24
2024-05-23,meteofrance_seamless,h0,30.9,24
2024-05-23,gem_seamless,h0,30.9,24
2024-05-23,ecmwf_ifs025,h0,29.0,24
2024-05-24,icon_seamless,h24,33.3,24
2024-05-24,meteofrance_seamless,h24,35.3,24
2024-05-24,gem_seamless,h24,32.8,24
2024-05-24,ecmwf_ifs025,h24,30.4,24
2024-05-24,icon_seamless,h0,32.5,24
2024-05-24,ukmo_seamless,h0,32.4,24
2024-05-24,meteofrance_seamless,h0,35.2,24
2024-05-24,gem_seamless,h0,34.1,24
2024-05-24,ecmwf_ifs025,h0,31.7,24
2024-05-25,icon_seamless,h24,34.1,24
2024-05-25,meteofrance_seamless,h24,36.6,24
2024-05-25,gem_seamless,h24,33.9,24
2024-05-25,ecmwf_ifs025,h24,32.1,24
2024-05-25,icon_seamless,h0,34.2,24
2024-05-25,ukmo_seamless,h0,34.2,24
2024-05-25,meteofrance_seamless,h0,37.7,24
2024-05-25,gem_seamless,h0,35.8,24
2024-05-25,ecmwf_ifs025,h0,33.0,24
2024-05-26,icon_seamless,h24,34.2,24
2024-05-26,meteofrance_seamless,h24,37.4,24
2024-05-26,gem_seamless,h24,32.4,24
2024-05-26,ecmwf_ifs025,h24,31.8,24
2024-05-26,icon_seamless,h0,33.8,24
2024-05-26,ukmo_seamless,h0,33.1,24
2024-05-26,meteofrance_seamless,h0,36.1,24
2024-05-26,gem_seamless,h0,30.5,24
2024-05-26,ecmwf_ifs025,h0,30.6,24
2024-05-27,icon_seamless,h24,27.1,24
2024-05-27,meteofrance_seamless,h24,26.4,24
2024-05-27,gem_seamless,h24,24.8,24
2024-05-27,ecmwf_ifs025,h24,28.1,24
2024-05-27,icon_seamless,h0,28.2,24
2024-05-27,ukmo_seamless,h0,28.4,24
2024-05-27,meteofrance_seamless,h0,28.4,24
2024-05-27,gem_seamless,h0,25.9,24
2024-05-27,ecmwf_ifs025,h0,27.2,24
2024-05-28,icon_seamless,h24,28.4,24
2024-05-28,meteofrance_seamless,h24,28.2,24
2024-05-28,gem_seamless,h24,27.2,24
2024-05-28,ecmwf_ifs025,h24,27.1,24
2024-05-28,icon_seamless,h0,28.5,24
2024-05-28,ukmo_seamless,h0,28.1,24
2024-05-28,meteofrance_seamless,h0,28.8,24
2024-05-28,gem_seamless,h0,28.1,24
2024-05-28,ecmwf_ifs025,h0,27.6,24
2024-05-29,icon_seamless,h24,28.7,24
2024-05-29,meteofrance_seamless,h24,29.0,24
2024-05-29,gem_seamless,h24,28.3,24
2024-05-29,ecmwf_ifs025,h24,27.3,24
2024-05-29,icon_seamless,h0,29.3,24
2024-05-29,ukmo_seamless,h0,28.8,24
2024-05-29,meteofrance_seamless,h0,30.5,24
2024-05-29,gem_seamless,h0,29.6,24
2024-05-29,ecmwf_ifs025,h0,27.9,24
2024-05-30,icon_seamless,h24,20.3,24
2024-05-30,meteofrance_seamless,h24,23.0,24
2024-05-30,gem_seamless,h24,19.8,24
2024-05-30,ecmwf_ifs025,h24,23.8,24
2024-05-30,icon_seamless,h0,21.7,24
2024-05-30,ukmo_seamless,h0,21.8,24
2024-05-30,meteofrance_seamless,h0,22.2,24
2024-05-30,gem_seamless,h0,22.7,24
2024-05-30,ecmwf_ifs025,h0,21.0,24
2024-05-31,icon_seamless,h24,24.9,24
2024-05-31,meteofrance_seamless,h24,27.4,24
2024-05-31,gem_seamless,h24,27.6,24
2024-05-31,ecmwf_ifs025,h24,27.1,24
2024-05-31,icon_seamless,h0,24.8,24
2024-05-31,ukmo_seamless,h0,26.3,24
2024-05-31,meteofrance_seamless,h0,25.7,24
2024-05-31,gem_seamless,h0,24.6,24
2024-05-31,ecmwf_ifs025,h0,25.5,24
2024-06-01,icon_seamless,h24,30.2,24
2024-06-01,meteofrance_seamless,h24,29.4,24
2024-06-01,gem_seamless,h24,28.0,24
2024-06-01,ecmwf_ifs025,h24,29.7,24
2024-06-01,icon_seamless,h0,28.8,24
2024-06-01,ukmo_seamless,h0,28.7,24
2024-06-01,meteofrance_seamless,h0,28.4,24
2024-06-01,gem_seamless,h0,26.6,24
2024-06-01,ecmwf_ifs025,h0,28.7,24
2024-06-02,icon_seamless,h24,27.7,24
2024-06-02,meteofrance_seamless,h24,30.8,24
2024-06-02,gem_seamless,h24,28.4,24
2024-06-02,ecmwf_ifs025,h24,27.0,24
2024-06-02,icon_seamless,h0,27.5,24
2024-06-02,ukmo_seamless,h0,28.5,24
2024-06-02,meteofrance_seamless,h0,30.1,24
2024-06-02,gem_seamless,h0,28.4,24
2024-06-02,ecmwf_ifs025,h0,27.9,24
2024-06-03,icon_seamless,h24,29.9,24
2024-06-03,meteofrance_seamless,h24,31.1,24
2024-06-03,gem_seamless,h24,28.8,24
2024-06-03,ecmwf_ifs025,h24,29.1,24
2024-06-03,icon_seamless,h0,28.7,24
2024-06-03,ukmo_seamless,h0,29.3,24
2024-06-03,meteofrance_seamless,h0,31.6,24
2024-06-03,gem_seamless,h0,29.4,24
2024-06-03,ecmwf_ifs025,h0,28.9,24
2024-06-04,icon_seamless,h24,26.3,24
2024-06-04,meteofrance_seamless,h24,28.2,24
2024-06-04,gem_seamless,h24,25.5,24
2024-06-04,ecmwf_ifs025,h24,25.9,24
2024-06-04,icon_seamless,h0,24.4,24
2024-06-04,ukmo_seamless,h0,27.4,24
2024-06-04,meteofrance_seamless,h0,27.8,24
2024-06-04,gem_seamless,h0,26.4,24
2024-06-04,ecmwf_ifs025,h0,24.7,24
2024-06-05,icon_seamless,h24,22.4,24
2024-06-05,meteofrance_seamless,h24,25.2,24
2024-06-05,gem_seamless,h24,24.9,24
2024-06-05,ecmwf_ifs025,h24,25.1,24
2024-06-05,icon_seamless,h0,22.6,24
2024-06-05,ukmo_seamless,h0,24.3,24
2024-06-05,meteofrance_seamless,h0,24.0,24
2024-06-05,gem_seamless,h0,25.5,24
2024-06-05,ecmwf_ifs025,h0,23.7,24
2024-06-06,icon_seamless,h24,28.5,24
2024-06-06,meteofrance_seamless,h24,30.2,24
2024-06-06,gem_seamless,h24,29.4,24
2024-06-06,ecmwf_ifs025,h24,27.2,24
2024-06-06,icon_seamless,h0,27.6,24
2024-06-06,ukmo_seamless,h0,27.4,24
2024-06-06,meteofrance_seamless,h0,28.4,24
2024-06-06,gem_seamless,h0,29.0,24
2024-06-06,ecmwf_ifs025,h0,26.5,24
2024-06-07,icon_seamless,h24,28.9,24
2024-06-07,meteofrance_seamless,h24,29.9,24
2024-06-07,gem_seamless,h24,30.6,24
2024-06-07,ecmwf_ifs025,h24,28.0,24
2024-06-07,icon_seamless,h0,28.3,24
2024-06-07,ukmo_seamless,h0,28.1,24
2024-06-07,meteofrance_seamless,h0,29.7,24
2024-06-07,gem_seamless,h0,29.0,24
2024-06-07,ecmwf_ifs025,h0,28.1,24
2024-06-08,icon_seamless,h24,31.0,24
2024-06-08,meteofrance_seamless,h24,32.6,24
2024-06-08,gem_seamless,h24,30.0,24
2024-06-08,ecmwf_ifs025,h24,29.0,24
2024-06-08,icon_seamless,h0,30.3,24
2024-06-08,ukmo_seamless,h0,30.0,24
2024-06-08,meteofrance_seamless,h0,31.5,24
2024-06-08,gem_seamless,h0,29.8,24
2024-06-08,ecmwf_ifs025,h0,29.0,24
2024-06-09,icon_seamless,h24,27.0,24
2024-06-09,meteofrance_seamless,h24,32.8,24
2024-06-09,gem_seamless,h24,26.8,24
2024-06-09,ecmwf_ifs025,h24,29.6,24
2024-06-09,icon_seamless,h0,27.6,24
2024-06-09,ukmo_seamless,h0,29.7,24
2024-06-09,meteofrance_seamless,h0,28.7,24
2024-06-09,gem_seamless,h0,26.8,24
2024-06-09,ecmwf_ifs025,h0,26.4,24
2024-06-10,icon_seamless,h24,26.8,24
2024-06-10,meteofrance_seamless,h24,30.3,24
2024-06-10,gem_seamless,h24,27.4,24
2024-06-10,ecmwf_ifs025,h24,28.4,24
2024-06-10,icon_seamless,h0,27.3,24
2024-06-10,ukmo_seamless,h0,28.4,24
2024-06-10,meteofrance_seamless,h0,29.0,24
2024-06-10,gem_seamless,h0,28.7,24
2024-06-10,ecmwf_ifs025,h0,27.0,24
2024-06-11,icon_seamless,h24,31.4,24
2024-06-11,meteofrance_seamless,h24,32.6,24
2024-06-11,gem_seamless,h24,30.9,24
2024-06-11,ecmwf_ifs025,h24,31.0,24
2024-06-11,icon_seamless,h0,30.8,24
2024-06-11,ukmo_seamless,h0,30.6,24
2024-06-11,meteofrance_seamless,h0,33.3,24
2024-06-11,gem_seamless,h0,31.3,24
2024-06-11,ecmwf_ifs025,h0,30.3,24
2024-06-12,icon_seamless,h24,34.3,24
2024-06-12,meteofrance_seamless,h24,37.1,24
2024-06-12,gem_seamless,h24,34.3,24
2024-06-12,ecmwf_ifs025,h24,32.3,24
2024-06-12,icon_seamless,h0,33.5,24
2024-06-12,ukmo_seamless,h0,33.1,24
2024-06-12,meteofrance_seamless,h0,36.9,24
2024-06-12,gem_seamless,h0,34.1,24
2024-06-12,ecmwf_ifs025,h0,32.0,24
2024-06-13,icon_seamless,h24,34.7,24
2024-06-13,meteofrance_seamless,h24,36.6,24
2024-06-13,gem_seamless,h24,32.7,24
2024-06-13,ecmwf_ifs025,h24,32.5,24
2024-06-13,icon_seamless,h0,33.3,24
2024-06-13,ukmo_seamless,h0,32.8,24
2024-06-13,meteofrance_seamless,h0,35.4,24
2024-06-13,gem_seamless,h0,33.4,24
2024-06-13,ecmwf_ifs025,h0,32.5,24
2024-06-14,icon_seamless,h24,35.5,24
2024-06-14,meteofrance_seamless,h24,38.6,24
2024-06-14,gem_seamless,h24,33.8,24
2024-06-14,ecmwf_ifs025,h24,33.6,24
2024-06-14,icon_seamless,h0,34.2,24
2024-06-14,ukmo_seamless,h0,34.0,24
2024-06-14,meteofrance_seamless,h0,36.1,24
2024-06-14,gem_seamless,h0,35.2,24
2024-06-14,ecmwf_ifs025,h0,33.7,24
2024-06-15,icon_seamless,h24,38.1,24
2024-06-15,meteofrance_seamless,h24,39.8,24
2024-06-15,gem_seamless,h24,35.7,24
2024-06-15,ecmwf_ifs025,h24,34.6,24
2024-06-15,icon_seamless,h0,36.4,24
2024-06-15,ukmo_seamless,h0,35.4,24
2024-06-15,meteofrance_seamless,h0,38.5,24
2024-06-15,gem_seamless,h0,36.3,24
2024-06-15,ecmwf_ifs025,h0,34.5,24
2024-06-16,icon_seamless,h24,36.3,24
2024-06-16,meteofrance_seamless,h24,37.7,24
2024-06-16,gem_seamless,h24,34.7,24
2024-06-16,ecmwf_ifs025,h24,33.4,24
2024-06-16,icon_seamless,h0,35.6,24
2024-06-16,ukmo_seamless,h0,33.9,24
2024-06-16,meteofrance_seamless,h0,36.4,24
2024-06-16,gem_seamless,h0,35.2,24
2024-06-16,ecmwf_ifs025,h0,33.1,24
2024-06-17,icon_seamless,h24,31.0,24
2024-06-17,meteofrance_seamless,h24,31.2,24
2024-06-17,gem_seamless,h24,31.3,24
2024-06-17,ecmwf_ifs025,h24,31.1,24
2024-06-17,icon_seamless,h0,31.4,24
2024-06-17,ukmo_seamless,h0,31.5,24
2024-06-17,meteofrance_seamless,h0,32.5,24
2024-06-17,gem_seamless,h0,30.6,24
2024-06-17,ecmwf_ifs025,h0,31.3,24
2024-06-18,icon_seamless,h24,30.0,24
2024-06-18,meteofrance_seamless,h24,35.0,24
2024-06-18,gem_seamless,h24,29.7,24
2024-06-18,ecmwf_ifs025,h24,30.5,24
2024-06-18,icon_seamless,h0,31.2,24
2024-06-18,ukmo_seamless,h0,31.8,24
2024-06-18,meteofrance_seamless,h0,32.5,24
2024-06-18,gem_seamless,h0,31.1,24
2024-06-18,ecmwf_ifs025,h0,30.2,24
2024-06-19,icon_seamless,h24,28.1,24
2024-06-19,meteofrance_seamless,h24,31.9,24
2024-06-19,gem_seamless,h24,27.9,24
2024-06-19,ecmwf_ifs025,h24,30.1,24
2024-06-19,icon_seamless,h0,26.4,24
2024-06-19,ukmo_seamless,h0,27.9,24
2024-06-19,meteofrance_seamless,h0,29.9,24
2024-06-19,gem_seamless,h0,27.6,24
2024-06-19,ecmwf_ifs025,h0,28.6,24
2024-06-20,icon_seamless,h24,26.3,24
2024-06-20,meteofrance_seamless,h24,28.7,24
2024-06-20,gem_seamless,h24,26.9,24
2024-06-20,ecmwf_ifs025,h24,30.9,24
2024-06-20,icon_seamless,h0,27.4,24
2024-06-20,ukmo_seamless,h0,29.6,24
2024-06-20,meteofrance_seamless,h0,29.4,24
2024-06-20,gem_seamless,h0,27.3,24
2024-06-20,ecmwf_ifs025,h0,29.9,24
2024-06-21,icon_seamless,h24,28.8,24
2024-06-21,meteofrance_seamless,h24,30.8,24
2024-06-21,gem_seamless,h24,28.9,24
2024-06-21,ecmwf_ifs025,h24,31.3,24
2024-06-21,icon_seamless,h0,32.0,24
2024-06-21,ukmo_seamless,h0,31.6,24
2024-06-21,meteofrance_seamless,h0,30.9,24
2024-06-21,gem_seamless,h0,31.6,24
2024-06-21,ecmwf_ifs025,h0,32.4,24
2024-06-22,icon_seamless,h24,29.2,24
2024-06-22,meteofrance_seamless,h24,26.8,24
2024-06-22,gem_seamless,h24,28.2,24
2024-06-22,ecmwf_ifs025,h24,31.9,24
2024-06-22,icon_seamless,h0,29.3,24
2024-06-22,ukmo_seamless,h0,30.0,24
2024-06-22,meteofrance_seamless,h0,28.2,24
2024-06-22,gem_seamless,h0,27.5,24
2024-06-22,ecmwf_ifs025,h0,29.2,24
2024-06-23,icon_seamless,h24,27.3,24
2024-06-23,meteofrance_seamless,h24,25.7,24
2024-06-23,gem_seamless,h24,27.7,24
2024-06-23,ecmwf_ifs025,h24,30.1,24
2024-06-23,icon_seamless,h0,29.0,24
2024-06-23,ukmo_seamless,h0,31.1,24
2024-06-23,meteofrance_seamless,h0,26.3,24
2024-06-23,gem_seamless,h0,29.0,24
2024-06-23,ecmwf_ifs025,h0,29.7,24
2024-06-24,icon_seamless,h24,30.4,24
2024-06-24,meteofrance_seamless,h24,25.8,24
2024-06-24,gem_seamless,h24,28.3,24
2024-06-24,ecmwf_ifs025,h24,29.5,24
2024-06-24,icon_seamless,h0,28.6,24
2024-06-24,ukmo_seamless,h0,29.5,24
2024-06-24,meteofrance_seamless,h0,27.4,24
2024-06-24,gem_seamless,h0,29.1,24
2024-06-24,ecmwf_ifs025,h0,26.4,24
2024-06-25,icon_seamless,h24,27.6,24
2024-06-25,meteofrance_seamless,h24,25.0,24
2024-06-25,gem_seamless,h24,24.7,24
2024-06-25,ecmwf_ifs025,h24,26.4,24
2024-06-25,icon_seamless,h0,27.4,24
2024-06-25,ukmo_seamless,h0,27.7,24
2024-06-25,meteofrance_seamless,h0,27.2,24
2024-06-25,gem_seamless,h0,26.6,24
2024-06-25,ecmwf_ifs025,h0,26.7,24
2024-06-26,icon_seamless,h24,29.3,24
2024-06-26,meteofrance_seamless,h24,27.6,24
2024-06-26,gem_seamless,h24,28.4,24
2024-06-26,ecmwf_ifs025,h24,28.8,24
2024-06-26,icon_seamless,h0,28.5,24
2024-06-26,ukmo_seamless,h0,28.9,24
2024-06-26,meteofrance_seamless,h0,27.1,24
2024-06-26,gem_seamless,h0,29.2,24
2024-06-26,ecmwf_ifs025,h0,28.1,24
2024-06-27,icon_seamless,h24,25.1,24
2024-06-27,meteofrance_seamless,h24,25.0,24
2024-06-27,gem_seamless,h24,23.8,24
2024-06-27,ecmwf_ifs025,h24,27.0,24
2024-06-27,icon_seamless,h0,25.1,24
2024-06-27,ukmo_seamless,h0,26.0,24
2024-06-27,meteofrance_seamless,h0,23.9,24
2024-06-27,gem_seamless,h0,24.6,24
2024-06-27,ecmwf_ifs025,h0,25.9,24
2024-06-28,icon_seamless,h24,24.8,24
2024-06-28,meteofrance_seamless,h24,23.5,24
2024-06-28,gem_seamless,h24,27.1,24
2024-06-28,ecmwf_ifs025,h24,25.5,24
2024-06-28,icon_seamless,h0,24.8,24
2024-06-28,ukmo_seamless,h0,25.4,24
2024-06-28,meteofrance_seamless,h0,24.9,24
2024-06-28,gem_seamless,h0,25.5,24
2024-06-28,ecmwf_ifs025,h0,25.7,24
2024-03-31,gfs_seamless,h24,27.2,24
2024-03-31,cma_grapes_global,h24,25.1,24
2024-03-31,jma_seamless,h24,24.1,24
2024-03-31,knmi_seamless,h24,26.7,24
2024-03-31,jma_gsm,h24,24.1,24
2024-03-31,gfs_seamless,h0,26.7,24
2024-03-31,cma_grapes_global,h0,25.2,24
2024-03-31,jma_seamless,h0,24.0,24
2024-03-31,knmi_seamless,h0,26.8,24
2024-03-31,jma_gsm,h0,24.0,24
2024-04-01,gfs_seamless,h24,26.1,24
2024-04-01,cma_grapes_global,h24,25.4,24
2024-04-01,jma_seamless,h24,26.6,24
2024-04-01,knmi_seamless,h24,25.8,24
2024-04-01,jma_gsm,h24,26.6,24
2024-04-01,gfs_seamless,h0,26.8,24
2024-04-01,cma_grapes_global,h0,26.2,24
2024-04-01,jma_seamless,h0,25.1,24
2024-04-01,knmi_seamless,h0,25.7,24
2024-04-01,jma_gsm,h0,25.1,24
2024-04-02,gfs_seamless,h24,25.1,24
2024-04-02,cma_grapes_global,h24,22.2,24
2024-04-02,jma_seamless,h24,23.3,24
2024-04-02,knmi_seamless,h24,22.2,24
2024-04-02,jma_gsm,h24,23.3,24
2024-04-02,gfs_seamless,h0,20.9,24
2024-04-02,cma_grapes_global,h0,23.2,24
2024-04-02,jma_seamless,h0,22.1,24
2024-04-02,knmi_seamless,h0,24.0,24
2024-04-02,jma_gsm,h0,22.1,24
2024-04-03,gfs_seamless,h24,21.1,24
2024-04-03,cma_grapes_global,h24,19.7,24
2024-04-03,jma_seamless,h24,21.7,24
2024-04-03,knmi_seamless,h24,21.3,24
2024-04-03,jma_gsm,h24,21.7,24
2024-04-03,gfs_seamless,h0,20.2,24
2024-04-03,cma_grapes_global,h0,19.7,24
2024-04-03,jma_seamless,h0,20.8,24
2024-04-03,knmi_seamless,h0,20.1,24
2024-04-03,jma_gsm,h0,20.8,24
2024-04-04,gfs_seamless,h24,14.5,24
2024-04-04,cma_grapes_global,h24,15.9,24
2024-04-04,jma_seamless,h24,20.8,24
2024-04-04,knmi_seamless,h24,17.1,24
2024-04-04,jma_gsm,h24,20.8,24
2024-04-04,gfs_seamless,h0,15.0,24
2024-04-04,cma_grapes_global,h0,18.5,24
2024-04-04,jma_seamless,h0,18.2,24
2024-04-04,knmi_seamless,h0,16.1,24
2024-04-04,jma_gsm,h0,18.2,24
2024-04-05,gfs_seamless,h24,20.0,24
2024-04-05,cma_grapes_global,h24,18.7,24
2024-04-05,jma_seamless,h24,20.6,24
2024-04-05,knmi_seamless,h24,18.4,24
2024-04-05,jma_gsm,h24,20.6,24
2024-04-05,gfs_seamless,h0,17.0,24
2024-04-05,cma_grapes_global,h0,18.3,24
2024-04-05,jma_seamless,h0,18.3,24
2024-04-05,knmi_seamless,h0,18.4,24
2024-04-05,jma_gsm,h0,18.3,24
2024-04-06,gfs_seamless,h24,16.1,24
2024-04-06,cma_grapes_global,h24,19.2,24
2024-04-06,jma_seamless,h24,19.8,24
2024-04-06,knmi_seamless,h24,19.5,24
2024-04-06,jma_gsm,h24,19.8,24
2024-04-06,gfs_seamless,h0,15.4,24
2024-04-06,cma_grapes_global,h0,17.3,24
2024-04-06,jma_seamless,h0,19.3,24
2024-04-06,knmi_seamless,h0,18.1,24
2024-04-06,jma_gsm,h0,19.3,24
2024-04-07,gfs_seamless,h24,18.4,24
2024-04-07,cma_grapes_global,h24,18.6,24
2024-04-07,jma_seamless,h24,16.7,24
2024-04-07,knmi_seamless,h24,20.8,24
2024-04-07,jma_gsm,h24,16.7,24
2024-04-07,gfs_seamless,h0,17.7,24
2024-04-07,cma_grapes_global,h0,17.1,24
2024-04-07,jma_seamless,h0,17.7,24
2024-04-07,knmi_seamless,h0,18.3,24
2024-04-07,jma_gsm,h0,17.7,24
2024-04-08,gfs_seamless,h24,19.1,24
2024-04-08,cma_grapes_global,h24,20.0,24
2024-04-08,jma_seamless,h24,21.1,24
2024-04-08,knmi_seamless,h24,19.8,24
2024-04-08,jma_gsm,h24,21.1,24
2024-04-08,gfs_seamless,h0,19.4,24
2024-04-08,cma_grapes_global,h0,19.8,24
2024-04-08,jma_seamless,h0,21.0,24
2024-04-08,knmi_seamless,h0,20.5,24
2024-04-08,jma_gsm,h0,21.0,24
2024-04-09,gfs_seamless,h24,23.2,24
2024-04-09,cma_grapes_global,h24,22.1,24
2024-04-09,jma_seamless,h24,22.6,24
2024-04-09,knmi_seamless,h24,22.5,24
2024-04-09,jma_gsm,h24,22.6,24
2024-04-09,gfs_seamless,h0,23.0,24
2024-04-09,cma_grapes_global,h0,22.3,24
2024-04-09,jma_seamless,h0,22.2,24
2024-04-09,knmi_seamless,h0,22.3,24
2024-04-09,jma_gsm,h0,22.2,24
2024-04-10,gfs_seamless,h24,23.1,24
2024-04-10,cma_grapes_global,h24,21.5,24
2024-04-10,jma_seamless,h24,20.5,24
2024-04-10,knmi_seamless,h24,22.7,24
2024-04-10,jma_gsm,h24,20.5,24
2024-04-10,gfs_seamless,h0,20.4,24
2024-04-10,cma_grapes_global,h0,22.0,24
2024-04-10,jma_seamless,h0,18.9,24
2024-04-10,knmi_seamless,h0,22.8,24
2024-04-10,jma_gsm,h0,18.9,24
2024-04-11,gfs_seamless,h24,21.1,24
2024-04-11,cma_grapes_global,h24,23.5,24
2024-04-11,jma_seamless,h24,20.6,24
2024-04-11,knmi_seamless,h24,22.9,24
2024-04-11,jma_gsm,h24,20.6,24
2024-04-11,gfs_seamless,h0,22.4,24
2024-04-11,cma_grapes_global,h0,21.0,24
2024-04-11,jma_seamless,h0,19.9,24
2024-04-11,knmi_seamless,h0,22.1,24
2024-04-11,jma_gsm,h0,19.9,24
2024-04-12,gfs_seamless,h24,26.0,24
2024-04-12,cma_grapes_global,h24,24.2,24
2024-04-12,jma_seamless,h24,22.5,24
2024-04-12,knmi_seamless,h24,24.7,24
2024-04-12,jma_gsm,h24,22.5,24
2024-04-12,gfs_seamless,h0,25.8,24
2024-04-12,cma_grapes_global,h0,22.6,24
2024-04-12,jma_seamless,h0,21.7,24
2024-04-12,knmi_seamless,h0,23.9,24
2024-04-12,jma_gsm,h0,21.7,24
2024-04-13,gfs_seamless,h24,27.1,24
2024-04-13,cma_grapes_global,h24,24.6,24
2024-04-13,jma_seamless,h24,24.5,24
2024-04-13,knmi_seamless,h24,22.4,24
2024-04-13,jma_gsm,h24,24.5,24
2024-04-13,gfs_seamless,h0,23.7,24
2024-04-13,cma_grapes_global,h0,23.3,24
2024-04-13,jma_seamless,h0,23.4,24
2024-04-13,knmi_seamless,h0,23.1,24
2024-04-13,jma_gsm,h0,23.4,24
2024-04-14,gfs_seamless,h24,29.0,24
2024-04-14,cma_grapes_global,h24,26.5,24
2024-04-14,jma_seamless,h24,26.1,24
2024-04-14,knmi_seamless,h24,25.6,24
2024-04-14,jma_gsm,h24,26.1,24
2024-04-14,gfs_seamless,h0,27.9,24
2024-04-14,cma_grapes_global,h0,26.4,24
2024-04-14,jma_seamless,h0,24.4,24
2024-04-14,knmi_seamless,h0,26.3,24
2024-04-14,jma_gsm,h0,24.4,24
2024-04-15,gfs_seamless,h24,30.1,24
2024-04-15,cma_grapes_global,h24,29.3,24
2024-04-15,jma_seamless,h24,26.9,24
2024-04-15,knmi_seamless,h24,29.0,24
2024-04-15,jma_gsm,h24,26.9,24
2024-04-15,gfs_seamless,h0,30.0,24
2024-04-15,cma_grapes_global,h0,28.2,24
2024-04-15,jma_seamless,h0,26.9,24
2024-04-15,knmi_seamless,h0,28.7,24
2024-04-15,jma_gsm,h0,26.9,24
2024-04-16,gfs_seamless,h24,22.5,24
2024-04-16,cma_grapes_global,h24,25.5,24
2024-04-16,jma_seamless,h24,24.2,24
2024-04-16,knmi_seamless,h24,25.6,24
2024-04-16,jma_gsm,h24,24.2,24
2024-04-16,gfs_seamless,h0,25.4,24
2024-04-16,cma_grapes_global,h0,24.6,24
2024-04-16,jma_seamless,h0,24.1,24
2024-04-16,knmi_seamless,h0,24.3,24
2024-04-16,jma_gsm,h0,24.1,24
2024-04-17,gfs_seamless,h24,19.9,24
2024-04-17,cma_grapes_global,h24,24.0,24
2024-04-17,jma_seamless,h24,25.0,24
2024-04-17,knmi_seamless,h24,24.5,24
2024-04-17,jma_gsm,h24,25.0,24
2024-04-17,gfs_seamless,h0,23.6,24
2024-04-17,cma_grapes_global,h0,21.8,24
2024-04-17,jma_seamless,h0,23.3,24
2024-04-17,knmi_seamless,h0,23.7,24
2024-04-17,jma_gsm,h0,23.3,24
2024-04-18,gfs_seamless,h24,26.7,24
2024-04-18,cma_grapes_global,h24,-46.0,24
2024-04-18,jma_seamless,h24,25.1,24
2024-04-18,knmi_seamless,h24,24.1,24
2024-04-18,jma_gsm,h24,25.1,24
2024-04-18,gfs_seamless,h0,26.1,24
2024-04-18,cma_grapes_global,h0,24.4,24
2024-04-18,jma_seamless,h0,24.9,24
2024-04-18,knmi_seamless,h0,24.9,24
2024-04-18,jma_gsm,h0,24.9,24
2024-04-19,gfs_seamless,h24,22.9,24
2024-04-19,cma_grapes_global,h24,-50.1,24
2024-04-19,jma_seamless,h24,23.2,24
2024-04-19,knmi_seamless,h24,21.8,24
2024-04-19,jma_gsm,h24,23.2,24
2024-04-19,gfs_seamless,h0,21.3,24
2024-04-19,cma_grapes_global,h0,21.2,24
2024-04-19,jma_seamless,h0,20.8,24
2024-04-19,knmi_seamless,h0,22.1,24
2024-04-19,jma_gsm,h0,20.8,24
2024-04-20,gfs_seamless,h24,24.4,24
2024-04-20,cma_grapes_global,h24,-49.0,24
2024-04-20,jma_seamless,h24,25.2,24
2024-04-20,knmi_seamless,h24,24.5,24
2024-04-20,jma_gsm,h24,25.2,24
2024-04-20,gfs_seamless,h0,24.6,24
2024-04-20,cma_grapes_global,h0,23.5,24
2024-04-20,jma_seamless,h0,24.4,24
2024-04-20,knmi_seamless,h0,24.4,24
2024-04-20,jma_gsm,h0,24.4,24
2024-04-21,gfs_seamless,h24,24.0,24
2024-04-21,cma_grapes_global,h24,-48.6,24
2024-04-21,jma_seamless,h24,24.6,24
2024-04-21,knmi_seamless,h24,25.1,24
2024-04-21,jma_gsm,h24,24.6,24
2024-04-21,gfs_seamless,h0,24.8,24
2024-04-21,cma_grapes_global,h0,24.3,24
2024-04-21,jma_seamless,h0,24.4,24
2024-04-21,knmi_seamless,h0,24.3,24
2024-04-21,jma_gsm,h0,24.4,24
2024-04-22,gfs_seamless,h24,27.2,24
2024-04-22,cma_grapes_global,h24,-47.6,24
2024-04-22,jma_seamless,h24,26.0,24
2024-04-22,knmi_seamless,h24,25.9,24
2024-04-22,jma_gsm,h24,26.0,24
2024-04-22,gfs_seamless,h0,26.1,24
2024-04-22,cma_grapes_global,h0,25.0,24
2024-04-22,jma_seamless,h0,24.2,24
2024-04-22,knmi_seamless,h0,25.3,24
2024-04-22,jma_gsm,h0,24.2,24
2024-04-23,gfs_seamless,h24,26.9,24
2024-04-23,cma_grapes_global,h24,-52.6,24
2024-04-23,jma_seamless,h24,25.6,24
2024-04-23,knmi_seamless,h24,26.5,24
2024-04-23,jma_gsm,h24,25.6,24
2024-04-23,gfs_seamless,h0,27.3,24
2024-04-23,cma_grapes_global,h0,26.0,24
2024-04-23,jma_seamless,h0,26.7,24
2024-04-23,knmi_seamless,h0,26.7,24
2024-04-23,jma_gsm,h0,26.7,24
2024-04-24,gfs_seamless,h24,25.9,24
2024-04-24,cma_grapes_global,h24,-54.3,24
2024-04-24,jma_seamless,h24,25.0,24
2024-04-24,knmi_seamless,h24,26.2,24
2024-04-24,jma_gsm,h24,25.0,24
2024-04-24,gfs_seamless,h0,27.9,24
2024-04-24,cma_grapes_global,h0,25.5,24
2024-04-24,jma_seamless,h0,26.1,24
2024-04-24,knmi_seamless,h0,25.3,24
2024-04-24,jma_gsm,h0,26.1,24
2024-04-25,gfs_seamless,h24,25.5,24
2024-04-25,cma_grapes_global,h24,-55.7,24
2024-04-25,jma_seamless,h24,26.5,24
2024-04-25,knmi_seamless,h24,25.8,24
2024-04-25,jma_gsm,h24,26.5,24
2024-04-25,gfs_seamless,h0,26.1,24
2024-04-25,cma_grapes_global,h0,25.6,24
2024-04-25,jma_seamless,h0,26.2,24
2024-04-25,knmi_seamless,h0,25.7,24
2024-04-25,jma_gsm,h0,26.2,24
2024-04-26,gfs_seamless,h24,29.5,24
2024-04-26,cma_grapes_global,h24,-56.9,24
2024-04-26,jma_seamless,h24,27.3,24
2024-04-26,knmi_seamless,h24,27.1,24
2024-04-26,jma_gsm,h24,27.3,24
2024-04-26,gfs_seamless,h0,29.4,24
2024-04-26,cma_grapes_global,h0,26.8,24
2024-04-26,jma_seamless,h0,26.3,24
2024-04-26,knmi_seamless,h0,27.5,24
2024-04-26,jma_gsm,h0,26.3,24
2024-04-27,gfs_seamless,h24,31.6,24
2024-04-27,cma_grapes_global,h24,-50.7,24
2024-04-27,jma_seamless,h24,28.6,24
2024-04-27,knmi_seamless,h24,27.8,24
2024-04-27,jma_gsm,h24,28.6,24
2024-04-27,gfs_seamless,h0,30.7,24
2024-04-27,cma_grapes_global,h0,28.9,24
2024-04-27,jma_seamless,h0,28.6,24
2024-04-27,knmi_seamless,h0,28.5,24
2024-04-27,jma_gsm,h0,28.6,24
2024-04-28,gfs_seamless,h24,27.3,24
2024-04-28,cma_grapes_global,h24,-49.3,24
2024-04-28,jma_seamless,h24,26.7,24
2024-04-28,knmi_seamless,h24,24.6,24
2024-04-28,jma_gsm,h24,26.7,24
2024-04-28,gfs_seamless,h0,26.0,24
2024-04-28,cma_grapes_global,h0,25.5,24
2024-04-28,jma_seamless,h0,23.5,24
2024-04-28,knmi_seamless,h0,25.4,24
2024-04-28,jma_gsm,h0,23.5,24
2024-04-29,gfs_seamless,h24,26.4,24
2024-04-29,cma_grapes_global,h24,-46.5,24
2024-04-29,jma_seamless,h24,25.8,24
2024-04-29,knmi_seamless,h24,25.1,24
2024-04-29,jma_gsm,h24,25.8,24
2024-04-29,gfs_seamless,h0,26.5,24
2024-04-29,cma_grapes_global,h0,24.0,24
2024-04-29,jma_seamless,h0,24.8,24
2024-04-29,knmi_seamless,h0,25.6,24
2024-04-29,jma_gsm,h0,24.8,24
2024-04-30,gfs_seamless,h24,20.5,24
2024-04-30,cma_grapes_global,h24,-37.5,24
2024-04-30,jma_seamless,h24,20.6,24
2024-04-30,knmi_seamless,h24,19.4,24
2024-04-30,jma_gsm,h24,20.6,24
2024-04-30,gfs_seamless,h0,20.1,24
2024-04-30,cma_grapes_global,h0,18.6,24
2024-04-30,jma_seamless,h0,19.9,24
2024-04-30,knmi_seamless,h0,18.8,24
2024-04-30,jma_gsm,h0,19.9,24
2024-05-01,gfs_seamless,h24,19.9,24
2024-05-01,cma_grapes_global,h24,-37.6,24
2024-05-01,jma_seamless,h24,22.3,24
2024-05-01,knmi_seamless,h24,22.1,24
2024-05-01,jma_gsm,h24,22.3,24
2024-05-01,gfs_seamless,h0,19.5,24
2024-05-01,cma_grapes_global,h0,20.8,24
2024-05-01,jma_seamless,h0,20.7,24
2024-05-01,knmi_seamless,h0,19.9,24
2024-05-01,jma_gsm,h0,20.7,24
2024-05-02,gfs_seamless,h24,22.1,24
2024-05-02,cma_grapes_global,h24,23.9,24
2024-05-02,jma_seamless,h24,23.2,24
2024-05-02,knmi_seamless,h24,21.7,24
2024-05-02,jma_gsm,h24,23.2,24
2024-05-02,gfs_seamless,h0,20.3,24
2024-05-02,cma_grapes_global,h0,23.1,24
2024-05-02,jma_seamless,h0,21.5,24
2024-05-02,knmi_seamless,h0,22.9,24
2024-05-02,jma_gsm,h0,21.5,24
2024-05-03,gfs_seamless,h24,21.3,24
2024-05-03,cma_grapes_global,h24,21.5,24
2024-05-03,jma_seamless,h24,18.4,24
2024-05-03,knmi_seamless,h24,21.9,24
2024-05-03,jma_gsm,h24,18.4,24
2024-05-03,gfs_seamless,h0,18.2,24
2024-05-03,cma_grapes_global,h0,18.4,24
2024-05-03,jma_seamless,h0,18.8,24
2024-05-03,knmi_seamless,h0,19.4,24
2024-05-03,jma_gsm,h0,18.8,24
2024-05-04,gfs_seamless,h24,17.4,24
2024-05-04,cma_grapes_global,h24,20.7,24
2024-05-04,jma_seamless,h24,17.9,24
2024-05-04,knmi_seamless,h24,20.1,24
2024-05-04,jma_gsm,h24,17.9,24
2024-05-04,gfs_seamless,h0,16.9,24
2024-05-04,cma_grapes_global,h0,19.5,24
2024-05-04,jma_seamless,h0,20.6,24
2024-05-04,knmi_seamless,h0,20.8,24
2024-05-04,jma_gsm,h0,20.6,24
2024-05-05,gfs_seamless,h24,23.5,24
2024-05-05,cma_grapes_global,h24,23.1,24
2024-05-05,jma_seamless,h24,23.5,24
2024-05-05,knmi_seamless,h24,24.5,24
2024-05-05,jma_gsm,h24,23.5,24
2024-05-05,gfs_seamless,h0,23.2,24
2024-05-05,cma_grapes_global,h0,23.0,24
2024-05-05,jma_seamless,h0,22.4,24
2024-05-05,knmi_seamless,h0,22.7,24
2024-05-05,jma_gsm,h0,22.4,24
2024-05-06,gfs_seamless,h24,28.7,24
2024-05-06,cma_grapes_global,h24,27.8,24
2024-05-06,jma_seamless,h24,27.3,24
2024-05-06,knmi_seamless,h24,27.1,24
2024-05-06,jma_gsm,h24,27.3,24
2024-05-06,gfs_seamless,h0,28.4,24
2024-05-06,cma_grapes_global,h0,27.0,24
2024-05-06,jma_seamless,h0,26.4,24
2024-05-06,knmi_seamless,h0,27.3,24
2024-05-06,jma_gsm,h0,26.4,24
2024-05-07,gfs_seamless,h24,28.3,24
2024-05-07,cma_grapes_global,h24,29.1,24
2024-05-07,jma_seamless,h24,27.7,24
2024-05-07,knmi_seamless,h24,27.4,24
2024-05-07,jma_gsm,h24,27.7,24
2024-05-07,gfs_seamless,h0,30.2,24
2024-05-07,cma_grapes_global,h0,29.1,24
2024-05-07,jma_seamless,h0,26.8,24
2024-05-07,knmi_seamless,h0,28.8,24
2024-05-07,jma_gsm,h0,26.8,24
2024-05-08,gfs_seamless,h24,29.9,24
2024-05-08,cma_grapes_global,h24,28.9,24
2024-05-08,jma_seamless,h24,28.4,24
2024-05-08,knmi_seamless,h24,28.4,24
2024-05-08,jma_gsm,h24,28.4,24
2024-05-08,gfs_seamless,h0,30.9,24
2024-05-08,cma_grapes_global,h0,29.4,24
2024-05-08,jma_seamless,h0,29.2,24
2024-05-08,knmi_seamless,h0,29.3,24
2024-05-08,jma_gsm,h0,29.2,24
2024-05-09,gfs_seamless,h24,28.1,24
2024-05-09,cma_grapes_global,h24,25.9,24
2024-05-09,jma_seamless,h24,26.8,24
2024-05-09,knmi_seamless,h24,25.1,24
2024-05-09,jma_gsm,h24,26.8,24
2024-05-09,gfs_seamless,h0,28.4,24
2024-05-09,cma_grapes_global,h0,26.7,24
2024-05-09,jma_seamless,h0,27.1,24
2024-05-09,knmi_seamless,h0,26.6,24
2024-05-09,jma_gsm,h0,27.1,24
2024-05-10,gfs_seamless,h24,29.1,24
2024-05-10,cma_grapes_global,h24,28.4,24
2024-05-10,jma_seamless,h24,28.9,24
2024-05-10,knmi_seamless,h24,27.5,24
2024-05-10,jma_gsm,h24,28.9,24
2024-05-10,gfs_seamless,h0,29.0,24
2024-05-10,cma_grapes_global,h0,27.3,24
2024-05-10,jma_seamless,h0,28.3,24
2024-05-10,knmi_seamless,h0,27.8,24
2024-05-10,jma_gsm,h0,28.3,24
2024-05-11,gfs_seamless,h24,24.2,24
2024-05-11,cma_grapes_global,h24,25.2,24
2024-05-11,jma_seamless,h24,25.0,24
2024-05-11,knmi_seamless,h24,27.2,24
2024-05-11,jma_gsm,h24,25.0,24
2024-05-11,gfs_seamless,h0,24.6,24
2024-05-11,cma_grapes_global,h0,25.6,24
2024-05-11,jma_seamless,h0,25.2,24
2024-05-11,knmi_seamless,h0,27.0,24
2024-05-11,jma_gsm,h0,25.2,24
2024-05-12,gfs_seamless,h24,28.8,24
2024-05-12,cma_grapes_global,h24,27.5,24
2024-05-12,jma_seamless,h24,28.4,24
2024-05-12,knmi_seamless,h24,28.5,24
2024-05-12,jma_gsm,h24,28.4,24
2024-05-12,gfs_seamless,h0,28.9,24
2024-05-12,cma_grapes_global,h0,27.8,24
2024-05-12,jma_seamless,h0,27.9,24
2024-05-12,knmi_seamless,h0,28.0,24
2024-05-12,jma_gsm,h0,27.9,24
2024-05-13,gfs_seamless,h24,29.5,24
2024-05-13,cma_grapes_global,h24,26.4,24
2024-05-13,jma_seamless,h24,27.4,24
2024-05-13,knmi_seamless,h24,27.0,24
2024-05-13,jma_gsm,h24,27.4,24
2024-05-13,gfs_seamless,h0,29.6,24
2024-05-13,cma_grapes_global,h0,27.4,24
2024-05-13,jma_seamless,h0,27.5,24
2024-05-13,knmi_seamless,h0,27.3,24
2024-05-13,jma_gsm,h0,27.5,24
2024-05-14,gfs_seamless,h24,31.1,24
2024-05-14,cma_grapes_global,h24,28.1,24
2024-05-14,jma_seamless,h24,28.6,24
2024-05-14,knmi_seamless,h24,28.1,24
2024-05-14,jma_gsm,h24,28.6,24
2024-05-14,gfs_seamless,h0,31.4,24
2024-05-14,cma_grapes_global,h0,29.7,24
2024-05-14,jma_seamless,h0,28.8,24
2024-05-14,knmi_seamless,h0,29.1,24
2024-05-14,jma_gsm,h0,28.8,24
2024-05-15,gfs_seamless,h24,27.9,24
2024-05-15,cma_grapes_global,h24,28.3,24
2024-05-15,jma_seamless,h24,25.6,24
2024-05-15,knmi_seamless,h24,26.4,24
2024-05-15,jma_gsm,h24,25.6,24
2024-05-15,gfs_seamless,h0,29.2,24
2024-05-15,cma_grapes_global,h0,27.0,24
2024-05-15,jma_seamless,h0,26.5,24
2024-05-15,knmi_seamless,h0,28.5,24
2024-05-15,jma_gsm,h0,26.5,24
2024-05-16,gfs_seamless,h24,30.1,24
2024-05-16,cma_grapes_global,h24,25.8,24
2024-05-16,jma_seamless,h24,26.4,24
2024-05-16,knmi_seamless,h24,26.8,24
2024-05-16,jma_gsm,h24,26.4,24
2024-05-16,gfs_seamless,h0,30.6,24
2024-05-16,cma_grapes_global,h0,28.6,24
2024-05-16,jma_seamless,h0,27.4,24
2024-05-16,knmi_seamless,h0,28.0,24
2024-05-16,jma_gsm,h0,27.4,24
2024-05-17,gfs_seamless,h24,33.4,24
2024-05-17,cma_grapes_global,h24,30.5,24
2024-05-17,jma_seamless,h24,30.8,24
2024-05-17,knmi_seamless,h24,30.3,24
2024-05-17,jma_gsm,h24,30.8,24
2024-05-17,gfs_seamless,h0,33.6,24
2024-05-17,cma_grapes_global,h0,31.5,24
2024-05-17,jma_seamless,h0,30.7,24
2024-05-17,knmi_seamless,h0,30.9,24
2024-05-17,jma_gsm,h0,30.7,24
2024-05-18,gfs_seamless,h24,34.6,24
2024-05-18,cma_grapes_global,h24,30.9,24
2024-05-18,jma_seamless,h24,30.8,24
2024-05-18,knmi_seamless,h24,30.9,24
2024-05-18,jma_gsm,h24,30.8,24
2024-05-18,gfs_seamless,h0,34.6,24
2024-05-18,cma_grapes_global,h0,31.4,24
2024-05-18,jma_seamless,h0,30.8,24
2024-05-18,knmi_seamless,h0,31.0,24
2024-05-18,jma_gsm,h0,30.8,24
2024-05-19,gfs_seamless,h24,34.3,24
2024-05-19,cma_grapes_global,h24,29.6,24
2024-05-19,jma_seamless,h24,29.5,24
2024-05-19,knmi_seamless,h24,31.4,24
2024-05-19,jma_gsm,h24,29.5,24
2024-05-19,gfs_seamless,h0,32.7,24
2024-05-19,cma_grapes_global,h0,30.5,24
2024-05-19,jma_seamless,h0,28.2,24
2024-05-19,knmi_seamless,h0,29.4,24
2024-05-19,jma_gsm,h0,28.2,24
2024-05-20,gfs_seamless,h24,29.2,24
2024-05-20,cma_grapes_global,h24,26.6,24
2024-05-20,jma_seamless,h24,24.7,24
2024-05-20,knmi_seamless,h24,28.9,24
2024-05-20,jma_gsm,h24,24.7,24
2024-05-20,gfs_seamless,h0,30.0,24
2024-05-20,cma_grapes_global,h0,27.7,24
2024-05-20,jma_seamless,h0,25.6,24
2024-05-20,knmi_seamless,h0,28.6,24
2024-05-20,jma_gsm,h0,25.6,24
2024-05-21,gfs_seamless,h24,30.3,24
2024-05-21,cma_grapes_global,h24,27.1,24
2024-05-21,jma_seamless,h24,25.4,24
2024-05-21,knmi_seamless,h24,29.2,24
2024-05-21,jma_gsm,h24,25.4,24
2024-05-21,gfs_seamless,h0,25.1,24
2024-05-21,cma_grapes_global,h0,26.8,24
2024-05-21,jma_seamless,h0,25.9,24
2024-05-21,knmi_seamless,h0,27.1,24
2024-05-21,jma_gsm,h0,25.9,24
2024-05-22,gfs_seamless,h24,29.5,24
2024-05-22,cma_grapes_global,h24,27.9,24
2024-05-22,jma_seamless,h24,25.5,24
2024-05-22,knmi_seamless,h24,28.1,24
2024-05-22,jma_gsm,h24,25.5,24
2024-05-22,gfs_seamless,h0,28.6,24
2024-05-22,cma_grapes_global,h0,27.1,24
2024-05-22,jma_seamless,h0,24.5,24
2024-05-22,knmi_seamless,h0,27.7,24
2024-05-22,jma_gsm,h0,24.5,24
2024-05-23,gfs_seamless,h24,32.3,24
2024-05-23,cma_grapes_global,h24,29.1,24
2024-05-23,jma_seamless,h24,28.5,24
2024-05-23,knmi_seamless,h24,29.7,24
2024-05-23,jma_gsm,h24,28.5,24
2024-05-23,gfs_seamless,h0,30.6,24
2024-05-23,cma_grapes_global,h0,31.1,24
2024-05-23,jma_seamless,h0,29.0,24
2024-05-23,knmi_seamless,h0,29.5,24
2024-05-23,jma_gsm,h0,29.0,24
2024-05-24,gfs_seamless,h24,33.0,24
2024-05-24,cma_grapes_global,h24,33.3,24
2024-05-24,jma_seamless,h24,31.2,24
2024-05-24,knmi_seamless,h24,30.4,24
2024-05-24,jma_gsm,h24,31.2,24
2024-05-24,gfs_seamless,h0,34.0,24
2024-05-24,cma_grapes_global,h0,33.3,24
2024-05-24,jma_seamless,h0,33.6,24
2024-05-24,knmi_seamless,h0,31.8,24
2024-05-24,jma_gsm,h0,33.6,24
2024-05-25,gfs_seamless,h24,35.8,24
2024-05-25,cma_grapes_global,h24,34.1,24
2024-05-25,jma_seamless,h24,33.6,24
2024-05-25,knmi_seamless,h24,32.1,24
2024-05-25,jma_gsm,h24,33.6,24
2024-05-25,gfs_seamless,h0,35.9,24
2024-05-25,cma_grapes_global,h0,34.8,24
2024-05-25,jma_seamless,h0,34.4,24
2024-05-25,knmi_seamless,h0,33.3,24
2024-05-25,jma_gsm,h0,34.4,24
2024-05-26,gfs_seamless,h24,34.7,24
2024-05-26,cma_grapes_global,h24,34.7,24
2024-05-26,jma_seamless,h24,29.2,24
2024-05-26,knmi_seamless,h24,31.8,24
2024-05-26,jma_gsm,h24,29.2,24
2024-05-26,gfs_seamless,h0,35.3,24
2024-05-26,cma_grapes_global,h0,34.2,24
2024-05-26,jma_seamless,h0,29.0,24
2024-05-26,knmi_seamless,h0,32.1,24
2024-05-26,jma_gsm,h0,29.0,24
2024-05-27,gfs_seamless,h24,24.9,24
2024-05-27,cma_grapes_global,h24,27.7,24
2024-05-27,jma_seamless,h24,27.2,24
2024-05-27,knmi_seamless,h24,28.1,24
2024-05-27,jma_gsm,h24,27.2,24
2024-05-27,gfs_seamless,h0,28.6,24
2024-05-27,cma_grapes_global,h0,27.1,24
2024-05-27,jma_seamless,h0,26.4,24
2024-05-27,knmi_seamless,h0,28.1,24
2024-05-27,jma_gsm,h0,26.4,24
2024-05-28,gfs_seamless,h24,28.4,24
2024-05-28,cma_grapes_global,h24,26.6,24
2024-05-28,jma_seamless,h24,27.4,24
2024-05-28,knmi_seamless,h24,27.1,24
2024-05-28,jma_gsm,h24,27.4,24
2024-05-28,gfs_seamless,h0,28.8,24
2024-05-28,cma_grapes_global,h0,28.2,24
2024-05-28,jma_seamless,h0,27.6,24
2024-05-28,knmi_seamless,h0,27.6,24
2024-05-28,jma_gsm,h0,27.6,24
2024-05-29,gfs_seamless,h24,28.6,24
2024-05-29,cma_grapes_global,h24,25.3,24
2024-05-29,jma_seamless,h24,26.2,24
2024-05-29,knmi_seamless,h24,27.3,24
2024-05-29,jma_gsm,h24,26.2,24
2024-05-29,gfs_seamless,h0,28.7,24
2024-05-29,cma_grapes_global,h0,27.9,24
2024-05-29,jma_seamless,h0,27.0,24
2024-05-29,knmi_seamless,h0,28.0,24
2024-05-29,jma_gsm,h0,27.0,24
2024-05-30,gfs_seamless,h24,19.6,24
2024-05-30,cma_grapes_global,h24,22.4,24
2024-05-30,jma_seamless,h24,21.8,24
2024-05-30,knmi_seamless,h24,23.8,24
2024-05-30,jma_gsm,h24,21.8,24
2024-05-30,gfs_seamless,h0,20.4,24
2024-05-30,cma_grapes_global,h0,22.5,24
2024-05-30,jma_seamless,h0,24.6,24
2024-05-30,knmi_seamless,h0,21.2,24
2024-05-30,jma_gsm,h0,24.6,24
2024-05-31,gfs_seamless,h24,26.2,24
2024-05-31,cma_grapes_global,h24,24.7,24
2024-05-31,jma_seamless,h24,25.0,24
2024-05-31,knmi_seamless,h24,27.1,24
2024-05-31,jma_gsm,h24,25.0,24
2024-05-31,gfs_seamless,h0,23.9,24
2024-05-31,cma_grapes_global,h0,25.8,24
2024-05-31,jma_seamless,h0,25.3,24
2024-05-31,knmi_seamless,h0,26.5,24
2024-05-31,jma_gsm,h0,25.3,24
2024-06-01,gfs_seamless,h24,26.2,24
2024-06-01,cma_grapes_global,h24,27.6,24
2024-06-01,jma_seamless,h24,28.8,24
2024-06-01,knmi_seamless,h24,29.7,24
2024-06-01,jma_gsm,h24,28.8,24
2024-06-01,gfs_seamless,h0,27.4,24
2024-06-01,cma_grapes_global,h0,28.7,24
2024-06-01,jma_seamless,h0,27.4,24
2024-06-01,knmi_seamless,h0,28.9,24
2024-06-01,jma_gsm,h0,27.4,24
2024-06-02,gfs_seamless,h24,25.1,24
2024-06-02,cma_grapes_global,h24,25.6,24
2024-06-02,jma_seamless,h24,26.7,24
2024-06-02,knmi_seamless,h24,27.0,24
2024-06-02,jma_gsm,h24,26.7,24
2024-06-02,gfs_seamless,h0,27.1,24
2024-06-02,cma_grapes_global,h0,28.3,24
2024-06-02,jma_seamless,h0,26.4,24
2024-06-02,knmi_seamless,h0,28.5,24
2024-06-02,jma_gsm,h0,26.4,24
2024-06-03,gfs_seamless,h24,28.9,24
2024-06-03,cma_grapes_global,h24,28.1,24
2024-06-03,jma_seamless,h24,28.7,24
2024-06-03,knmi_seamless,h24,29.1,24
2024-06-03,jma_gsm,h24,28.7,24
2024-06-03,gfs_seamless,h0,29.1,24
2024-06-03,cma_grapes_global,h0,28.6,24
2024-06-03,jma_seamless,h0,28.0,24
2024-06-03,knmi_seamless,h0,28.6,24
2024-06-03,jma_gsm,h0,28.0,24
2024-06-04,gfs_seamless,h24,23.0,24
2024-06-04,cma_grapes_global,h24,24.1,24
2024-06-04,jma_seamless,h24,27.0,24
2024-06-04,knmi_seamless,h24,25.9,24
2024-06-04,jma_gsm,h24,27.0,24
2024-06-04,gfs_seamless,h0,24.5,24
2024-06-04,cma_grapes_global,h0,26.1,24
2024-06-04,jma_seamless,h0,25.9,24
2024-06-04,knmi_seamless,h0,25.3,24
2024-06-04,jma_gsm,h0,25.9,24
2024-06-05,gfs_seamless,h24,24.4,24
2024-06-05,cma_grapes_global,h24,24.0,24
2024-06-05,jma_seamless,h24,25.2,24
2024-06-05,knmi_seamless,h24,25.1,24
2024-06-05,jma_gsm,h24,25.2,24
2024-06-05,gfs_seamless,h0,22.8,24
2024-06-05,cma_grapes_global,h0,23.8,24
2024-06-05,jma_seamless,h0,24.4,24
2024-06-05,knmi_seamless,h0,25.4,24
2024-06-05,jma_gsm,h0,24.4,24
2024-06-06,gfs_seamless,h24,28.2,24
2024-06-06,cma_grapes_global,h24,28.3,24
2024-06-06,jma_seamless,h24,27.3,24
2024-06-06,knmi_seamless,h24,27.2,24
2024-06-06,jma_gsm,h24,27.3,24
2024-06-06,gfs_seamless,h0,28.0,24
2024-06-06,cma_grapes_global,h0,26.9,24
2024-06-06,jma_seamless,h0,27.0,24
2024-06-06,knmi_seamless,h0,26.9,24
2024-06-06,jma_gsm,h0,27.0,24
2024-06-07,gfs_seamless,h24,29.9,24
2024-06-07,cma_grapes_global,h24,28.6,24
2024-06-07,jma_seamless,h24,26.7,24
2024-06-07,knmi_seamless,h24,28.0,24
2024-06-07,jma_gsm,h24,26.7,24
2024-06-07,gfs_seamless,h0,29.1,24
2024-06-07,cma_grapes_global,h0,28.4,24
2024-06-07,jma_seamless,h0,27.2,24
2024-06-07,knmi_seamless,h0,28.5,24
2024-06-07,jma_gsm,h0,27.2,24
2024-06-08,gfs_seamless,h24,31.7,24
2024-06-08,cma_grapes_global,h24,31.2,24
2024-06-08,jma_seamless,h24,28.3,24
2024-06-08,knmi_seamless,h24,29.0,24
2024-06-08,jma_gsm,h24,28.3,24
2024-06-08,gfs_seamless,h0,31.9,24
2024-06-08,cma_grapes_global,h0,31.9,24
2024-06-08,jma_seamless,h0,28.5,24
2024-06-08,knmi_seamless,h0,29.7,24
2024-06-08,jma_gsm,h0,28.5,24
2024-06-09,gfs_seamless,h24,30.6,24
2024-06-09,cma_grapes_global,h24,27.7,24
2024-06-09,jma_seamless,h24,29.6,24
2024-06-09,knmi_seamless,h24,29.6,24
2024-06-09,jma_gsm,h24,29.6,24
2024-06-09,gfs_seamless,h0,27.3,24
2024-06-09,cma_grapes_global,h0,27.0,24
2024-06-09,jma_seamless,h0,28.0,24
2024-06-09,knmi_seamless,h0,27.4,24
2024-06-09,jma_gsm,h0,28.0,24
2024-06-10,gfs_seamless,h24,29.8,24
2024-06-10,cma_grapes_global,h24,30.0,24
2024-06-10,jma_seamless,h24,28.5,24
2024-06-10,knmi_seamless,h24,28.4,24
2024-06-10,jma_gsm,h24,28.5,24
2024-06-10,gfs_seamless,h0,29.2,24
2024-06-10,cma_grapes_global,h0,29.1,24
2024-06-10,jma_seamless,h0,28.0,24
2024-06-10,knmi_seamless,h0,27.8,24
2024-06-10,jma_gsm,h0,28.0,24
2024-06-11,gfs_seamless,h24,31.9,24
2024-06-11,cma_grapes_global,h24,32.4,24
2024-06-11,jma_seamless,h24,29.5,24
2024-06-11,knmi_seamless,h24,31.0,24
2024-06-11,jma_gsm,h24,29.5,24
2024-06-11,gfs_seamless,h0,30.7,24
2024-06-11,cma_grapes_global,h0,30.8,24
2024-06-11,jma_seamless,h0,29.9,24
2024-06-11,knmi_seamless,h0,30.9,24
2024-06-11,jma_gsm,h0,29.9,24
2024-06-12,gfs_seamless,h24,35.9,24
2024-06-12,cma_grapes_global,h24,34.1,24
2024-06-12,jma_seamless,h24,33.6,24
2024-06-12,knmi_seamless,h24,32.3,24
2024-06-12,jma_gsm,h24,33.6,24
2024-06-12,gfs_seamless,h0,34.8,24
2024-06-12,cma_grapes_global,h0,33.8,24
2024-06-12,jma_seamless,h0,33.0,24
2024-06-12,knmi_seamless,h0,32.2,24
2024-06-12,jma_gsm,h0,33.0,24
2024-06-13,gfs_seamless,h24,35.1,24
2024-06-13,cma_grapes_global,h24,33.8,24
2024-06-13,jma_seamless,h24,32.2,24
2024-06-13,knmi_seamless,h24,32.5,24
2024-06-13,jma_gsm,h24,32.2,24
2024-06-13,gfs_seamless,h0,34.9,24
2024-06-13,cma_grapes_global,h0,33.5,24
2024-06-13,jma_seamless,h0,31.9,24
2024-06-13,knmi_seamless,h0,33.0,24
2024-06-13,jma_gsm,h0,31.9,24
2024-06-14,gfs_seamless,h24,35.7,24
2024-06-14,cma_grapes_global,h24,34.5,24
2024-06-14,jma_seamless,h24,32.4,24
2024-06-14,knmi_seamless,h24,33.6,24
2024-06-14,jma_gsm,h24,32.4,24
2024-06-14,gfs_seamless,h0,36.3,24
2024-06-14,cma_grapes_global,h0,34.7,24
2024-06-14,jma_seamless,h0,32.3,24
2024-06-14,knmi_seamless,h0,33.7,24
2024-06-14,jma_gsm,h0,32.3,24
2024-06-15,gfs_seamless,h24,37.7,24
2024-06-15,cma_grapes_global,h24,36.3,24
2024-06-15,jma_seamless,h24,35.4,24
2024-06-15,knmi_seamless,h24,34.6,24
2024-06-15,jma_gsm,h24,35.4,24
2024-06-15,gfs_seamless,h0,36.7,24
2024-06-15,cma_grapes_global,h0,35.8,24
2024-06-15,jma_seamless,h0,35.9,24
2024-06-15,knmi_seamless,h0,34.6,24
2024-06-15,jma_gsm,h0,35.9,24
2024-06-16,gfs_seamless,h24,36.1,24
2024-06-16,cma_grapes_global,h24,35.4,24
2024-06-16,jma_seamless,h24,31.6,24
2024-06-16,knmi_seamless,h24,33.4,24
2024-06-16,jma_gsm,h24,31.6,24
2024-06-16,gfs_seamless,h0,35.5,24
2024-06-16,cma_grapes_global,h0,35.7,24
2024-06-16,jma_seamless,h0,30.4,24
2024-06-16,knmi_seamless,h0,33.2,24
2024-06-16,jma_gsm,h0,30.4,24
2024-06-17,gfs_seamless,h24,31.1,24
2024-06-17,cma_grapes_global,h24,30.9,24
2024-06-17,jma_seamless,h24,29.8,24
2024-06-17,knmi_seamless,h24,31.1,24
2024-06-17,jma_gsm,h24,29.8,24
2024-06-17,gfs_seamless,h0,32.5,24
2024-06-17,cma_grapes_global,h0,32.2,24
2024-06-17,jma_seamless,h0,31.1,24
2024-06-17,knmi_seamless,h0,31.3,24
2024-06-17,jma_gsm,h0,31.1,24
2024-06-18,gfs_seamless,h24,31.5,24
2024-06-18,cma_grapes_global,h24,30.8,24
2024-06-18,jma_seamless,h24,27.7,24
2024-06-18,knmi_seamless,h24,30.5,24
2024-06-18,jma_gsm,h24,27.7,24
2024-06-18,gfs_seamless,h0,31.7,24
2024-06-18,cma_grapes_global,h0,30.3,24
2024-06-18,jma_seamless,h0,29.6,24
2024-06-18,knmi_seamless,h0,30.2,24
2024-06-18,jma_gsm,h0,29.6,24
2024-06-19,gfs_seamless,h24,25.6,24
2024-06-19,cma_grapes_global,h24,29.4,24
2024-06-19,jma_seamless,h24,28.5,24
2024-06-19,knmi_seamless,h24,30.1,24
2024-06-19,jma_gsm,h24,28.5,24
2024-06-19,gfs_seamless,h0,28.9,24
2024-06-19,cma_grapes_global,h0,28.2,24
2024-06-19,jma_seamless,h0,27.4,24
2024-06-19,knmi_seamless,h0,29.8,24
2024-06-19,jma_gsm,h0,27.4,24
2024-06-20,gfs_seamless,h24,28.8,24
2024-06-20,cma_grapes_global,h24,30.5,24
2024-06-20,jma_seamless,h24,31.0,24
2024-06-20,knmi_seamless,h24,30.9,24
2024-06-20,jma_gsm,h24,31.0,24
2024-06-20,gfs_seamless,h0,29.1,24
2024-06-20,cma_grapes_global,h0,30.1,24
2024-06-20,jma_seamless,h0,28.5,24
2024-06-20,knmi_seamless,h0,30.4,24
2024-06-20,jma_gsm,h0,28.5,24
2024-06-21,gfs_seamless,h24,30.8,24
2024-06-21,cma_grapes_global,h24,31.5,24
2024-06-21,jma_seamless,h24,30.7,24
2024-06-21,knmi_seamless,h24,31.3,24
2024-06-21,jma_gsm,h24,30.7,24
2024-06-21,gfs_seamless,h0,32.9,24
2024-06-21,cma_grapes_global,h0,33.6,24
2024-06-21,jma_seamless,h0,29.9,24
2024-06-21,knmi_seamless,h0,32.5,24
2024-06-21,jma_gsm,h0,29.9,24
2024-06-22,gfs_seamless,h24,31.0,24
2024-06-22,cma_grapes_global,h24,29.3,24
2024-06-22,jma_seamless,h24,28.3,24
2024-06-22,knmi_seamless,h24,31.9,24
2024-06-22,jma_gsm,h24,28.3,24
2024-06-22,gfs_seamless,h0,30.5,24
2024-06-22,cma_grapes_global,h0,31.0,24
2024-06-22,jma_seamless,h0,30.4,24
2024-06-22,knmi_seamless,h0,30.1,24
2024-06-22,jma_gsm,h0,30.4,24
2024-06-23,gfs_seamless,h24,30.0,24
2024-06-23,cma_grapes_global,h24,26.6,24
2024-06-23,jma_seamless,h24,29.7,24
2024-06-23,knmi_seamless,h24,30.1,24
2024-06-23,jma_gsm,h24,29.7,24
2024-06-23,gfs_seamless,h0,28.3,24
2024-06-23,cma_grapes_global,h0,30.1,24
2024-06-23,jma_seamless,h0,29.9,24
2024-06-23,knmi_seamless,h0,30.6,24
2024-06-23,jma_gsm,h0,29.9,24
2024-06-24,gfs_seamless,h24,25.9,24
2024-06-24,cma_grapes_global,h24,28.7,24
2024-06-24,jma_seamless,h24,28.5,24
2024-06-24,knmi_seamless,h24,29.5,24
2024-06-24,jma_gsm,h24,28.5,24
2024-06-24,gfs_seamless,h0,26.2,24
2024-06-24,cma_grapes_global,h0,29.6,24
2024-06-24,jma_seamless,h0,27.5,24
2024-06-24,knmi_seamless,h0,27.6,24
2024-06-24,jma_gsm,h0,27.5,24
2024-06-25,gfs_seamless,h24,29.9,24
2024-06-25,cma_grapes_global,h24,26.4,24
2024-06-25,jma_seamless,h24,26.0,24
2024-06-25,knmi_seamless,h24,26.4,24
2024-06-25,jma_gsm,h24,26.0,24
2024-06-25,gfs_seamless,h0,28.3,24
2024-06-25,cma_grapes_global,h0,28.4,24
2024-06-25,jma_seamless,h0,27.9,24
2024-06-25,knmi_seamless,h0,27.7,24
2024-06-25,jma_gsm,h0,27.9,24
2024-06-26,gfs_seamless,h24,30.1,24
2024-06-26,cma_grapes_global,h24,31.7,24
2024-06-26,jma_seamless,h24,29.3,24
2024-06-26,knmi_seamless,h24,28.8,24
2024-06-26,jma_gsm,h24,29.3,24
2024-06-26,gfs_seamless,h0,29.1,24
2024-06-26,cma_grapes_global,h0,29.7,24
2024-06-26,jma_seamless,h0,28.8,24
2024-06-26,knmi_seamless,h0,28.6,24
2024-06-26,jma_gsm,h0,28.8,24
2024-06-27,gfs_seamless,h24,23.0,24
2024-06-27,cma_grapes_global,h24,28.9,24
2024-06-27,jma_seamless,h24,25.9,24
2024-06-27,knmi_seamless,h24,27.0,24
2024-06-27,jma_gsm,h24,25.9,24
2024-06-27,gfs_seamless,h0,23.3,24
2024-06-27,cma_grapes_global,h0,26.3,24
2024-06-27,jma_seamless,h0,26.4,24
2024-06-27,knmi_seamless,h0,26.6,24
2024-06-27,jma_gsm,h0,26.4,24
2024-06-28,gfs_seamless,h24,23.3,24
2024-06-28,cma_grapes_global,h24,26.5,24
2024-06-28,jma_seamless,h24,26.1,24
2024-06-28,knmi_seamless,h24,25.5,24
2024-06-28,jma_gsm,h24,26.1,24
2024-06-28,gfs_seamless,h0,25.0,24
2024-06-28,cma_grapes_global,h0,26.7,24
2024-06-28,jma_seamless,h0,25.8,24
2024-06-28,knmi_seamless,h0,25.3,24
2024-06-28,jma_gsm,h0,25.8,24
2024-06-29,icon_seamless,h24,24.5,24
2024-06-29,meteofrance_seamless,h24,24.2,24
2024-06-29,gem_seamless,h24,25.3,24
2024-06-29,ecmwf_ifs025,h24,26.9,24
2024-06-29,icon_seamless,h0,26.5,24
2024-06-29,ukmo_seamless,h0,26.4,24
2024-06-29,meteofrance_seamless,h0,23.3,24
2024-06-29,gem_seamless,h0,26.0,24
2024-06-29,ecmwf_ifs025,h0,26.5,24
2024-06-30,icon_seamless,h24,31.4,24
2024-06-30,meteofrance_seamless,h24,28.1,24
2024-06-30,gem_seamless,h24,29.2,24
2024-06-30,ecmwf_ifs025,h24,31.7,24
2024-06-30,icon_seamless,h0,30.6,24
2024-06-30,ukmo_seamless,h0,30.7,24
2024-06-30,meteofrance_seamless,h0,29.0,24
2024-06-30,gem_seamless,h0,31.1,24
2024-06-30,ecmwf_ifs025,h0,30.4,24
2024-07-01,icon_seamless,h24,27.8,24
2024-07-01,meteofrance_seamless,h24,26.1,24
2024-07-01,gem_seamless,h24,29.3,24
2024-07-01,ecmwf_ifs025,h24,26.2,24
2024-07-01,icon_seamless,h0,29.2,24
2024-07-01,ukmo_seamless,h0,28.7,24
2024-07-01,meteofrance_seamless,h0,28.8,24
2024-07-01,gem_seamless,h0,29.1,24
2024-07-01,ecmwf_ifs025,h0,30.1,24
2024-07-02,icon_seamless,h24,29.4,24
2024-07-02,meteofrance_seamless,h24,27.9,24
2024-07-02,gem_seamless,h24,29.5,24
2024-07-02,ecmwf_ifs025,h24,29.7,24
2024-07-02,icon_seamless,h0,29.4,24
2024-07-02,ukmo_seamless,h0,30.0,24
2024-07-02,meteofrance_seamless,h0,28.7,24
2024-07-02,gem_seamless,h0,28.0,24
2024-07-02,ecmwf_ifs025,h0,29.3,24
2024-07-03,icon_seamless,h24,28.8,24
2024-07-03,meteofrance_seamless,h24,29.2,24
2024-07-03,gem_seamless,h24,27.3,24
2024-07-03,ecmwf_ifs025,h24,29.9,24
2024-07-03,icon_seamless,h0,31.2,24
2024-07-03,ukmo_seamless,h0,31.0,24
2024-07-03,meteofrance_seamless,h0,29.6,24
2024-07-03,gem_seamless,h0,30.7,24
2024-07-03,ecmwf_ifs025,h0,30.6,24
2024-07-04,icon_seamless,h24,32.8,24
2024-07-04,meteofrance_seamless,h24,31.0,24
2024-07-04,gem_seamless,h24,32.5,24
2024-07-04,ecmwf_ifs025,h24,31.3,24
2024-07-04,icon_seamless,h0,32.1,24
2024-07-04,ukmo_seamless,h0,32.9,24
2024-07-04,meteofrance_seamless,h0,31.5,24
2024-07-04,gem_seamless,h0,31.7,24
2024-07-04,ecmwf_ifs025,h0,30.2,24
2024-07-05,icon_seamless,h24,34.8,24
2024-07-05,meteofrance_seamless,h24,32.3,24
2024-07-05,gem_seamless,h24,33.4,24
2024-07-05,ecmwf_ifs025,h24,33.2,24
2024-07-05,icon_seamless,h0,35.0,24
2024-07-05,ukmo_seamless,h0,34.9,24
2024-07-05,meteofrance_seamless,h0,33.3,24
2024-07-05,gem_seamless,h0,33.6,24
2024-07-05,ecmwf_ifs025,h0,33.4,24
2024-07-06,icon_seamless,h24,35.5,24
2024-07-06,meteofrance_seamless,h24,32.7,24
2024-07-06,gem_seamless,h24,33.5,24
2024-07-06,ecmwf_ifs025,h24,33.5,24
2024-07-06,icon_seamless,h0,35.4,24
2024-07-06,ukmo_seamless,h0,35.0,24
2024-07-06,meteofrance_seamless,h0,33.4,24
2024-07-06,gem_seamless,h0,34.0,24
2024-07-06,ecmwf_ifs025,h0,33.7,24
2024-07-07,icon_seamless,h24,36.5,24
2024-07-07,meteofrance_seamless,h24,32.9,24
2024-07-07,gem_seamless,h24,34.2,24
2024-07-07,ecmwf_ifs025,h24,34.0,24
2024-07-07,icon_seamless,h0,36.4,24
2024-07-07,ukmo_seamless,h0,36.1,24
2024-07-07,meteofrance_seamless,h0,33.7,24
2024-07-07,gem_seamless,h0,34.1,24
2024-07-07,ecmwf_ifs025,h0,34.2,24
2024-07-08,icon_seamless,h24,36.6,24
2024-07-08,meteofrance_seamless,h24,32.0,24
2024-07-08,gem_seamless,h24,33.1,24
2024-07-08,ecmwf_ifs025,h24,33.8,24
2024-07-08,icon_seamless,h0,35.3,24
2024-07-08,ukmo_seamless,h0,36.0,24
2024-07-08,meteofrance_seamless,h0,33.1,24
2024-07-08,gem_seamless,h0,34.3,24
2024-07-08,ecmwf_ifs025,h0,34.1,24
2024-07-09,icon_seamless,h24,35.4,24
2024-07-09,meteofrance_seamless,h24,30.8,24
2024-07-09,gem_seamless,h24,31.8,24
2024-07-09,ecmwf_ifs025,h24,31.4,24
2024-07-09,icon_seamless,h0,34.1,24
2024-07-09,ukmo_seamless,h0,34.2,24
2024-07-09,meteofrance_seamless,h0,31.0,24
2024-07-09,gem_seamless,h0,33.6,24
2024-07-09,ecmwf_ifs025,h0,32.3,24
2024-07-10,icon_seamless,h24,30.0,24
2024-07-10,meteofrance_seamless,h24,27.3,24
2024-07-10,gem_seamless,h24,28.6,24
2024-07-10,ecmwf_ifs025,h24,30.5,24
2024-07-10,icon_seamless,h0,29.3,24
2024-07-10,ukmo_seamless,h0,30.9,24
2024-07-10,meteofrance_seamless,h0,29.8,24
2024-07-10,gem_seamless,h0,29.3,24
2024-07-10,ecmwf_ifs025,h0,29.3,24
2024-07-11,icon_seamless,h24,29.1,24
2024-07-11,meteofrance_seamless,h24,26.7,24
2024-07-11,gem_seamless,h24,29.2,24
2024-07-11,ecmwf_ifs025,h24,28.0,24
2024-07-11,icon_seamless,h0,29.5,24
2024-07-11,ukmo_seamless,h0,30.0,24
2024-07-11,meteofrance_seamless,h0,27.8,24
2024-07-11,gem_seamless,h0,29.1,24
2024-07-11,ecmwf_ifs025,h0,29.2,24
2024-07-12,icon_seamless,h24,30.9,24
2024-07-12,meteofrance_seamless,h24,28.3,24
2024-07-12,gem_seamless,h24,27.8,24
2024-07-12,ecmwf_ifs025,h24,30.1,24
2024-07-12,icon_seamless,h0,31.3,24
2024-07-12,ukmo_seamless,h0,30.5,24
2024-07-12,meteofrance_seamless,h0,30.6,24
2024-07-12,gem_seamless,h0,29.3,24
2024-07-12,ecmwf_ifs025,h0,32.0,24
2024-07-13,icon_seamless,h24,29.1,24
2024-07-13,meteofrance_seamless,h24,28.3,24
2024-07-13,gem_seamless,h24,28.5,24
2024-07-13,ecmwf_ifs025,h24,29.3,24
2024-07-13,icon_seamless,h0,28.6,24
2024-07-13,ukmo_seamless,h0,27.8,24
2024-07-13,meteofrance_seamless,h0,28.0,24
2024-07-13,gem_seamless,h0,27.6,24
2024-07-13,ecmwf_ifs025,h0,28.4,24
2024-07-14,icon_seamless,h24,29.2,24
2024-07-14,meteofrance_seamless,h24,27.7,24
2024-07-14,gem_seamless,h24,27.1,24
2024-07-14,ecmwf_ifs025,h24,30.1,24
2024-07-14,icon_seamless,h0,28.7,24
2024-07-14,ukmo_seamless,h0,29.3,24
2024-07-14,meteofrance_seamless,h0,28.1,24
2024-07-14,gem_seamless,h0,28.0,24
2024-07-14,ecmwf_ifs025,h0,29.3,24
2024-07-15,icon_seamless,h24,33.0,24
2024-07-15,meteofrance_seamless,h24,30.3,24
2024-07-15,gem_seamless,h24,32.1,24
2024-07-15,ecmwf_ifs025,h24,32.2,24
2024-07-15,icon_seamless,h0,32.8,24
2024-07-15,ukmo_seamless,h0,32.2,24
2024-07-15,meteofrance_seamless,h0,32.1,24
2024-07-15,gem_seamless,h0,31.7,24
2024-07-15,ecmwf_ifs025,h0,31.3,24
2024-07-16,icon_seamless,h24,34.5,24
2024-07-16,meteofrance_seamless,h24,31.6,24
2024-07-16,gem_seamless,h24,34.0,24
2024-07-16,ecmwf_ifs025,h24,32.5,24
2024-07-16,icon_seamless,h0,34.0,24
2024-07-16,ukmo_seamless,h0,33.0,24
2024-07-16,meteofrance_seamless,h0,32.7,24
2024-07-16,gem_seamless,h0,32.8,24
2024-07-16,ecmwf_ifs025,h0,32.6,24
2024-07-17,icon_seamless,h24,34.4,24
2024-07-17,meteofrance_seamless,h24,32.4,24
2024-07-17,gem_seamless,h24,33.2,24
2024-07-17,ecmwf_ifs025,h24,32.9,24
2024-07-17,icon_seamless,h0,35.3,24
2024-07-17,ukmo_seamless,h0,35.4,24
2024-07-17,meteofrance_seamless,h0,33.0,24
2024-07-17,gem_seamless,h0,33.8,24
2024-07-17,ecmwf_ifs025,h0,33.9,24
2024-07-18,icon_seamless,h24,35.2,24
2024-07-18,meteofrance_seamless,h24,31.8,24
2024-07-18,gem_seamless,h24,32.3,24
2024-07-18,ecmwf_ifs025,h24,32.0,24
2024-07-18,icon_seamless,h0,34.3,24
2024-07-18,ukmo_seamless,h0,34.3,24
2024-07-18,meteofrance_seamless,h0,32.2,24
2024-07-18,gem_seamless,h0,32.7,24
2024-07-18,ecmwf_ifs025,h0,33.5,24
2024-07-19,icon_seamless,h24,33.9,24
2024-07-19,meteofrance_seamless,h24,32.1,24
2024-07-19,gem_seamless,h24,33.1,24
2024-07-19,ecmwf_ifs025,h24,32.9,24
2024-07-19,icon_seamless,h0,34.1,24
2024-07-19,ukmo_seamless,h0,34.5,24
2024-07-19,meteofrance_seamless,h0,31.8,24
2024-07-19,gem_seamless,h0,32.4,24
2024-07-19,ecmwf_ifs025,h0,32.3,24
2024-07-20,icon_seamless,h24,33.9,24
2024-07-20,meteofrance_seamless,h24,32.1,24
2024-07-20,gem_seamless,h24,32.2,24
2024-07-20,ecmwf_ifs025,h24,33.1,24
2024-07-20,icon_seamless,h0,33.0,24
2024-07-20,ukmo_seamless,h0,32.9,24
2024-07-20,meteofrance_seamless,h0,31.3,24
2024-07-20,gem_seamless,h0,32.4,24
2024-07-20,ecmwf_ifs025,h0,31.6,24
2024-07-21,icon_seamless,h24,37.6,24
2024-07-21,meteofrance_seamless,h24,34.3,24
2024-07-21,gem_seamless,h24,35.2,24
2024-07-21,ecmwf_ifs025,h24,35.0,24
2024-07-21,icon_seamless,h0,37.2,24
2024-07-21,ukmo_seamless,h0,36.7,24
2024-07-21,meteofrance_seamless,h0,34.9,24
2024-07-21,gem_seamless,h0,35.4,24
2024-07-21,ecmwf_ifs025,h0,35.1,24
2024-07-22,icon_seamless,h24,38.7,24
2024-07-22,meteofrance_seamless,h24,34.8,24
2024-07-22,gem_seamless,h24,35.4,24
2024-07-22,ecmwf_ifs025,h24,35.5,24
2024-07-22,icon_seamless,h0,38.3,24
2024-07-22,ukmo_seamless,h0,37.5,24
2024-07-22,meteofrance_seamless,h0,35.5,24
2024-07-22,gem_seamless,h0,36.0,24
2024-07-22,ecmwf_ifs025,h0,35.7,24
2024-07-23,icon_seamless,h24,39.8,24
2024-07-23,meteofrance_seamless,h24,35.9,24
2024-07-23,gem_seamless,h24,36.6,24
2024-07-23,ecmwf_ifs025,h24,36.4,24
2024-07-23,icon_seamless,h0,39.0,24
2024-07-23,ukmo_seamless,h0,38.2,24
2024-07-23,meteofrance_seamless,h0,36.3,24
2024-07-23,gem_seamless,h0,36.9,24
2024-07-23,ecmwf_ifs025,h0,36.5,24
2024-07-24,icon_seamless,h24,40.3,24
2024-07-24,meteofrance_seamless,h24,36.3,24
2024-07-24,gem_seamless,h24,37.1,24
2024-07-24,ecmwf_ifs025,h24,37.2,24
2024-07-24,icon_seamless,h0,39.2,24
2024-07-24,ukmo_seamless,h0,38.0,24
2024-07-24,meteofrance_seamless,h0,36.6,24
2024-07-24,gem_seamless,h0,36.7,24
2024-07-24,ecmwf_ifs025,h0,37.1,24
2024-07-25,icon_seamless,h24,41.0,24
2024-07-25,meteofrance_seamless,h24,35.6,24
2024-07-25,gem_seamless,h24,36.2,24
2024-07-25,ecmwf_ifs025,h24,35.7,24
2024-07-25,icon_seamless,h0,38.4,24
2024-07-25,ukmo_seamless,h0,38.1,24
2024-07-25,meteofrance_seamless,h0,35.5,24
2024-07-25,gem_seamless,h0,36.7,24
2024-07-25,ecmwf_ifs025,h0,35.6,24
2024-07-26,icon_seamless,h24,36.3,24
2024-07-26,meteofrance_seamless,h24,34.4,24
2024-07-26,gem_seamless,h24,36.0,24
2024-07-26,ecmwf_ifs025,h24,33.8,24
2024-07-26,icon_seamless,h0,36.3,24
2024-07-26,ukmo_seamless,h0,35.1,24
2024-07-26,meteofrance_seamless,h0,34.6,24
2024-07-26,gem_seamless,h0,35.6,24
2024-07-26,ecmwf_ifs025,h0,34.1,24
2024-07-27,icon_seamless,h24,32.4,24
2024-07-27,meteofrance_seamless,h24,30.5,24
2024-07-27,gem_seamless,h24,33.1,24
2024-07-27,ecmwf_ifs025,h24,31.5,24
2024-07-27,icon_seamless,h0,32.0,24
2024-07-27,ukmo_seamless,h0,32.9,24
2024-07-27,meteofrance_seamless,h0,30.9,24
2024-07-27,gem_seamless,h0,31.0,24
2024-07-27,ecmwf_ifs025,h0,32.2,24
2024-07-28,icon_seamless,h24,30.7,24
2024-07-28,meteofrance_seamless,h24,28.1,24
2024-07-28,gem_seamless,h24,32.0,24
2024-07-28,ecmwf_ifs025,h24,30.9,24
2024-07-28,icon_seamless,h0,31.9,24
2024-07-28,ukmo_seamless,h0,33.2,24
2024-07-28,meteofrance_seamless,h0,30.9,24
2024-07-28,gem_seamless,h0,30.8,24
2024-07-28,ecmwf_ifs025,h0,31.5,24
2024-07-29,icon_seamless,h24,34.1,24
2024-07-29,meteofrance_seamless,h24,33.1,24
2024-07-29,gem_seamless,h24,34.7,24
2024-07-29,ecmwf_ifs025,h24,33.2,24
2024-07-29,icon_seamless,h0,34.2,24
2024-07-29,ukmo_seamless,h0,34.3,24
2024-07-29,meteofrance_seamless,h0,33.7,24
2024-07-29,gem_seamless,h0,35.0,24
2024-07-29,ecmwf_ifs025,h0,33.2,24
2024-07-30,icon_seamless,h24,36.3,24
2024-07-30,meteofrance_seamless,h24,34.5,24
2024-07-30,gem_seamless,h24,36.7,24
2024-07-30,ecmwf_ifs025,h24,33.9,24
2024-07-30,icon_seamless,h0,35.9,24
2024-07-30,ukmo_seamless,h0,35.0,24
2024-07-30,meteofrance_seamless,h0,34.9,24
2024-07-30,gem_seamless,h0,37.1,24
2024-07-30,ecmwf_ifs025,h0,34.1,24
2024-07-31,icon_seamless,h24,35.3,24
2024-07-31,meteofrance_seamless,h24,34.7,24
2024-07-31,gem_seamless,h24,36.5,24
2024-07-31,ecmwf_ifs025,h24,34.0,24
2024-07-31,icon_seamless,h0,35.7,24
2024-07-31,ukmo_seamless,h0,35.3,24
2024-07-31,meteofrance_seamless,h0,35.4,24
2024-07-31,gem_seamless,h0,36.7,24
2024-07-31,ecmwf_ifs025,h0,34.4,24
2024-08-01,icon_seamless,h24,33.0,24
2024-08-01,meteofrance_seamless,h24,32.4,24
2024-08-01,gem_seamless,h24,34.4,24
2024-08-01,ecmwf_ifs025,h24,32.9,24
2024-08-01,icon_seamless,h0,31.8,24
2024-08-01,ukmo_seamless,h0,31.8,24
2024-08-01,meteofrance_seamless,h0,29.7,24
2024-08-01,gem_seamless,h0,34.0,24
2024-08-01,ecmwf_ifs025,h0,31.2,24
2024-08-02,icon_seamless,h24,35.2,24
2024-08-02,meteofrance_seamless,h24,33.4,24
2024-08-02,gem_seamless,h24,36.1,24
2024-08-02,ecmwf_ifs025,h24,33.7,24
2024-08-02,icon_seamless,h0,34.9,24
2024-08-02,ukmo_seamless,h0,34.2,24
2024-08-02,meteofrance_seamless,h0,32.3,24
2024-08-02,gem_seamless,h0,34.8,24
2024-08-02,ecmwf_ifs025,h0,32.8,24
2024-08-03,icon_seamless,h24,36.5,24
2024-08-03,meteofrance_seamless,h24,34.8,24
2024-08-03,gem_seamless,h24,36.8,24
2024-08-03,ecmwf_ifs025,h24,34.2,24
2024-08-03,icon_seamless,h0,36.1,24
2024-08-03,ukmo_seamless,h0,35.2,24
2024-08-03,meteofrance_seamless,h0,34.6,24
2024-08-03,gem_seamless,h0,35.8,24
2024-08-03,ecmwf_ifs025,h0,34.2,24
2024-08-04,icon_seamless,h24,37.5,24
2024-08-04,meteofrance_seamless,h24,36.0,24
2024-08-04,gem_seamless,h24,37.7,24
2024-08-04,ecmwf_ifs025,h24,35.2,24
2024-08-04,icon_seamless,h0,36.6,24
2024-08-04,ukmo_seamless,h0,36.1,24
2024-08-04,meteofrance_seamless,h0,35.7,24
2024-08-04,gem_seamless,h0,37.2,24
2024-08-04,ecmwf_ifs025,h0,35.3,24
2024-08-05,icon_seamless,h24,38.2,24
2024-08-05,meteofrance_seamless,h24,36.7,24
2024-08-05,gem_seamless,h24,37.9,24
2024-08-05,ecmwf_ifs025,h24,35.9,24
2024-08-05,icon_seamless,h0,37.7,24
2024-08-05,ukmo_seamless,h0,37.1,24
2024-08-05,meteofrance_seamless,h0,37.1,24
2024-08-05,gem_seamless,h0,37.7,24
2024-08-05,ecmwf_ifs025,h0,36.2,24
2024-08-06,icon_seamless,h24,39.1,24
2024-08-06,meteofrance_seamless,h24,37.9,24
2024-08-06,gem_seamless,h24,36.9,24
2024-08-06,ecmwf_ifs025,h24,36.6,24
2024-08-06,icon_seamless,h0,38.4,24
2024-08-06,ukmo_seamless,h0,37.7,24
2024-08-06,meteofrance_seamless,h0,36.2,24
2024-08-06,gem_seamless,h0,37.5,24
2024-08-06,ecmwf_ifs025,h0,36.1,24
2024-08-07,icon_seamless,h24,40.4,24
2024-08-07,meteofrance_seamless,h24,38.2,24
2024-08-07,gem_seamless,h24,38.7,24
2024-08-07,ecmwf_ifs025,h24,36.9,24
2024-08-07,icon_seamless,h0,38.5,24
2024-08-07,ukmo_seamless,h0,37.7,24
2024-08-07,meteofrance_seamless,h0,36.3,24
2024-08-07,gem_seamless,h0,38.2,24
2024-08-07,ecmwf_ifs025,h0,36.5,24
2024-08-08,icon_seamless,h24,40.4,24
2024-08-08,meteofrance_seamless,h24,38.4,24
2024-08-08,gem_seamless,h24,38.6,24
2024-08-08,ecmwf_ifs025,h24,37.0,24
2024-08-08,icon_seamless,h0,39.4,24
2024-08-08,ukmo_seamless,h0,38.0,24
2024-08-08,meteofrance_seamless,h0,37.6,24
2024-08-08,gem_seamless,h0,37.9,24
2024-08-08,ecmwf_ifs025,h0,36.6,24
2024-08-08,ukmo_seamless,h24,37.6,8
2024-08-09,icon_seamless,h24,39.5,24
2024-08-09,ukmo_seamless,h24,37.4,24
2024-08-09,meteofrance_seamless,h24,37.9,24
2024-08-09,gem_seamless,h24,37.9,24
2024-08-09,ecmwf_ifs025,h24,37.0,24
2024-08-09,icon_seamless,h0,38.0,24
2024-08-09,ukmo_seamless,h0,37.2,24
2024-08-09,meteofrance_seamless,h0,36.9,24
2024-08-09,gem_seamless,h0,37.7,24
2024-08-09,ecmwf_ifs025,h0,37.4,24
2024-08-10,icon_seamless,h24,37.3,24
2024-08-10,ukmo_seamless,h24,36.3,24
2024-08-10,meteofrance_seamless,h24,35.0,24
2024-08-10,gem_seamless,h24,33.9,24
2024-08-10,ecmwf_ifs025,h24,34.8,24
2024-08-10,icon_seamless,h0,36.7,24
2024-08-10,ukmo_seamless,h0,36.6,24
2024-08-10,meteofrance_seamless,h0,35.0,24
2024-08-10,gem_seamless,h0,37.2,24
2024-08-10,ecmwf_ifs025,h0,34.5,24
2024-08-11,icon_seamless,h24,37.2,24
2024-08-11,ukmo_seamless,h24,37.0,24
2024-08-11,meteofrance_seamless,h24,36.1,24
2024-08-11,gem_seamless,h24,36.9,24
2024-08-11,ecmwf_ifs025,h24,35.9,24
2024-08-11,icon_seamless,h0,37.1,24
2024-08-11,ukmo_seamless,h0,36.8,24
2024-08-11,meteofrance_seamless,h0,35.5,24
2024-08-11,gem_seamless,h0,37.3,24
2024-08-11,ecmwf_ifs025,h0,36.1,24
2024-08-12,icon_seamless,h24,38.0,24
2024-08-12,ukmo_seamless,h24,37.1,24
2024-08-12,meteofrance_seamless,h24,36.4,24
2024-08-12,gem_seamless,h24,37.3,24
2024-08-12,ecmwf_ifs025,h24,36.4,24
2024-08-12,icon_seamless,h0,37.8,24
2024-08-12,ukmo_seamless,h0,36.3,24
2024-08-12,meteofrance_seamless,h0,36.3,24
2024-08-12,gem_seamless,h0,37.3,24
2024-08-12,ecmwf_ifs025,h0,35.8,24
2024-08-13,icon_seamless,h24,37.2,24
2024-08-13,ukmo_seamless,h24,36.4,24
2024-08-13,meteofrance_seamless,h24,36.1,24
2024-08-13,gem_seamless,h24,37.1,24
2024-08-13,ecmwf_ifs025,h24,35.0,24
2024-08-13,icon_seamless,h0,36.6,24
2024-08-13,ukmo_seamless,h0,35.2,24
2024-08-13,meteofrance_seamless,h0,35.1,24
2024-08-13,gem_seamless,h0,36.8,24
2024-08-13,ecmwf_ifs025,h0,34.3,24
2024-08-14,icon_seamless,h24,34.7,24
2024-08-14,ukmo_seamless,h24,34.5,24
2024-08-14,meteofrance_seamless,h24,33.7,24
2024-08-14,gem_seamless,h24,33.4,24
2024-08-14,ecmwf_ifs025,h24,34.0,24
2024-08-14,icon_seamless,h0,34.4,24
2024-08-14,ukmo_seamless,h0,33.5,24
2024-08-14,meteofrance_seamless,h0,33.7,24
2024-08-14,gem_seamless,h0,34.3,24
2024-08-14,ecmwf_ifs025,h0,33.9,24
2024-08-15,icon_seamless,h24,33.6,24
2024-08-15,ukmo_seamless,h24,34.4,24
2024-08-15,meteofrance_seamless,h24,33.7,24
2024-08-15,gem_seamless,h24,32.1,24
2024-08-15,ecmwf_ifs025,h24,33.2,24
2024-08-15,icon_seamless,h0,33.9,24
2024-08-15,ukmo_seamless,h0,33.2,24
2024-08-15,meteofrance_seamless,h0,33.5,24
2024-08-15,gem_seamless,h0,35.4,24
2024-08-15,ecmwf_ifs025,h0,33.4,24
2024-08-16,icon_seamless,h24,35.1,24
2024-08-16,ukmo_seamless,h24,34.2,17
2024-08-16,meteofrance_seamless,h24,34.7,24
2024-08-16,gem_seamless,h24,36.1,24
2024-08-16,ecmwf_ifs025,h24,34.4,24
2024-08-16,icon_seamless,h0,35.2,24
2024-08-16,ukmo_seamless,h0,34.2,24
2024-08-16,meteofrance_seamless,h0,34.4,24
2024-08-16,gem_seamless,h0,34.8,24
2024-08-16,ecmwf_ifs025,h0,34.7,24
2024-08-17,icon_seamless,h24,37.3,24
2024-08-17,meteofrance_seamless,h24,35.2,24
2024-08-17,gem_seamless,h24,35.6,24
2024-08-17,ecmwf_ifs025,h24,34.1,24
2024-08-17,icon_seamless,h0,36.3,24
2024-08-17,ukmo_seamless,h0,34.8,24
2024-08-17,meteofrance_seamless,h0,34.8,24
2024-08-17,gem_seamless,h0,35.5,24
2024-08-17,ecmwf_ifs025,h0,34.3,24
2024-08-18,icon_seamless,h24,35.2,24
2024-08-18,meteofrance_seamless,h24,34.8,24
2024-08-18,gem_seamless,h24,33.1,24
2024-08-18,ecmwf_ifs025,h24,33.3,24
2024-08-18,icon_seamless,h0,35.0,24
2024-08-18,ukmo_seamless,h0,34.2,24
2024-08-18,meteofrance_seamless,h0,34.8,24
2024-08-18,gem_seamless,h0,32.4,24
2024-08-18,ecmwf_ifs025,h0,31.7,24
2024-08-19,icon_seamless,h24,30.5,24
2024-08-19,meteofrance_seamless,h24,32.2,24
2024-08-19,gem_seamless,h24,31.2,24
2024-08-19,ecmwf_ifs025,h24,32.8,24
2024-08-19,icon_seamless,h0,31.4,24
2024-08-19,ukmo_seamless,h0,31.2,24
2024-08-19,meteofrance_seamless,h0,31.2,24
2024-08-19,gem_seamless,h0,32.3,24
2024-08-19,ecmwf_ifs025,h0,32.6,24
2024-08-20,icon_seamless,h24,33.8,24
2024-08-20,meteofrance_seamless,h24,33.0,24
2024-08-20,gem_seamless,h24,32.6,24
2024-08-20,ecmwf_ifs025,h24,33.8,24
2024-08-20,icon_seamless,h0,33.7,24
2024-08-20,ukmo_seamless,h0,33.5,24
2024-08-20,meteofrance_seamless,h0,32.8,24
2024-08-20,gem_seamless,h0,33.6,24
2024-08-20,ecmwf_ifs025,h0,33.3,24
2024-08-21,icon_seamless,h24,35.7,24
2024-08-21,meteofrance_seamless,h24,35.1,24
2024-08-21,gem_seamless,h24,35.2,24
2024-08-21,ecmwf_ifs025,h24,34.5,24
2024-08-21,icon_seamless,h0,34.4,24
2024-08-21,ukmo_seamless,h0,34.1,24
2024-08-21,meteofrance_seamless,h0,33.9,24
2024-08-21,gem_seamless,h0,34.5,24
2024-08-21,ecmwf_ifs025,h0,34.2,24
2024-08-22,icon_seamless,h24,36.8,24
2024-08-22,meteofrance_seamless,h24,37.7,24
2024-08-22,gem_seamless,h24,37.1,24
2024-08-22,ecmwf_ifs025,h24,36.0,24
2024-08-22,icon_seamless,h0,36.4,24
2024-08-22,ukmo_seamless,h0,36.2,24
2024-08-22,meteofrance_seamless,h0,36.7,24
2024-08-22,gem_seamless,h0,37.6,24
2024-08-22,ecmwf_ifs025,h0,36.5,24
2024-08-23,icon_seamless,h24,37.8,24
2024-08-23,meteofrance_seamless,h24,36.2,24
2024-08-23,gem_seamless,h24,36.7,24
2024-08-23,ecmwf_ifs025,h24,36.4,24
2024-08-23,icon_seamless,h0,37.4,24
2024-08-23,ukmo_seamless,h0,36.4,24
2024-08-23,meteofrance_seamless,h0,36.2,24
2024-08-23,gem_seamless,h0,37.1,24
2024-08-23,ecmwf_ifs025,h0,36.2,24
2024-08-24,icon_seamless,h24,36.9,24
2024-08-24,meteofrance_seamless,h24,35.7,24
2024-08-24,gem_seamless,h24,35.3,24
2024-08-24,ecmwf_ifs025,h24,36.1,24
2024-08-24,icon_seamless,h0,36.2,24
2024-08-24,ukmo_seamless,h0,35.2,24
2024-08-24,meteofrance_seamless,h0,33.9,24
2024-08-24,gem_seamless,h0,37.3,24
2024-08-24,ecmwf_ifs025,h0,36.4,24
2024-08-25,icon_seamless,h24,38.5,24
2024-08-25,meteofrance_seamless,h24,36.6,24
2024-08-25,gem_seamless,h24,36.0,24
2024-08-25,ecmwf_ifs025,h24,36.7,24
2024-08-25,icon_seamless,h0,38.0,24
2024-08-25,ukmo_seamless,h0,36.7,24
2024-08-25,meteofrance_seamless,h0,35.7,24
2024-08-25,gem_seamless,h0,36.8,24
2024-08-25,ecmwf_ifs025,h0,36.6,24
2024-08-26,icon_seamless,h24,37.4,24
2024-08-26,meteofrance_seamless,h24,36.5,24
2024-08-26,gem_seamless,h24,36.1,24
2024-08-26,ecmwf_ifs025,h24,36.8,24
2024-08-26,icon_seamless,h0,36.7,24
2024-08-26,ukmo_seamless,h0,36.5,24
2024-08-26,meteofrance_seamless,h0,36.4,24
2024-08-26,gem_seamless,h0,36.8,24
2024-08-26,ecmwf_ifs025,h0,36.4,24
2024-08-27,icon_seamless,h24,30.1,24
2024-08-27,meteofrance_seamless,h24,31.8,24
2024-08-27,gem_seamless,h24,29.4,24
2024-08-27,ecmwf_ifs025,h24,31.6,24
2024-08-27,icon_seamless,h0,30.6,24
2024-08-27,ukmo_seamless,h0,31.1,24
2024-08-27,meteofrance_seamless,h0,30.2,24
2024-08-27,gem_seamless,h0,30.5,24
2024-08-27,ecmwf_ifs025,h0,31.2,24
2024-08-28,icon_seamless,h24,26.2,24
2024-08-28,meteofrance_seamless,h24,27.1,24
2024-08-28,gem_seamless,h24,28.3,24
2024-08-28,ecmwf_ifs025,h24,28.7,24
2024-08-28,icon_seamless,h0,27.8,24
2024-08-28,ukmo_seamless,h0,27.9,24
2024-08-28,meteofrance_seamless,h0,27.8,24
2024-08-28,gem_seamless,h0,28.5,24
2024-08-28,ecmwf_ifs025,h0,27.5,24
2024-08-29,icon_seamless,h24,31.6,24
2024-08-29,meteofrance_seamless,h24,32.0,24
2024-08-29,gem_seamless,h24,32.5,24
2024-08-29,ecmwf_ifs025,h24,32.5,24
2024-08-29,icon_seamless,h0,30.8,24
2024-08-29,ukmo_seamless,h0,29.8,24
2024-08-29,meteofrance_seamless,h0,31.3,24
2024-08-29,gem_seamless,h0,32.0,24
2024-08-29,ecmwf_ifs025,h0,30.5,24
2024-08-30,icon_seamless,h24,33.5,24
2024-08-30,meteofrance_seamless,h24,33.4,24
2024-08-30,gem_seamless,h24,33.6,24
2024-08-30,ecmwf_ifs025,h24,33.4,24
2024-08-30,icon_seamless,h0,33.1,24
2024-08-30,ukmo_seamless,h0,32.7,24
2024-08-30,meteofrance_seamless,h0,33.0,24
2024-08-30,gem_seamless,h0,34.3,24
2024-08-30,ecmwf_ifs025,h0,32.9,24
2024-08-31,icon_seamless,h24,36.8,24
2024-08-31,meteofrance_seamless,h24,36.1,24
2024-08-31,gem_seamless,h24,36.1,24
2024-08-31,ecmwf_ifs025,h24,35.8,24
2024-08-31,icon_seamless,h0,36.1,24
2024-08-31,ukmo_seamless,h0,34.8,24
2024-08-31,meteofrance_seamless,h0,35.8,24
2024-08-31,gem_seamless,h0,36.9,24
2024-08-31,ecmwf_ifs025,h0,35.3,24
2024-09-01,icon_seamless,h24,38.5,24
2024-09-01,meteofrance_seamless,h24,39.0,24
2024-09-01,gem_seamless,h24,39.3,24
2024-09-01,ecmwf_ifs025,h24,37.2,24
2024-09-01,icon_seamless,h0,37.7,24
2024-09-01,ukmo_seamless,h0,36.8,24
2024-09-01,meteofrance_seamless,h0,37.6,24
2024-09-01,gem_seamless,h0,38.9,24
2024-09-01,ecmwf_ifs025,h0,37.2,24
2024-09-01,ukmo_seamless,h24,31.9,5
2024-09-02,icon_seamless,h24,38.8,24
2024-09-02,ukmo_seamless,h24,35.8,24
2024-09-02,meteofrance_seamless,h24,36.8,24
2024-09-02,gem_seamless,h24,38.4,24
2024-09-02,ecmwf_ifs025,h24,37.1,24
2024-09-02,icon_seamless,h0,38.2,24
2024-09-02,ukmo_seamless,h0,37.6,24
2024-09-02,meteofrance_seamless,h0,36.8,24
2024-09-02,gem_seamless,h0,38.6,24
2024-09-02,ecmwf_ifs025,h0,37.0,24
2024-09-03,icon_seamless,h24,35.0,24
2024-09-03,ukmo_seamless,h24,35.0,24
2024-09-03,meteofrance_seamless,h24,34.4,24
2024-09-03,gem_seamless,h24,35.4,24
2024-09-03,ecmwf_ifs025,h24,34.8,24
2024-09-03,icon_seamless,h0,35.6,24
2024-09-03,ukmo_seamless,h0,33.8,24
2024-09-03,meteofrance_seamless,h0,33.7,24
2024-09-03,gem_seamless,h0,34.8,24
2024-09-03,ecmwf_ifs025,h0,34.3,24
2024-09-04,icon_seamless,h24,37.3,24
2024-09-04,ukmo_seamless,h24,35.0,24
2024-09-04,meteofrance_seamless,h24,35.8,24
2024-09-04,gem_seamless,h24,35.4,24
2024-09-04,ecmwf_ifs025,h24,35.6,24
2024-09-04,icon_seamless,h0,37.1,24
2024-09-04,ukmo_seamless,h0,35.2,24
2024-09-04,meteofrance_seamless,h0,35.2,24
2024-09-04,gem_seamless,h0,35.8,24
2024-09-04,ecmwf_ifs025,h0,35.4,24
2024-09-05,icon_seamless,h24,38.9,24
2024-09-05,ukmo_seamless,h24,36.5,24
2024-09-05,meteofrance_seamless,h24,36.8,24
2024-09-05,gem_seamless,h24,37.1,24
2024-09-05,ecmwf_ifs025,h24,36.7,24
2024-09-05,icon_seamless,h0,37.9,24
2024-09-05,ukmo_seamless,h0,37.0,24
2024-09-05,meteofrance_seamless,h0,36.6,24
2024-09-05,gem_seamless,h0,36.9,24
2024-09-05,ecmwf_ifs025,h0,36.5,24
2024-09-06,icon_seamless,h24,35.1,24
2024-09-06,ukmo_seamless,h24,33.1,24
2024-09-06,meteofrance_seamless,h24,35.1,24
2024-09-06,gem_seamless,h24,35.2,24
2024-09-06,ecmwf_ifs025,h24,34.2,24
2024-09-06,icon_seamless,h0,34.4,24
2024-09-06,ukmo_seamless,h0,32.4,24
2024-09-06,meteofrance_seamless,h0,33.7,24
2024-09-06,gem_seamless,h0,34.8,24
2024-09-06,ecmwf_ifs025,h0,33.6,24
2024-09-07,icon_seamless,h24,36.0,24
2024-09-07,ukmo_seamless,h24,34.1,24
2024-09-07,meteofrance_seamless,h24,35.6,24
2024-09-07,gem_seamless,h24,36.4,24
2024-09-07,ecmwf_ifs025,h24,35.1,24
2024-09-07,icon_seamless,h0,34.9,24
2024-09-07,ukmo_seamless,h0,34.2,24
2024-09-07,meteofrance_seamless,h0,34.5,24
2024-09-07,gem_seamless,h0,34.8,24
2024-09-07,ecmwf_ifs025,h0,34.4,24
2024-09-08,icon_seamless,h24,37.2,24
2024-09-08,ukmo_seamless,h24,34.6,24
2024-09-08,meteofrance_seamless,h24,36.5,24
2024-09-08,gem_seamless,h24,35.3,24
2024-09-08,ecmwf_ifs025,h24,35.4,24
2024-09-08,icon_seamless,h0,37.2,24
2024-09-08,ukmo_seamless,h0,35.4,24
2024-09-08,meteofrance_seamless,h0,36.4,24
2024-09-08,gem_seamless,h0,35.6,24
2024-09-08,ecmwf_ifs025,h0,35.3,24
2024-09-09,icon_seamless,h24,38.0,24
2024-09-09,ukmo_seamless,h24,34.9,24
2024-09-09,meteofrance_seamless,h24,37.3,24
2024-09-09,gem_seamless,h24,35.8,24
2024-09-09,ecmwf_ifs025,h24,35.4,24
2024-09-09,icon_seamless,h0,37.4,24
2024-09-09,ukmo_seamless,h0,35.5,24
2024-09-09,meteofrance_seamless,h0,36.9,24
2024-09-09,gem_seamless,h0,36.7,24
2024-09-09,ecmwf_ifs025,h0,35.4,24
2024-09-10,icon_seamless,h24,38.2,24
2024-09-10,ukmo_seamless,h24,35.6,24
2024-09-10,meteofrance_seamless,h24,37.9,24
2024-09-10,gem_seamless,h24,36.7,24
2024-09-10,ecmwf_ifs025,h24,35.8,24
2024-09-10,icon_seamless,h0,37.5,24
2024-09-10,ukmo_seamless,h0,36.6,24
2024-09-10,meteofrance_seamless,h0,37.4,24
2024-09-10,gem_seamless,h0,37.1,24
2024-09-10,ecmwf_ifs025,h0,35.6,24
2024-09-11,icon_seamless,h24,31.4,24
2024-09-11,ukmo_seamless,h24,31.3,24
2024-09-11,meteofrance_seamless,h24,32.4,24
2024-09-11,gem_seamless,h24,30.5,24
2024-09-11,ecmwf_ifs025,h24,31.0,24
2024-09-11,icon_seamless,h0,30.1,24
2024-09-11,ukmo_seamless,h0,29.0,24
2024-09-11,meteofrance_seamless,h0,31.8,24
2024-09-11,gem_seamless,h0,31.0,24
2024-09-11,ecmwf_ifs025,h0,29.8,24
2024-09-12,icon_seamless,h24,24.9,24
2024-09-12,ukmo_seamless,h24,28.9,24
2024-09-12,meteofrance_seamless,h24,25.7,24
2024-09-12,gem_seamless,h24,28.9,24
2024-09-12,ecmwf_ifs025,h24,27.4,24
2024-09-12,icon_seamless,h0,24.8,24
2024-09-12,ukmo_seamless,h0,27.3,24
2024-09-12,meteofrance_seamless,h0,24.6,24
2024-09-12,gem_seamless,h0,25.1,24
2024-09-12,ecmwf_ifs025,h0,27.2,24
2024-09-13,icon_seamless,h24,29.4,24
2024-09-13,ukmo_seamless,h24,27.6,24
2024-09-13,meteofrance_seamless,h24,27.2,24
2024-09-13,gem_seamless,h24,28.8,24
2024-09-13,ecmwf_ifs025,h24,28.6,24
2024-09-13,icon_seamless,h0,26.4,24
2024-09-13,ukmo_seamless,h0,26.9,24
2024-09-13,meteofrance_seamless,h0,27.4,24
2024-09-13,gem_seamless,h0,29.8,24
2024-09-13,ecmwf_ifs025,h0,27.5,24
2024-09-14,icon_seamless,h24,32.2,24
2024-09-14,ukmo_seamless,h24,30.7,24
2024-09-14,meteofrance_seamless,h24,30.9,24
2024-09-14,gem_seamless,h24,34.4,24
2024-09-14,ecmwf_ifs025,h24,31.4,24
2024-09-14,icon_seamless,h0,30.2,24
2024-09-14,ukmo_seamless,h0,31.1,24
2024-09-14,meteofrance_seamless,h0,30.2,24
2024-09-14,gem_seamless,h0,33.1,24
2024-09-14,ecmwf_ifs025,h0,31.0,24
2024-09-15,icon_seamless,h24,30.1,24
2024-09-15,ukmo_seamless,h24,31.8,24
2024-09-15,meteofrance_seamless,h24,31.4,24
2024-09-15,gem_seamless,h24,31.2,24
2024-09-15,ecmwf_ifs025,h24,31.0,24
2024-09-15,icon_seamless,h0,30.6,24
2024-09-15,ukmo_seamless,h0,30.1,24
2024-09-15,meteofrance_seamless,h0,31.0,24
2024-09-15,gem_seamless,h0,32.5,24
2024-09-15,ecmwf_ifs025,h0,30.7,24
2024-09-16,icon_seamless,h24,31.6,24
2024-09-16,ukmo_seamless,h24,30.2,24
2024-09-16,meteofrance_seamless,h24,31.8,24
2024-09-16,gem_seamless,h24,32.3,24
2024-09-16,ecmwf_ifs025,h24,31.0,24
2024-09-16,icon_seamless,h0,32.0,24
2024-09-16,ukmo_seamless,h0,31.1,24
2024-09-16,meteofrance_seamless,h0,31.7,24
2024-09-16,gem_seamless,h0,31.3,24
2024-09-16,ecmwf_ifs025,h0,31.2,24
2024-09-17,icon_seamless,h24,31.6,24
2024-09-17,ukmo_seamless,h24,30.5,21
2024-09-17,meteofrance_seamless,h24,33.7,24
2024-09-17,gem_seamless,h24,32.9,24
2024-09-17,ecmwf_ifs025,h24,32.2,24
2024-09-17,icon_seamless,h0,32.1,24
2024-09-17,ukmo_seamless,h0,32.1,24
2024-09-17,meteofrance_seamless,h0,32.2,24
2024-09-17,gem_seamless,h0,33.1,24
2024-09-17,ecmwf_ifs025,h0,32.0,24
2024-09-18,icon_seamless,h24,32.4,24
2024-09-18,meteofrance_seamless,h24,32.8,24
2024-09-18,gem_seamless,h24,33.0,24
2024-09-18,ecmwf_ifs025,h24,32.1,24
2024-09-18,icon_seamless,h0,33.3,24
2024-09-18,ukmo_seamless,h0,32.2,24
2024-09-18,meteofrance_seamless,h0,33.0,24
2024-09-18,gem_seamless,h0,33.9,24
2024-09-18,ecmwf_ifs025,h0,31.4,24
2024-09-19,icon_seamless,h24,35.1,24
2024-09-19,meteofrance_seamless,h24,34.8,24
2024-09-19,gem_seamless,h24,35.4,24
2024-09-19,ecmwf_ifs025,h24,32.6,24
2024-09-19,icon_seamless,h0,31.9,24
2024-09-19,ukmo_seamless,h0,31.4,24
2024-09-19,meteofrance_seamless,h0,32.8,24
2024-09-19,gem_seamless,h0,33.2,24
2024-09-19,ecmwf_ifs025,h0,31.9,24
2024-09-20,icon_seamless,h24,33.4,24
2024-09-20,meteofrance_seamless,h24,33.8,24
2024-09-20,gem_seamless,h24,33.2,24
2024-09-20,ecmwf_ifs025,h24,32.7,24
2024-09-20,icon_seamless,h0,33.8,24
2024-09-20,ukmo_seamless,h0,32.9,24
2024-09-20,meteofrance_seamless,h0,34.2,24
2024-09-20,gem_seamless,h0,33.2,24
2024-09-20,ecmwf_ifs025,h0,32.3,24
2024-09-21,icon_seamless,h24,27.6,24
2024-09-21,meteofrance_seamless,h24,29.1,24
2024-09-21,gem_seamless,h24,29.2,24
2024-09-21,ecmwf_ifs025,h24,28.5,24
2024-09-21,icon_seamless,h0,28.5,24
2024-09-21,ukmo_seamless,h0,27.9,24
2024-09-21,meteofrance_seamless,h0,29.9,24
2024-09-21,gem_seamless,h0,29.6,24
2024-09-21,ecmwf_ifs025,h0,28.8,24
2024-09-22,icon_seamless,h24,25.6,24
2024-09-22,meteofrance_seamless,h24,25.8,24
2024-09-22,gem_seamless,h24,23.4,24
2024-09-22,ecmwf_ifs025,h24,24.2,24
2024-09-22,icon_seamless,h0,25.6,24
2024-09-22,ukmo_seamless,h0,24.4,24
2024-09-22,meteofrance_seamless,h0,26.1,24
2024-09-22,gem_seamless,h0,24.0,24
2024-09-22,ecmwf_ifs025,h0,24.3,24
2024-09-23,icon_seamless,h24,26.8,24
2024-09-23,meteofrance_seamless,h24,27.1,24
2024-09-23,gem_seamless,h24,26.0,24
2024-09-23,ecmwf_ifs025,h24,25.3,24
2024-09-23,icon_seamless,h0,26.9,24
2024-09-23,ukmo_seamless,h0,25.9,24
2024-09-23,meteofrance_seamless,h0,27.5,24
2024-09-23,gem_seamless,h0,26.6,24
2024-09-23,ecmwf_ifs025,h0,25.4,24
2024-09-24,icon_seamless,h24,28.2,24
2024-09-24,meteofrance_seamless,h24,29.1,24
2024-09-24,gem_seamless,h24,27.5,24
2024-09-24,ecmwf_ifs025,h24,26.5,24
2024-09-24,icon_seamless,h0,28.3,24
2024-09-24,ukmo_seamless,h0,26.8,24
2024-09-24,meteofrance_seamless,h0,28.9,24
2024-09-24,gem_seamless,h0,29.1,24
2024-09-24,ecmwf_ifs025,h0,26.9,24
2024-09-25,icon_seamless,h24,30.7,24
2024-09-25,meteofrance_seamless,h24,31.2,24
2024-09-25,gem_seamless,h24,30.6,24
2024-09-25,ecmwf_ifs025,h24,28.7,24
2024-09-25,icon_seamless,h0,29.9,24
2024-09-25,ukmo_seamless,h0,29.6,24
2024-09-25,meteofrance_seamless,h0,30.4,24
2024-09-25,gem_seamless,h0,30.8,24
2024-09-25,ecmwf_ifs025,h0,29.0,24
2024-09-26,icon_seamless,h24,30.8,24
2024-09-26,meteofrance_seamless,h24,32.4,24
2024-09-26,gem_seamless,h24,32.3,24
2024-09-26,ecmwf_ifs025,h24,30.3,24
2024-09-26,icon_seamless,h0,31.1,24
2024-09-26,ukmo_seamless,h0,30.1,24
2024-09-26,meteofrance_seamless,h0,31.2,24
2024-09-26,gem_seamless,h0,31.6,24
2024-09-26,ecmwf_ifs025,h0,30.4,24
2024-06-29,gfs_seamless,h24,24.5,24
2024-06-29,cma_grapes_global,h24,26.2,24
2024-06-29,jma_seamless,h24,24.8,24
2024-06-29,knmi_seamless,h24,26.9,24
2024-06-29,jma_gsm,h24,24.8,24
2024-06-29,gfs_seamless,h0,26.2,24
2024-06-29,cma_grapes_global,h0,26.2,24
2024-06-29,jma_seamless,h0,25.4,24
2024-06-29,knmi_seamless,h0,27.2,24
2024-06-29,jma_gsm,h0,25.4,24
2024-06-30,gfs_seamless,h24,31.0,24
2024-06-30,cma_grapes_global,h24,33.1,24
2024-06-30,jma_seamless,h24,30.3,24
2024-06-30,knmi_seamless,h24,31.7,24
2024-06-30,jma_gsm,h24,30.3,24
2024-06-30,gfs_seamless,h0,32.2,24
2024-06-30,cma_grapes_global,h0,30.4,24
2024-06-30,jma_seamless,h0,30.3,24
2024-06-30,knmi_seamless,h0,31.2,24
2024-06-30,jma_gsm,h0,30.3,24
2024-07-01,gfs_seamless,h24,28.1,24
2024-07-01,cma_grapes_global,h24,31.0,24
2024-07-01,jma_seamless,h24,28.4,24
2024-07-01,knmi_seamless,h24,26.2,24
2024-07-01,jma_gsm,h24,28.4,24
2024-07-01,gfs_seamless,h0,30.5,24
2024-07-01,cma_grapes_global,h0,30.0,24
2024-07-01,jma_seamless,h0,28.6,24
2024-07-01,knmi_seamless,h0,30.7,24
2024-07-01,jma_gsm,h0,28.6,24
2024-07-02,gfs_seamless,h24,29.0,24
2024-07-02,cma_grapes_global,h24,30.7,24
2024-07-02,jma_seamless,h24,27.8,24
2024-07-02,knmi_seamless,h24,29.7,24
2024-07-02,jma_gsm,h24,27.8,24
2024-07-02,gfs_seamless,h0,29.7,24
2024-07-02,cma_grapes_global,h0,30.3,24
2024-07-02,jma_seamless,h0,28.7,24
2024-07-02,knmi_seamless,h0,30.2,24
2024-07-02,jma_gsm,h0,28.7,24
2024-07-03,gfs_seamless,h24,31.9,24
2024-07-03,cma_grapes_global,h24,31.9,24
2024-07-03,jma_seamless,h24,30.5,24
2024-07-03,knmi_seamless,h24,29.9,24
2024-07-03,jma_gsm,h24,30.5,24
2024-07-03,gfs_seamless,h0,32.0,24
2024-07-03,cma_grapes_global,h0,32.2,24
2024-07-03,jma_seamless,h0,30.0,24
2024-07-03,knmi_seamless,h0,30.3,24
2024-07-03,jma_gsm,h0,30.0,24
2024-07-04,gfs_seamless,h24,33.6,24
2024-07-04,cma_grapes_global,h24,31.4,24
2024-07-04,jma_seamless,h24,29.7,24
2024-07-04,knmi_seamless,h24,31.3,24
2024-07-04,jma_gsm,h24,29.7,24
2024-07-04,gfs_seamless,h0,33.5,24
2024-07-04,cma_grapes_global,h0,30.9,24
2024-07-04,jma_seamless,h0,27.6,24
2024-07-04,knmi_seamless,h0,31.4,24
2024-07-04,jma_gsm,h0,27.6,24
2024-07-05,gfs_seamless,h24,34.6,24
2024-07-05,cma_grapes_global,h24,36.6,24
2024-07-05,jma_seamless,h24,33.7,24
2024-07-05,knmi_seamless,h24,33.2,24
2024-07-05,jma_gsm,h24,33.7,24
2024-07-05,gfs_seamless,h0,34.8,24
2024-07-05,cma_grapes_global,h0,36.3,24
2024-07-05,jma_seamless,h0,33.7,24
2024-07-05,knmi_seamless,h0,33.6,24
2024-07-05,jma_gsm,h0,33.7,24
2024-07-06,gfs_seamless,h24,35.2,24
2024-07-06,cma_grapes_global,h24,34.9,24
2024-07-06,jma_seamless,h24,33.7,24
2024-07-06,knmi_seamless,h24,33.5,24
2024-07-06,jma_gsm,h24,33.7,24
2024-07-06,gfs_seamless,h0,35.5,24
2024-07-06,cma_grapes_global,h0,37.3,24
2024-07-06,jma_seamless,h0,33.4,24
2024-07-06,knmi_seamless,h0,34.0,24
2024-07-06,jma_gsm,h0,33.4,24
2024-07-07,gfs_seamless,h24,36.0,24
2024-07-07,cma_grapes_global,h24,37.5,24
2024-07-07,jma_seamless,h24,35.0,24
2024-07-07,knmi_seamless,h24,34.0,24
2024-07-07,jma_gsm,h24,35.0,24
2024-07-07,gfs_seamless,h0,36.2,24
2024-07-07,cma_grapes_global,h0,36.2,24
2024-07-07,jma_seamless,h0,35.2,24
2024-07-07,knmi_seamless,h0,34.5,24
2024-07-07,jma_gsm,h0,35.2,24
2024-07-08,gfs_seamless,h24,35.8,24
2024-07-08,cma_grapes_global,h24,36.9,24
2024-07-08,jma_seamless,h24,34.4,24
2024-07-08,knmi_seamless,h24,33.8,24
2024-07-08,jma_gsm,h24,34.4,24
2024-07-08,gfs_seamless,h0,35.5,24
2024-07-08,cma_grapes_global,h0,35.9,24
2024-07-08,jma_seamless,h0,34.2,24
2024-07-08,knmi_seamless,h0,34.3,24
2024-07-08,jma_gsm,h0,34.2,24
2024-07-09,gfs_seamless,h24,30.7,24
2024-07-09,cma_grapes_global,h24,35.3,24
2024-07-09,jma_seamless,h24,32.2,24
2024-07-09,knmi_seamless,h24,31.4,24
2024-07-09,jma_gsm,h24,32.2,24
2024-07-09,gfs_seamless,h0,31.7,24
2024-07-09,cma_grapes_global,h0,34.3,24
2024-07-09,jma_seamless,h0,32.6,24
2024-07-09,knmi_seamless,h0,32.2,24
2024-07-09,jma_gsm,h0,32.6,24
2024-07-10,gfs_seamless,h24,28.0,24
2024-07-10,cma_grapes_global,h24,32.3,24
2024-07-10,jma_seamless,h24,30.2,24
2024-07-10,knmi_seamless,h24,30.5,24
2024-07-10,jma_gsm,h24,30.2,24
2024-07-10,gfs_seamless,h0,29.6,24
2024-07-10,cma_grapes_global,h0,30.2,24
2024-07-10,jma_seamless,h0,28.5,24
2024-07-10,knmi_seamless,h0,29.5,24
2024-07-10,jma_gsm,h0,28.5,24
2024-07-11,gfs_seamless,h24,25.1,24
2024-07-11,cma_grapes_global,h24,31.4,24
2024-07-11,jma_seamless,h24,28.3,24
2024-07-11,knmi_seamless,h24,28.0,24
2024-07-11,jma_gsm,h24,28.3,24
2024-07-11,gfs_seamless,h0,29.2,24
2024-07-11,cma_grapes_global,h0,30.3,24
2024-07-11,jma_seamless,h0,27.9,24
2024-07-11,knmi_seamless,h0,29.7,24
2024-07-11,jma_gsm,h0,27.9,24
2024-07-12,gfs_seamless,h24,28.9,24
2024-07-12,cma_grapes_global,h24,33.3,24
2024-07-12,jma_seamless,h24,28.1,24
2024-07-12,knmi_seamless,h24,30.1,24
2024-07-12,jma_gsm,h24,28.1,24
2024-07-12,gfs_seamless,h0,32.1,24
2024-07-12,cma_grapes_global,h0,33.3,24
2024-07-12,jma_seamless,h0,27.4,24
2024-07-12,knmi_seamless,h0,32.2,24
2024-07-12,jma_gsm,h0,27.4,24
2024-07-13,gfs_seamless,h24,30.8,24
2024-07-13,cma_grapes_global,h24,36.3,24
2024-07-13,jma_seamless,h24,29.7,24
2024-07-13,knmi_seamless,h24,29.3,24
2024-07-13,jma_gsm,h24,29.7,24
2024-07-13,gfs_seamless,h0,29.4,24
2024-07-13,cma_grapes_global,h0,32.4,24
2024-07-13,jma_seamless,h0,29.2,24
2024-07-13,knmi_seamless,h0,30.3,24
2024-07-13,jma_gsm,h0,29.2,24
2024-07-14,gfs_seamless,h24,25.2,24
2024-07-14,cma_grapes_global,h24,32.3,24
2024-07-14,jma_seamless,h24,27.2,24
2024-07-14,knmi_seamless,h24,30.1,24
2024-07-14,jma_gsm,h24,27.2,24
2024-07-14,gfs_seamless,h0,26.3,24
2024-07-14,cma_grapes_global,h0,30.6,24
2024-07-14,jma_seamless,h0,26.9,24
2024-07-14,knmi_seamless,h0,29.5,24
2024-07-14,jma_gsm,h0,26.9,24
2024-07-15,gfs_seamless,h24,28.1,24
2024-07-15,cma_grapes_global,h24,34.7,24
2024-07-15,jma_seamless,h24,30.5,24
2024-07-15,knmi_seamless,h24,32.2,24
2024-07-15,jma_gsm,h24,30.5,24
2024-07-15,gfs_seamless,h0,29.4,24
2024-07-15,cma_grapes_global,h0,34.2,24
2024-07-15,jma_seamless,h0,30.9,24
2024-07-15,knmi_seamless,h0,31.4,24
2024-07-15,jma_gsm,h0,30.9,24
2024-07-16,gfs_seamless,h24,35.0,24
2024-07-16,cma_grapes_global,h24,35.0,24
2024-07-16,jma_seamless,h24,34.1,24
2024-07-16,knmi_seamless,h24,32.5,24
2024-07-16,jma_gsm,h24,34.1,24
2024-07-16,gfs_seamless,h0,32.7,24
2024-07-16,cma_grapes_global,h0,35.8,24
2024-07-16,jma_seamless,h0,31.6,24
2024-07-16,knmi_seamless,h0,33.1,24
2024-07-16,jma_gsm,h0,31.6,24
2024-07-17,gfs_seamless,h24,35.1,24
2024-07-17,cma_grapes_global,h24,34.4,24
2024-07-17,jma_seamless,h24,34.8,24
2024-07-17,knmi_seamless,h24,32.9,24
2024-07-17,jma_gsm,h24,34.8,24
2024-07-17,gfs_seamless,h0,34.9,24
2024-07-17,cma_grapes_global,h0,36.7,24
2024-07-17,jma_seamless,h0,33.9,24
2024-07-17,knmi_seamless,h0,34.0,24
2024-07-17,jma_gsm,h0,33.9,24
2024-07-18,gfs_seamless,h24,35.3,24
2024-07-18,cma_grapes_global,h24,35.7,24
2024-07-18,jma_seamless,h24,33.8,24
2024-07-18,knmi_seamless,h24,32.0,24
2024-07-18,jma_gsm,h24,33.8,24
2024-07-18,gfs_seamless,h0,35.5,24
2024-07-18,cma_grapes_global,h0,35.8,24
2024-07-18,jma_seamless,h0,32.9,24
2024-07-18,knmi_seamless,h0,33.6,24
2024-07-18,jma_gsm,h0,32.9,24
2024-07-19,gfs_seamless,h24,34.4,24
2024-07-19,cma_grapes_global,h24,33.5,24
2024-07-19,jma_seamless,h24,34.2,24
2024-07-19,knmi_seamless,h24,32.9,24
2024-07-19,jma_gsm,h24,34.2,24
2024-07-19,gfs_seamless,h0,34.6,24
2024-07-19,cma_grapes_global,h0,33.6,24
2024-07-19,jma_seamless,h0,32.1,24
2024-07-19,knmi_seamless,h0,32.9,24
2024-07-19,jma_gsm,h0,32.1,24
2024-07-20,gfs_seamless,h24,33.3,24
2024-07-20,cma_grapes_global,h24,33.2,24
2024-07-20,jma_seamless,h24,33.9,24
2024-07-20,knmi_seamless,h24,33.1,24
2024-07-20,jma_gsm,h24,33.9,24
2024-07-20,gfs_seamless,h0,34.2,24
2024-07-20,cma_grapes_global,h0,33.0,24
2024-07-20,jma_seamless,h0,33.2,24
2024-07-20,knmi_seamless,h0,32.4,24
2024-07-20,jma_gsm,h0,33.2,24
2024-07-21,gfs_seamless,h24,37.1,24
2024-07-21,cma_grapes_global,h24,38.6,24
2024-07-21,jma_seamless,h24,38.2,24
2024-07-21,knmi_seamless,h24,35.0,24
2024-07-21,jma_gsm,h24,38.2,24
2024-07-21,gfs_seamless,h0,37.4,24
2024-07-21,cma_grapes_global,h0,37.9,24
2024-07-21,jma_seamless,h0,38.5,24
2024-07-21,knmi_seamless,h0,35.4,24
2024-07-21,jma_gsm,h0,38.5,24
2024-07-22,gfs_seamless,h24,38.1,24
2024-07-22,cma_grapes_global,h24,38.1,24
2024-07-22,jma_seamless,h24,38.7,24
2024-07-22,knmi_seamless,h24,35.5,24
2024-07-22,jma_gsm,h24,38.7,24
2024-07-22,gfs_seamless,h0,37.8,24
2024-07-22,cma_grapes_global,h0,37.8,24
2024-07-22,jma_seamless,h0,39.2,24
2024-07-22,knmi_seamless,h0,35.9,24
2024-07-22,jma_gsm,h0,39.2,24
2024-07-23,gfs_seamless,h24,38.9,24
2024-07-23,cma_grapes_global,h24,38.3,24
2024-07-23,jma_seamless,h24,39.8,24
2024-07-23,knmi_seamless,h24,36.4,24
2024-07-23,jma_gsm,h24,39.8,24
2024-07-23,gfs_seamless,h0,38.4,24
2024-07-23,cma_grapes_global,h0,38.6,24
2024-07-23,jma_seamless,h0,39.8,24
2024-07-23,knmi_seamless,h0,36.8,24
2024-07-23,jma_gsm,h0,39.8,24
2024-07-24,gfs_seamless,h24,38.2,24
2024-07-24,cma_grapes_global,h24,38.9,24
2024-07-24,jma_seamless,h24,40.4,24
2024-07-24,knmi_seamless,h24,37.2,24
2024-07-24,jma_gsm,h24,40.4,24
2024-07-24,gfs_seamless,h0,37.9,24
2024-07-24,cma_grapes_global,h0,37.9,24
2024-07-24,jma_seamless,h0,39.6,24
2024-07-24,knmi_seamless,h0,37.2,24
2024-07-24,jma_gsm,h0,39.6,24
2024-07-25,gfs_seamless,h24,36.2,24
2024-07-25,cma_grapes_global,h24,38.9,24
2024-07-25,jma_seamless,h24,39.9,24
2024-07-25,knmi_seamless,h24,35.7,24
2024-07-25,jma_gsm,h24,39.9,24
2024-07-25,gfs_seamless,h0,36.9,24
2024-07-25,cma_grapes_global,h0,39.0,24
2024-07-25,jma_seamless,h0,39.2,24
2024-07-25,knmi_seamless,h0,35.7,24
2024-07-25,jma_gsm,h0,39.2,24
2024-07-26,gfs_seamless,h24,34.2,24
2024-07-26,cma_grapes_global,h24,35.7,24
2024-07-26,jma_seamless,h24,32.5,24
2024-07-26,knmi_seamless,h24,33.8,24
2024-07-26,jma_gsm,h24,32.5,24
2024-07-26,gfs_seamless,h0,35.1,24
2024-07-26,cma_grapes_global,h0,35.6,24
2024-07-26,jma_seamless,h0,32.8,24
2024-07-26,knmi_seamless,h0,34.1,24
2024-07-26,jma_gsm,h0,32.8,24
2024-07-27,gfs_seamless,h24,32.6,24
2024-07-27,cma_grapes_global,h24,32.4,24
2024-07-27,jma_seamless,h24,31.0,24
2024-07-27,knmi_seamless,h24,31.5,24
2024-07-27,jma_gsm,h24,31.0,24
2024-07-27,gfs_seamless,h0,32.9,24
2024-07-27,cma_grapes_global,h0,30.9,24
2024-07-27,jma_seamless,h0,30.9,24
2024-07-27,knmi_seamless,h0,32.8,24
2024-07-27,jma_gsm,h0,30.9,24
2024-07-28,gfs_seamless,h24,31.2,24
2024-07-28,cma_grapes_global,h24,29.3,24
2024-07-28,jma_seamless,h24,29.0,24
2024-07-28,knmi_seamless,h24,30.9,24
2024-07-28,jma_gsm,h24,29.0,24
2024-07-28,gfs_seamless,h0,32.6,24
2024-07-28,cma_grapes_global,h0,30.9,24
2024-07-28,jma_seamless,h0,29.2,24
2024-07-28,knmi_seamless,h0,32.6,24
2024-07-28,jma_gsm,h0,29.2,24
2024-07-29,gfs_seamless,h24,34.6,24
2024-07-29,cma_grapes_global,h24,32.3,24
2024-07-29,jma_seamless,h24,31.9,24
2024-07-29,knmi_seamless,h24,33.2,24
2024-07-29,jma_gsm,h24,31.9,24
2024-07-29,gfs_seamless,h0,34.7,24
2024-07-29,cma_grapes_global,h0,34.9,24
2024-07-29,jma_seamless,h0,32.9,24
2024-07-29,knmi_seamless,h0,33.6,24
2024-07-29,jma_gsm,h0,32.9,24
2024-07-30,gfs_seamless,h24,36.5,24
2024-07-30,cma_grapes_global,h24,36.5,24
2024-07-30,jma_seamless,h24,33.8,24
2024-07-30,knmi_seamless,h24,33.9,24
2024-07-30,jma_gsm,h24,33.8,24
2024-07-30,gfs_seamless,h0,36.8,24
2024-07-30,cma_grapes_global,h0,35.6,24
2024-07-30,jma_seamless,h0,32.6,24
2024-07-30,knmi_seamless,h0,34.4,24
2024-07-30,jma_gsm,h0,32.6,24
2024-07-31,gfs_seamless,h24,35.9,24
2024-07-31,cma_grapes_global,h24,36.7,24
2024-07-31,jma_seamless,h24,32.9,24
2024-07-31,knmi_seamless,h24,34.0,24
2024-07-31,jma_gsm,h24,32.9,24
2024-07-31,gfs_seamless,h0,36.5,24
2024-07-31,cma_grapes_global,h0,36.2,24
2024-07-31,jma_seamless,h0,34.3,24
2024-07-31,knmi_seamless,h0,34.6,24
2024-07-31,jma_gsm,h0,34.3,24
2024-08-01,gfs_seamless,h24,34.6,24
2024-08-01,cma_grapes_global,h24,34.6,24
2024-08-01,jma_seamless,h24,30.8,24
2024-08-01,knmi_seamless,h24,32.9,24
2024-08-01,jma_gsm,h24,30.8,24
2024-08-01,gfs_seamless,h0,33.4,24
2024-08-01,cma_grapes_global,h0,32.5,24
2024-08-01,jma_seamless,h0,29.1,24
2024-08-01,knmi_seamless,h0,31.9,24
2024-08-01,jma_gsm,h0,29.1,24
2024-08-02,gfs_seamless,h24,34.0,24
2024-08-02,cma_grapes_global,h24,35.6,24
2024-08-02,jma_seamless,h24,31.5,24
2024-08-02,knmi_seamless,h24,33.7,24
2024-08-02,jma_gsm,h24,31.5,24
2024-08-02,gfs_seamless,h0,34.8,24
2024-08-02,cma_grapes_global,h0,33.9,24
2024-08-02,jma_seamless,h0,31.5,24
2024-08-02,knmi_seamless,h0,33.4,24
2024-08-02,jma_gsm,h0,31.5,24
2024-08-03,gfs_seamless,h24,35.5,24
2024-08-03,cma_grapes_global,h24,36.8,24
2024-08-03,jma_seamless,h24,36.4,24
2024-08-03,knmi_seamless,h24,34.2,24
2024-08-03,jma_gsm,h24,36.4,24
2024-08-03,gfs_seamless,h0,36.3,24
2024-08-03,cma_grapes_global,h0,36.3,24
2024-08-03,jma_seamless,h0,36.9,24
2024-08-03,knmi_seamless,h0,34.8,24
2024-08-03,jma_gsm,h0,36.9,24
2024-08-04,gfs_seamless,h24,37.3,24
2024-08-04,cma_grapes_global,h24,37.5,24
2024-08-04,jma_seamless,h24,37.7,24
2024-08-04,knmi_seamless,h24,35.2,24
2024-08-04,jma_gsm,h24,37.7,24
2024-08-04,gfs_seamless,h0,37.2,24
2024-08-04,cma_grapes_global,h0,36.9,24
2024-08-04,jma_seamless,h0,37.8,24
2024-08-04,knmi_seamless,h0,35.5,24
2024-08-04,jma_gsm,h0,37.8,24
2024-08-05,gfs_seamless,h24,38.2,24
2024-08-05,cma_grapes_global,h24,37.7,24
2024-08-05,jma_seamless,h24,38.9,24
2024-08-05,knmi_seamless,h24,35.9,24
2024-08-05,jma_gsm,h24,38.9,24
2024-08-05,gfs_seamless,h0,37.6,24
2024-08-05,cma_grapes_global,h0,38.0,24
2024-08-05,jma_seamless,h0,38.4,24
2024-08-05,knmi_seamless,h0,36.4,24
2024-08-05,jma_gsm,h0,38.4,24
2024-08-06,gfs_seamless,h24,38.3,24
2024-08-06,cma_grapes_global,h24,38.4,24
2024-08-06,jma_seamless,h24,32.9,24
2024-08-06,knmi_seamless,h24,36.6,24
2024-08-06,jma_gsm,h24,32.9,24
2024-08-06,gfs_seamless,h0,38.0,24
2024-08-06,cma_grapes_global,h0,37.7,24
2024-08-06,jma_seamless,h0,34.1,24
2024-08-06,knmi_seamless,h0,36.3,24
2024-08-06,jma_gsm,h0,34.1,24
2024-08-07,gfs_seamless,h24,38.4,24
2024-08-07,cma_grapes_global,h24,38.3,24
2024-08-07,jma_seamless,h24,39.4,24
2024-08-07,knmi_seamless,h24,36.9,24
2024-08-07,jma_gsm,h24,39.4,24
2024-08-07,gfs_seamless,h0,39.2,24
2024-08-07,cma_grapes_global,h0,37.2,24
2024-08-07,jma_seamless,h0,37.1,24
2024-08-07,knmi_seamless,h0,37.0,24
2024-08-07,jma_gsm,h0,37.1,24
2024-08-08,gfs_seamless,h24,38.8,24
2024-08-08,cma_grapes_global,h24,37.9,24
2024-08-08,jma_seamless,h24,39.5,24
2024-08-08,knmi_seamless,h24,37.0,24
2024-08-08,jma_gsm,h24,39.5,24
2024-08-08,gfs_seamless,h0,39.2,24
2024-08-08,cma_grapes_global,h0,37.7,24
2024-08-08,jma_seamless,h0,39.6,24
2024-08-08,knmi_seamless,h0,37.1,24
2024-08-08,jma_gsm,h0,39.6,24
2024-08-09,gfs_seamless,h24,38.4,24
2024-08-09,cma_grapes_global,h24,37.2,24
2024-08-09,jma_seamless,h24,38.7,24
2024-08-09,knmi_seamless,h24,37.0,24
2024-08-09,jma_gsm,h24,38.7,24
2024-08-09,gfs_seamless,h0,38.7,24
2024-08-09,cma_grapes_global,h0,37.6,24
2024-08-09,jma_seamless,h0,38.5,24
2024-08-09,knmi_seamless,h0,37.7,24
2024-08-09,jma_gsm,h0,38.5,24
2024-08-10,gfs_seamless,h24,37.5,24
2024-08-10,cma_grapes_global,h24,36.5,24
2024-08-10,jma_seamless,h24,33.0,24
2024-08-10,knmi_seamless,h24,34.8,24
2024-08-10,jma_gsm,h24,33.0,24
2024-08-10,gfs_seamless,h0,37.6,24
2024-08-10,cma_grapes_global,h0,36.9,24
2024-08-10,jma_seamless,h0,35.7,24
2024-08-10,knmi_seamless,h0,35.4,24
2024-08-10,jma_gsm,h0,35.7,24
2024-08-11,gfs_seamless,h24,37.6,24
2024-08-11,cma_grapes_global,h24,37.7,24
2024-08-11,jma_seamless,h24,37.7,24
2024-08-11,knmi_seamless,h24,35.9,24
2024-08-11,jma_gsm,h24,37.7,24
2024-08-11,gfs_seamless,h0,36.7,24
2024-08-11,cma_grapes_global,h0,36.5,24
2024-08-11,jma_seamless,h0,38.3,24
2024-08-11,knmi_seamless,h0,36.3,24
2024-08-11,jma_gsm,h0,38.3,24
2024-08-12,gfs_seamless,h24,37.0,24
2024-08-12,cma_grapes_global,h24,36.8,24
2024-08-12,jma_seamless,h24,37.5,24
2024-08-12,knmi_seamless,h24,36.4,24
2024-08-12,jma_gsm,h24,37.5,24
2024-08-12,gfs_seamless,h0,37.2,24
2024-08-12,cma_grapes_global,h0,36.9,24
2024-08-12,jma_seamless,h0,33.4,24
2024-08-12,knmi_seamless,h0,35.8,24
2024-08-12,jma_gsm,h0,33.4,24
2024-08-13,gfs_seamless,h24,36.2,24
2024-08-13,cma_grapes_global,h24,36.6,24
2024-08-13,jma_seamless,h24,34.5,24
2024-08-13,knmi_seamless,h24,35.0,24
2024-08-13,jma_gsm,h24,34.5,24
2024-08-13,gfs_seamless,h0,36.9,24
2024-08-13,cma_grapes_global,h0,35.5,24
2024-08-13,jma_seamless,h0,35.7,24
2024-08-13,knmi_seamless,h0,34.7,24
2024-08-13,jma_gsm,h0,35.7,24
2024-08-14,gfs_seamless,h24,34.8,24
2024-08-14,cma_grapes_global,h24,33.0,24
2024-08-14,jma_seamless,h24,30.7,24
2024-08-14,knmi_seamless,h24,34.0,24
2024-08-14,jma_gsm,h24,30.7,24
2024-08-14,gfs_seamless,h0,34.6,24
2024-08-14,cma_grapes_global,h0,34.0,24
2024-08-14,jma_seamless,h0,30.1,24
2024-08-14,knmi_seamless,h0,34.5,24
2024-08-14,jma_gsm,h0,30.1,24
2024-08-15,gfs_seamless,h24,34.3,24
2024-08-15,cma_grapes_global,h24,32.3,24
2024-08-15,jma_seamless,h24,29.8,24
2024-08-15,knmi_seamless,h24,33.2,24
2024-08-15,jma_gsm,h24,29.8,24
2024-08-15,gfs_seamless,h0,34.8,24
2024-08-15,cma_grapes_global,h0,34.3,24
2024-08-15,jma_seamless,h0,31.9,24
2024-08-15,knmi_seamless,h0,33.9,24
2024-08-15,jma_gsm,h0,31.9,24
2024-08-16,gfs_seamless,h24,35.5,24
2024-08-16,cma_grapes_global,h24,35.5,24
2024-08-16,jma_seamless,h24,31.6,24
2024-08-16,knmi_seamless,h24,34.4,24
2024-08-16,jma_gsm,h24,31.6,24
2024-08-16,gfs_seamless,h0,35.5,24
2024-08-16,cma_grapes_global,h0,35.0,24
2024-08-16,jma_seamless,h0,35.9,24
2024-08-16,knmi_seamless,h0,35.2,24
2024-08-16,jma_gsm,h0,35.9,24
2024-08-17,gfs_seamless,h24,35.9,24
2024-08-17,cma_grapes_global,h24,36.2,24
2024-08-17,jma_seamless,h24,34.7,24
2024-08-17,knmi_seamless,h24,34.1,24
2024-08-17,jma_gsm,h24,34.7,24
2024-08-17,gfs_seamless,h0,35.4,24
2024-08-17,cma_grapes_global,h0,35.6,24
2024-08-17,jma_seamless,h0,35.0,24
2024-08-17,knmi_seamless,h0,34.5,24
2024-08-17,jma_gsm,h0,35.0,24
2024-08-18,gfs_seamless,h24,34.5,24
2024-08-18,cma_grapes_global,h24,35.8,24
2024-08-18,jma_seamless,h24,30.2,24
2024-08-18,knmi_seamless,h24,33.3,24
2024-08-18,jma_gsm,h24,30.2,24
2024-08-18,gfs_seamless,h0,34.4,24
2024-08-18,cma_grapes_global,h0,34.9,24
2024-08-18,jma_seamless,h0,30.2,24
2024-08-18,knmi_seamless,h0,33.3,24
2024-08-18,jma_gsm,h0,30.2,24
2024-08-19,gfs_seamless,h24,34.0,24
2024-08-19,cma_grapes_global,h24,32.9,24
2024-08-19,jma_seamless,h24,30.1,24
2024-08-19,knmi_seamless,h24,32.8,24
2024-08-19,jma_gsm,h24,30.1,24
2024-08-19,gfs_seamless,h0,34.8,24
2024-08-19,cma_grapes_global,h0,32.0,24
2024-08-19,jma_seamless,h0,29.8,24
2024-08-19,knmi_seamless,h0,33.9,24
2024-08-19,jma_gsm,h0,29.8,24
2024-08-20,gfs_seamless,h24,35.2,24
2024-08-20,cma_grapes_global,h24,34.9,24
2024-08-20,jma_seamless,h24,31.1,24
2024-08-20,knmi_seamless,h24,33.8,24
2024-08-20,jma_gsm,h24,31.1,24
2024-08-20,gfs_seamless,h0,33.9,24
2024-08-20,cma_grapes_global,h0,33.5,24
2024-08-20,jma_seamless,h0,31.5,24
2024-08-20,knmi_seamless,h0,33.6,24
2024-08-20,jma_gsm,h0,31.5,24
2024-08-21,gfs_seamless,h24,35.4,24
2024-08-21,cma_grapes_global,h24,35.5,24
2024-08-21,jma_seamless,h24,35.0,24
2024-08-21,knmi_seamless,h24,34.5,24
2024-08-21,jma_gsm,h24,35.0,24
2024-08-21,gfs_seamless,h0,35.1,24
2024-08-21,cma_grapes_global,h0,34.8,24
2024-08-21,jma_seamless,h0,34.3,24
2024-08-21,knmi_seamless,h0,34.5,24
2024-08-21,jma_gsm,h0,34.3,24
2024-08-22,gfs_seamless,h24,36.9,24
2024-08-22,cma_grapes_global,h24,36.7,24
2024-08-22,jma_seamless,h24,33.9,24
2024-08-22,knmi_seamless,h24,36.0,24
2024-08-22,jma_gsm,h24,33.9,24
2024-08-22,gfs_seamless,h0,37.7,24
2024-08-22,cma_grapes_global,h0,36.0,24
2024-08-22,jma_seamless,h0,34.7,24
2024-08-22,knmi_seamless,h0,36.6,24
2024-08-22,jma_gsm,h0,34.7,24
2024-08-23,gfs_seamless,h24,38.2,24
2024-08-23,cma_grapes_global,h24,36.3,24
2024-08-23,jma_seamless,h24,33.8,24
2024-08-23,knmi_seamless,h24,36.4,24
2024-08-23,jma_gsm,h24,33.8,24
2024-08-23,gfs_seamless,h0,38.1,24
2024-08-23,cma_grapes_global,h0,36.6,24
2024-08-23,jma_seamless,h0,36.1,24
2024-08-23,knmi_seamless,h0,36.7,24
2024-08-23,jma_gsm,h0,36.1,24
2024-08-24,gfs_seamless,h24,37.0,24
2024-08-24,cma_grapes_global,h24,37.5,24
2024-08-24,jma_seamless,h24,36.5,24
2024-08-24,knmi_seamless,h24,36.1,24
2024-08-24,jma_gsm,h24,36.5,24
2024-08-24,gfs_seamless,h0,37.7,24
2024-08-24,cma_grapes_global,h0,35.2,24
2024-08-24,jma_seamless,h0,33.4,24
2024-08-24,knmi_seamless,h0,36.8,24
2024-08-24,jma_gsm,h0,33.4,24
2024-08-25,gfs_seamless,h24,37.9,24
2024-08-25,cma_grapes_global,h24,36.4,24
2024-08-25,jma_seamless,h24,36.2,24
2024-08-25,knmi_seamless,h24,36.7,24
2024-08-25,jma_gsm,h24,36.2,24
2024-08-25,gfs_seamless,h0,37.5,24
2024-08-25,cma_grapes_global,h0,36.7,24
2024-08-25,jma_seamless,h0,37.2,24
2024-08-25,knmi_seamless,h0,37.1,24
2024-08-25,jma_gsm,h0,37.2,24
2024-08-26,gfs_seamless,h24,37.6,24
2024-08-26,cma_grapes_global,h24,37.1,24
2024-08-26,jma_seamless,h24,38.3,24
2024-08-26,knmi_seamless,h24,36.8,24
2024-08-26,jma_gsm,h24,38.3,24
2024-08-26,gfs_seamless,h0,38.0,24
2024-08-26,cma_grapes_global,h0,36.8,24
2024-08-26,jma_seamless,h0,37.9,24
2024-08-26,knmi_seamless,h0,36.9,24
2024-08-26,jma_gsm,h0,37.9,24
2024-08-27,gfs_seamless,h24,31.0,24
2024-08-27,cma_grapes_global,h24,29.8,24
2024-08-27,jma_seamless,h24,31.8,24
2024-08-27,knmi_seamless,h24,31.6,24
2024-08-27,jma_gsm,h24,31.8,24
2024-08-27,gfs_seamless,h0,31.0,24
2024-08-27,cma_grapes_global,h0,30.2,24
2024-08-27,jma_seamless,h0,31.7,24
2024-08-27,knmi_seamless,h0,32.5,24
2024-08-27,jma_gsm,h0,31.7,24
2024-08-28,gfs_seamless,h24,27.5,24
2024-08-28,cma_grapes_global,h24,25.8,24
2024-08-28,jma_seamless,h24,26.7,24
2024-08-28,knmi_seamless,h24,28.7,24
2024-08-28,jma_gsm,h24,26.7,24
2024-08-28,gfs_seamless,h0,26.7,24
2024-08-28,cma_grapes_global,h0,28.0,24
2024-08-28,jma_seamless,h0,26.4,24
2024-08-28,knmi_seamless,h0,28.5,24
2024-08-28,jma_gsm,h0,26.4,24
2024-08-29,gfs_seamless,h24,32.0,24
2024-08-29,cma_grapes_global,h24,32.7,24
2024-08-29,jma_seamless,h24,30.2,24
2024-08-29,knmi_seamless,h24,32.5,24
2024-08-29,jma_gsm,h24,30.2,24
2024-08-29,gfs_seamless,h0,31.3,24
2024-08-29,cma_grapes_global,h0,28.9,24
2024-08-29,jma_seamless,h0,29.7,24
2024-08-29,knmi_seamless,h0,32.0,24
2024-08-29,jma_gsm,h0,29.7,24
2024-08-30,gfs_seamless,h24,35.1,24
2024-08-30,cma_grapes_global,h24,33.9,24
2024-08-30,jma_seamless,h24,31.3,24
2024-08-30,knmi_seamless,h24,33.4,24
2024-08-30,jma_gsm,h24,31.3,24
2024-08-30,gfs_seamless,h0,34.6,24
2024-08-30,cma_grapes_global,h0,34.0,24
2024-08-30,jma_seamless,h0,31.7,24
2024-08-30,knmi_seamless,h0,33.3,24
2024-08-30,jma_gsm,h0,31.7,24
2024-08-31,gfs_seamless,h24,36.9,24
2024-08-31,cma_grapes_global,h24,35.9,24
2024-08-31,jma_seamless,h24,35.1,24
2024-08-31,knmi_seamless,h24,35.8,24
2024-08-31,jma_gsm,h24,35.1,24
2024-08-31,gfs_seamless,h0,37.3,24
2024-08-31,cma_grapes_global,h0,35.8,24
2024-08-31,jma_seamless,h0,36.3,24
2024-08-31,knmi_seamless,h0,35.7,24
2024-08-31,jma_gsm,h0,36.3,24
2024-09-01,gfs_seamless,h24,38.5,24
2024-09-01,cma_grapes_global,h24,37.4,24
2024-09-01,jma_seamless,h24,38.4,24
2024-09-01,knmi_seamless,h24,37.2,24
2024-09-01,jma_gsm,h24,38.4,24
2024-09-01,gfs_seamless,h0,38.1,24
2024-09-01,cma_grapes_global,h0,37.3,24
2024-09-01,jma_seamless,h0,38.4,24
2024-09-01,knmi_seamless,h0,37.6,24
2024-09-01,jma_gsm,h0,38.4,24
2024-09-02,gfs_seamless,h24,37.0,24
2024-09-02,cma_grapes_global,h24,36.1,24
2024-09-02,jma_seamless,h24,34.3,24
2024-09-02,knmi_seamless,h24,37.1,24
2024-09-02,jma_gsm,h24,34.3,24
2024-09-02,gfs_seamless,h0,38.3,24
2024-09-02,cma_grapes_global,h0,37.9,24
2024-09-02,jma_seamless,h0,36.7,24
2024-09-02,knmi_seamless,h0,36.9,24
2024-09-02,jma_gsm,h0,36.7,24
2024-09-03,gfs_seamless,h24,34.7,24
2024-09-03,cma_grapes_global,h24,34.0,24
2024-09-03,jma_seamless,h24,31.9,24
2024-09-03,knmi_seamless,h24,34.8,24
2024-09-03,jma_gsm,h24,31.9,24
2024-09-03,gfs_seamless,h0,35.4,24
2024-09-03,cma_grapes_global,h0,34.8,24
2024-09-03,jma_seamless,h0,33.0,24
2024-09-03,knmi_seamless,h0,34.6,24
2024-09-03,jma_gsm,h0,33.0,24
2024-09-04,gfs_seamless,h24,37.2,24
2024-09-04,cma_grapes_global,h24,35.2,24
2024-09-04,jma_seamless,h24,35.5,24
2024-09-04,knmi_seamless,h24,35.6,24
2024-09-04,jma_gsm,h24,35.5,24
2024-09-04,gfs_seamless,h0,37.2,24
2024-09-04,cma_grapes_global,h0,35.4,24
2024-09-04,jma_seamless,h0,36.4,24
2024-09-04,knmi_seamless,h0,35.6,24
2024-09-04,jma_gsm,h0,36.4,24
2024-09-05,gfs_seamless,h24,37.4,24
2024-09-05,cma_grapes_global,h24,36.2,24
2024-09-05,jma_seamless,h24,31.5,24
2024-09-05,knmi_seamless,h24,36.7,24
2024-09-05,jma_gsm,h24,31.5,24
2024-09-05,gfs_seamless,h0,37.1,24
2024-09-05,cma_grapes_global,h0,36.8,24
2024-09-05,jma_seamless,h0,33.1,24
2024-09-05,knmi_seamless,h0,36.9,24
2024-09-05,jma_gsm,h0,33.1,24
2024-09-06,gfs_seamless,h24,35.2,24
2024-09-06,cma_grapes_global,h24,30.7,24
2024-09-06,jma_seamless,h24,30.3,24
2024-09-06,knmi_seamless,h24,34.2,24
2024-09-06,jma_gsm,h24,30.3,24
2024-09-06,gfs_seamless,h0,33.6,24
2024-09-06,cma_grapes_global,h0,32.7,24
2024-09-06,jma_seamless,h0,30.8,24
2024-09-06,knmi_seamless,h0,34.7,24
2024-09-06,jma_gsm,h0,30.8,24
2024-09-07,gfs_seamless,h24,34.8,24
2024-09-07,cma_grapes_global,h24,34.1,24
2024-09-07,jma_seamless,h24,31.7,24
2024-09-07,knmi_seamless,h24,35.1,24
2024-09-07,jma_gsm,h24,31.7,24
2024-09-07,gfs_seamless,h0,35.6,24
2024-09-07,cma_grapes_global,h0,34.9,24
2024-09-07,jma_seamless,h0,32.1,24
2024-09-07,knmi_seamless,h0,34.8,24
2024-09-07,jma_gsm,h0,32.1,24
2024-09-08,gfs_seamless,h24,36.6,24
2024-09-08,cma_grapes_global,h24,35.1,24
2024-09-08,jma_seamless,h24,35.8,24
2024-09-08,knmi_seamless,h24,35.4,24
2024-09-08,jma_gsm,h24,35.8,24
2024-09-08,gfs_seamless,h0,36.9,24
2024-09-08,cma_grapes_global,h0,35.8,24
2024-09-08,jma_seamless,h0,36.4,24
2024-09-08,knmi_seamless,h0,35.7,24
2024-09-08,jma_gsm,h0,36.4,24
2024-09-09,gfs_seamless,h24,37.0,24
2024-09-09,cma_grapes_global,h24,35.1,24
2024-09-09,jma_seamless,h24,34.9,24
2024-09-09,knmi_seamless,h24,35.4,24
2024-09-09,jma_gsm,h24,34.9,24
2024-09-09,gfs_seamless,h0,37.5,24
2024-09-09,cma_grapes_global,h0,36.1,24
2024-09-09,jma_seamless,h0,34.2,24
2024-09-09,knmi_seamless,h0,35.7,24
2024-09-09,jma_gsm,h0,34.2,24
2024-09-10,gfs_seamless,h24,37.7,24
2024-09-10,cma_grapes_global,h24,35.5,24
2024-09-10,jma_seamless,h24,32.6,24
2024-09-10,knmi_seamless,h24,35.8,24
2024-09-10,jma_gsm,h24,32.6,24
2024-09-10,gfs_seamless,h0,37.4,24
2024-09-10,cma_grapes_global,h0,37.3,24
2024-09-10,jma_seamless,h0,35.8,24
2024-09-10,knmi_seamless,h0,36.1,24
2024-09-10,jma_gsm,h0,35.8,24
2024-09-11,gfs_seamless,h24,29.7,24
2024-09-11,cma_grapes_global,h24,26.4,24
2024-09-11,jma_seamless,h24,29.1,24
2024-09-11,knmi_seamless,h24,31.0,24
2024-09-11,jma_gsm,h24,29.1,24
2024-09-11,gfs_seamless,h0,28.6,24
2024-09-11,cma_grapes_global,h0,27.6,24
2024-09-11,jma_seamless,h0,30.4,24
2024-09-11,knmi_seamless,h0,30.4,24
2024-09-11,jma_gsm,h0,30.4,24
2024-09-12,gfs_seamless,h24,24.5,24
2024-09-12,cma_grapes_global,h24,25.1,24
2024-09-12,jma_seamless,h24,25.7,24
2024-09-12,knmi_seamless,h24,27.4,24
2024-09-12,jma_gsm,h24,25.7,24
2024-09-12,gfs_seamless,h0,24.6,24
2024-09-12,cma_grapes_global,h0,26.4,24
2024-09-12,jma_seamless,h0,26.0,24
2024-09-12,knmi_seamless,h0,28.2,24
2024-09-12,jma_gsm,h0,26.0,24
2024-09-13,gfs_seamless,h24,28.5,24
2024-09-13,cma_grapes_global,h24,28.7,24
2024-09-13,jma_seamless,h24,27.1,24
2024-09-13,knmi_seamless,h24,28.6,24
2024-09-13,jma_gsm,h24,27.1,24
2024-09-13,gfs_seamless,h0,29.0,24
2024-09-13,cma_grapes_global,h0,28.7,24
2024-09-13,jma_seamless,h0,26.5,24
2024-09-13,knmi_seamless,h0,28.4,24
2024-09-13,jma_gsm,h0,26.5,24
2024-09-14,gfs_seamless,h24,32.5,24
2024-09-14,cma_grapes_global,h24,32.1,24
2024-09-14,jma_seamless,h24,28.9,24
2024-09-14,knmi_seamless,h24,31.4,24
2024-09-14,jma_gsm,h24,28.9,24
2024-09-14,gfs_seamless,h0,32.5,24
2024-09-14,cma_grapes_global,h0,30.7,24
2024-09-14,jma_seamless,h0,29.0,24
2024-09-14,knmi_seamless,h0,31.6,24
2024-09-14,jma_gsm,h0,29.0,24
2024-09-15,gfs_seamless,h24,30.4,24
2024-09-15,cma_grapes_global,h24,28.0,24
2024-09-15,jma_seamless,h24,27.0,24
2024-09-15,knmi_seamless,h24,31.0,24
2024-09-15,jma_gsm,h24,27.0,24
2024-09-15,gfs_seamless,h0,30.9,24
2024-09-15,cma_grapes_global,h0,29.3,24
2024-09-15,jma_seamless,h0,28.0,24
2024-09-15,knmi_seamless,h0,31.3,24
2024-09-15,jma_gsm,h0,28.0,24
2024-09-16,gfs_seamless,h24,32.0,24
2024-09-16,cma_grapes_global,h24,29.4,24
2024-09-16,jma_seamless,h24,28.3,24
2024-09-16,knmi_seamless,h24,31.0,24
2024-09-16,jma_gsm,h24,28.3,24
2024-09-16,gfs_seamless,h0,32.5,24
2024-09-16,cma_grapes_global,h0,30.1,24
2024-09-16,jma_seamless,h0,28.4,24
2024-09-16,knmi_seamless,h0,31.5,24
2024-09-16,jma_gsm,h0,28.4,24
2024-09-17,gfs_seamless,h24,32.7,24
2024-09-17,cma_grapes_global,h24,31.0,24
2024-09-17,jma_seamless,h24,28.3,24
2024-09-17,knmi_seamless,h24,32.2,24
2024-09-17,jma_gsm,h24,28.3,24
2024-09-17,gfs_seamless,h0,32.0,24
2024-09-17,cma_grapes_global,h0,31.8,24
2024-09-17,jma_seamless,h0,29.2,24
2024-09-17,knmi_seamless,h0,32.7,24
2024-09-17,jma_gsm,h0,29.2,24
2024-09-18,gfs_seamless,h24,33.9,24
2024-09-18,cma_grapes_global,h24,31.2,24
2024-09-18,jma_seamless,h24,28.6,24
2024-09-18,knmi_seamless,h24,32.1,24
2024-09-18,jma_gsm,h24,28.6,24
2024-09-18,gfs_seamless,h0,34.0,24
2024-09-18,cma_grapes_global,h0,32.8,24
2024-09-18,jma_seamless,h0,29.3,24
2024-09-18,knmi_seamless,h0,32.3,24
2024-09-18,jma_gsm,h0,29.3,24
2024-09-19,gfs_seamless,h24,35.7,24
2024-09-19,cma_grapes_global,h24,32.7,24
2024-09-19,jma_seamless,h24,30.3,24
2024-09-19,knmi_seamless,h24,32.6,24
2024-09-19,jma_gsm,h24,30.3,24
2024-09-19,gfs_seamless,h0,32.0,24
2024-09-19,cma_grapes_global,h0,30.3,24
2024-09-19,jma_seamless,h0,29.7,24
2024-09-19,knmi_seamless,h0,32.6,24
2024-09-19,jma_gsm,h0,29.7,24
2024-09-20,gfs_seamless,h24,33.2,24
2024-09-20,cma_grapes_global,h24,32.2,24
2024-09-20,jma_seamless,h24,30.8,24
2024-09-20,knmi_seamless,h24,32.7,24
2024-09-20,jma_gsm,h24,30.8,24
2024-09-20,gfs_seamless,h0,34.4,24
2024-09-20,cma_grapes_global,h0,32.3,24
2024-09-20,jma_seamless,h0,30.7,24
2024-09-20,knmi_seamless,h0,33.0,24
2024-09-20,jma_gsm,h0,30.7,24
2024-09-21,gfs_seamless,h24,27.8,24
2024-09-21,cma_grapes_global,h24,26.4,24
2024-09-21,jma_seamless,h24,28.4,24
2024-09-21,knmi_seamless,h24,28.5,24
2024-09-21,jma_gsm,h24,28.4,24
2024-09-21,gfs_seamless,h0,28.5,24
2024-09-21,cma_grapes_global,h0,27.2,24
2024-09-21,jma_seamless,h0,29.2,24
2024-09-21,knmi_seamless,h0,28.6,24
2024-09-21,jma_gsm,h0,29.2,24
2024-09-22,gfs_seamless,h24,25.1,24
2024-09-22,cma_grapes_global,h24,22.3,24
2024-09-22,jma_seamless,h24,23.0,24
2024-09-22,knmi_seamless,h24,24.2,24
2024-09-22,jma_gsm,h24,23.0,24
2024-09-22,gfs_seamless,h0,25.4,24
2024-09-22,cma_grapes_global,h0,23.8,24
2024-09-22,jma_seamless,h0,22.6,24
2024-09-22,knmi_seamless,h0,24.6,24
2024-09-22,jma_gsm,h0,22.6,24
2024-09-23,gfs_seamless,h24,27.1,24
2024-09-23,cma_grapes_global,h24,23.2,24
2024-09-23,jma_seamless,h24,23.7,24
2024-09-23,knmi_seamless,h24,25.3,24
2024-09-23,jma_gsm,h24,23.7,24
2024-09-23,gfs_seamless,h0,27.1,24
2024-09-23,cma_grapes_global,h0,24.5,24
2024-09-23,jma_seamless,h0,24.3,24
2024-09-23,knmi_seamless,h0,25.4,24
2024-09-23,jma_gsm,h0,24.3,24
2024-09-24,gfs_seamless,h24,28.4,24
2024-09-24,cma_grapes_global,h24,24.5,24
2024-09-24,jma_seamless,h24,25.1,24
2024-09-24,knmi_seamless,h24,26.5,24
2024-09-24,jma_gsm,h24,25.1,24
2024-09-24,gfs_seamless,h0,28.5,24
2024-09-24,cma_grapes_global,h0,26.3,24
2024-09-24,jma_seamless,h0,25.3,24
2024-09-24,knmi_seamless,h0,26.8,24
2024-09-24,jma_gsm,h0,25.3,24
2024-09-25,gfs_seamless,h24,31.0,24
2024-09-25,cma_grapes_global,h24,26.6,24
2024-09-25,jma_seamless,h24,26.5,24
2024-09-25,knmi_seamless,h24,28.7,24
2024-09-25,jma_gsm,h24,26.5,24
2024-09-25,gfs_seamless,h0,30.3,24
2024-09-25,cma_grapes_global,h0,28.7,24
2024-09-25,jma_seamless,h0,27.3,24
2024-09-25,knmi_seamless,h0,29.2,24
2024-09-25,jma_gsm,h0,27.3,24
2024-09-26,gfs_seamless,h24,31.6,24
2024-09-26,cma_grapes_global,h24,28.0,24
2024-09-26,jma_seamless,h24,27.8,24
2024-09-26,knmi_seamless,h24,30.3,24
2024-09-26,jma_gsm,h24,27.8,24
2024-09-26,gfs_seamless,h0,31.4,24
2024-09-26,cma_grapes_global,h0,30.0,24
2024-09-26,jma_seamless,h0,29.2,24
2024-09-26,knmi_seamless,h0,30.8,24
2024-09-26,jma_gsm,h0,29.2,24
2024-09-27,icon_seamless,h24,32.7,24
2024-09-27,meteofrance_seamless,h24,33.3,24
2024-09-27,gem_seamless,h24,32.4,24
2024-09-27,ecmwf_ifs025,h24,31.2,24
2024-09-27,icon_seamless,h0,31.8,24
2024-09-27,ukmo_seamless,h0,30.7,24
2024-09-27,meteofrance_seamless,h0,32.7,24
2024-09-27,gem_seamless,h0,32.3,24
2024-09-27,ecmwf_ifs025,h0,30.7,24
2024-09-28,icon_seamless,h24,33.2,24
2024-09-28,meteofrance_seamless,h24,34.3,24
2024-09-28,gem_seamless,h24,32.9,24
2024-09-28,ecmwf_ifs025,h24,32.1,24
2024-09-28,icon_seamless,h0,33.1,24
2024-09-28,ukmo_seamless,h0,31.7,24
2024-09-28,meteofrance_seamless,h0,33.6,24
2024-09-28,gem_seamless,h0,32.8,24
2024-09-28,ecmwf_ifs025,h0,32.1,24
2024-09-29,icon_seamless,h24,34.1,24
2024-09-29,meteofrance_seamless,h24,34.2,24
2024-09-29,gem_seamless,h24,33.4,24
2024-09-29,ecmwf_ifs025,h24,32.4,24
2024-09-29,icon_seamless,h0,34.0,24
2024-09-29,ukmo_seamless,h0,32.4,24
2024-09-29,meteofrance_seamless,h0,34.3,24
2024-09-29,gem_seamless,h0,33.3,24
2024-09-29,ecmwf_ifs025,h0,32.8,24
2024-09-30,icon_seamless,h24,28.1,24
2024-09-30,meteofrance_seamless,h24,29.7,24
2024-09-30,gem_seamless,h24,31.2,24
2024-09-30,ecmwf_ifs025,h24,29.2,24
2024-09-30,icon_seamless,h0,27.4,24
2024-09-30,ukmo_seamless,h0,28.4,24
2024-09-30,meteofrance_seamless,h0,28.1,24
2024-09-30,gem_seamless,h0,29.0,24
2024-09-30,ecmwf_ifs025,h0,27.7,24
2024-10-01,icon_seamless,h24,21.8,24
2024-10-01,meteofrance_seamless,h24,24.2,24
2024-10-01,gem_seamless,h24,21.4,24
2024-10-01,ecmwf_ifs025,h24,22.6,24
2024-10-01,icon_seamless,h0,23.3,24
2024-10-01,ukmo_seamless,h0,23.4,24
2024-10-01,meteofrance_seamless,h0,24.2,24
2024-10-01,gem_seamless,h0,24.0,24
2024-10-01,ecmwf_ifs025,h0,23.7,24
2024-10-02,icon_seamless,h24,25.3,24
2024-10-02,meteofrance_seamless,h24,26.3,24
2024-10-02,gem_seamless,h24,23.5,24
2024-10-02,ecmwf_ifs025,h24,24.5,24
2024-10-02,icon_seamless,h0,25.9,24
2024-10-02,ukmo_seamless,h0,24.8,24
2024-10-02,meteofrance_seamless,h0,26.5,24
2024-10-02,gem_seamless,h0,25.4,24
2024-10-02,ecmwf_ifs025,h0,25.0,24
2024-10-03,icon_seamless,h24,24.9,24
2024-10-03,meteofrance_seamless,h24,25.7,24
2024-10-03,gem_seamless,h24,24.4,24
2024-10-03,ecmwf_ifs025,h24,23.6,24
2024-10-03,icon_seamless,h0,24.7,24
2024-10-03,ukmo_seamless,h0,23.5,24
2024-10-03,meteofrance_seamless,h0,24.0,24
2024-10-03,gem_seamless,h0,24.6,24
2024-10-03,ecmwf_ifs025,h0,23.9,24
2024-10-03,ukmo_seamless,h24,15.3,1
2024-10-04,icon_seamless,h24,25.1,24
2024-10-04,ukmo_seamless,h24,24.3,24
2024-10-04,meteofrance_seamless,h24,25.6,24
2024-10-04,gem_seamless,h24,24.5,24
2024-10-04,ecmwf_ifs025,h24,24.5,24
2024-10-04,icon_seamless,h0,25.6,24
2024-10-04,ukmo_seamless,h0,24.6,24
2024-10-04,meteofrance_seamless,h0,24.6,24
2024-10-04,gem_seamless,h0,25.5,24
2024-10-04,ecmwf_ifs025,h0,24.5,24
2024-10-05,icon_seamless,h24,25.0,24
2024-10-05,ukmo_seamless,h24,24.7,24
2024-10-05,meteofrance_seamless,h24,25.4,24
2024-10-05,gem_seamless,h24,26.2,24
2024-10-05,ecmwf_ifs025,h24,25.5,24
2024-10-05,icon_seamless,h0,26.0,24
2024-10-05,ukmo_seamless,h0,24.6,24
2024-10-05,meteofrance_seamless,h0,24.8,24
2024-10-05,gem_seamless,h0,26.0,24
2024-10-05,ecmwf_ifs025,h0,24.7,24
2024-10-06,icon_seamless,h24,24.3,24
2024-10-06,ukmo_seamless,h24,25.7,24
2024-10-06,meteofrance_seamless,h24,24.0,24
2024-10-06,gem_seamless,h24,26.1,24
2024-10-06,ecmwf_ifs025,h24,24.3,24
2024-10-06,icon_seamless,h0,23.5,24
2024-10-06,ukmo_seamless,h0,24.9,24
2024-10-06,meteofrance_seamless,h0,23.5,24
2024-10-06,gem_seamless,h0,25.4,24
2024-10-06,ecmwf_ifs025,h0,23.1,24
2024-10-07,icon_seamless,h24,18.6,24
2024-10-07,ukmo_seamless,h24,21.7,24
2024-10-07,meteofrance_seamless,h24,18.3,24
2024-10-07,gem_seamless,h24,19.6,24
2024-10-07,ecmwf_ifs025,h24,20.5,24
2024-10-07,icon_seamless,h0,18.0,24
2024-10-07,ukmo_seamless,h0,19.2,24
2024-10-07,meteofrance_seamless,h0,18.4,24
2024-10-07,gem_seamless,h0,20.9,24
2024-10-07,ecmwf_ifs025,h0,17.6,24
2024-10-08,icon_seamless,h24,25.3,24
2024-10-08,ukmo_seamless,h24,24.0,24
2024-10-08,meteofrance_seamless,h24,24.6,24
2024-10-08,gem_seamless,h24,26.1,24
2024-10-08,ecmwf_ifs025,h24,24.3,24
2024-10-08,icon_seamless,h0,24.6,24
2024-10-08,ukmo_seamless,h0,23.9,24
2024-10-08,meteofrance_seamless,h0,24.3,24
2024-10-08,gem_seamless,h0,26.0,24
2024-10-08,ecmwf_ifs025,h0,23.9,24
2024-10-09,icon_seamless,h24,26.6,24
2024-10-09,ukmo_seamless,h24,24.8,24
2024-10-09,meteofrance_seamless,h24,27.0,24
2024-10-09,gem_seamless,h24,27.4,24
2024-10-09,ecmwf_ifs025,h24,25.8,24
2024-10-09,icon_seamless,h0,27.1,24
2024-10-09,ukmo_seamless,h0,25.6,24
2024-10-09,meteofrance_seamless,h0,27.2,24
2024-10-09,gem_seamless,h0,27.9,24
2024-10-09,ecmwf_ifs025,h0,26.1,24
2024-10-10,icon_seamless,h24,28.0,24
2024-10-10,ukmo_seamless,h24,26.2,24
2024-10-10,meteofrance_seamless,h24,29.6,24
2024-10-10,gem_seamless,h24,29.0,24
2024-10-10,ecmwf_ifs025,h24,27.9,24
2024-10-10,icon_seamless,h0,26.9,24
2024-10-10,ukmo_seamless,h0,26.8,24
2024-10-10,meteofrance_seamless,h0,27.5,24
2024-10-10,gem_seamless,h0,29.3,24
2024-10-10,ecmwf_ifs025,h0,28.0,24
2024-10-11,icon_seamless,h24,28.8,24
2024-10-11,ukmo_seamless,h24,26.7,24
2024-10-11,meteofrance_seamless,h24,28.8,24
2024-10-11,gem_seamless,h24,29.4,24
2024-10-11,ecmwf_ifs025,h24,27.9,24
2024-10-11,icon_seamless,h0,28.8,24
2024-10-11,ukmo_seamless,h0,27.3,24
2024-10-11,meteofrance_seamless,h0,29.0,24
2024-10-11,gem_seamless,h0,28.7,24
2024-10-11,ecmwf_ifs025,h0,27.9,24
2024-10-12,icon_seamless,h24,28.1,24
2024-10-12,ukmo_seamless,h24,27.1,24
2024-10-12,meteofrance_seamless,h24,28.7,24
2024-10-12,gem_seamless,h24,28.0,24
2024-10-12,ecmwf_ifs025,h24,28.1,24
2024-10-12,icon_seamless,h0,27.6,24
2024-10-12,ukmo_seamless,h0,27.6,24
2024-10-12,meteofrance_seamless,h0,29.2,24
2024-10-12,gem_seamless,h0,28.5,24
2024-10-12,ecmwf_ifs025,h0,27.8,24
2024-10-13,icon_seamless,h24,21.6,24
2024-10-13,ukmo_seamless,h24,25.7,24
2024-10-13,meteofrance_seamless,h24,26.5,24
2024-10-13,gem_seamless,h24,26.9,24
2024-10-13,ecmwf_ifs025,h24,23.9,24
2024-10-13,icon_seamless,h0,21.5,24
2024-10-13,ukmo_seamless,h0,24.4,24
2024-10-13,meteofrance_seamless,h0,25.0,24
2024-10-13,gem_seamless,h0,26.2,24
2024-10-13,ecmwf_ifs025,h0,23.2,24
2024-10-14,icon_seamless,h24,22.8,24
2024-10-14,ukmo_seamless,h24,23.3,24
2024-10-14,meteofrance_seamless,h24,23.2,24
2024-10-14,gem_seamless,h24,23.2,24
2024-10-14,ecmwf_ifs025,h24,25.3,24
2024-10-14,icon_seamless,h0,22.0,24
2024-10-14,ukmo_seamless,h0,22.5,24
2024-10-14,meteofrance_seamless,h0,23.7,24
2024-10-14,gem_seamless,h0,24.0,24
2024-10-14,ecmwf_ifs025,h0,24.5,24
2024-10-15,icon_seamless,h24,25.5,24
2024-10-15,ukmo_seamless,h24,25.9,24
2024-10-15,meteofrance_seamless,h24,27.3,24
2024-10-15,gem_seamless,h24,27.2,24
2024-10-15,ecmwf_ifs025,h24,27.3,24
2024-10-15,icon_seamless,h0,24.1,24
2024-10-15,ukmo_seamless,h0,24.7,24
2024-10-15,meteofrance_seamless,h0,25.3,24
2024-10-15,gem_seamless,h0,26.1,24
2024-10-15,ecmwf_ifs025,h0,25.0,24
2024-10-16,icon_seamless,h24,25.8,24
2024-10-16,ukmo_seamless,h24,22.5,24
2024-10-16,meteofrance_seamless,h24,24.5,24
2024-10-16,gem_seamless,h24,21.8,24
2024-10-16,ecmwf_ifs025,h24,26.9,24
2024-10-16,icon_seamless,h0,25.0,24
2024-10-16,ukmo_seamless,h0,25.5,24
2024-10-16,meteofrance_seamless,h0,25.4,24
2024-10-16,gem_seamless,h0,26.2,24
2024-10-16,ecmwf_ifs025,h0,26.4,24
2024-10-17,icon_seamless,h24,22.5,24
2024-10-17,ukmo_seamless,h24,23.7,24
2024-10-17,meteofrance_seamless,h24,24.7,24
2024-10-17,gem_seamless,h24,24.3,24
2024-10-17,ecmwf_ifs025,h24,24.8,24
2024-10-17,icon_seamless,h0,22.6,24
2024-10-17,ukmo_seamless,h0,22.9,24
2024-10-17,meteofrance_seamless,h0,22.5,24
2024-10-17,gem_seamless,h0,24.1,24
2024-10-17,ecmwf_ifs025,h0,22.4,24
2024-10-18,icon_seamless,h24,26.6,24
2024-10-18,ukmo_seamless,h24,25.7,24
2024-10-18,meteofrance_seamless,h24,26.8,24
2024-10-18,gem_seamless,h24,25.6,24
2024-10-18,ecmwf_ifs025,h24,26.9,24
2024-10-18,icon_seamless,h0,27.3,24
2024-10-18,ukmo_seamless,h0,26.7,24
2024-10-18,meteofrance_seamless,h0,27.6,24
2024-10-18,gem_seamless,h0,26.3,24
2024-10-18,ecmwf_ifs025,h0,26.8,24
2024-10-19,icon_seamless,h24,19.3,24
2024-10-19,ukmo_seamless,h24,20.9,24
2024-10-19,meteofrance_seamless,h24,20.9,24
2024-10-19,gem_seamless,h24,19.0,24
2024-10-19,ecmwf_ifs025,h24,20.4,24
2024-10-19,icon_seamless,h0,20.5,24
2024-10-19,ukmo_seamless,h0,19.2,24
2024-10-19,meteofrance_seamless,h0,20.6,24
2024-10-19,gem_seamless,h0,21.1,24
2024-10-19,ecmwf_ifs025,h0,19.8,24
2024-10-20,icon_seamless,h24,15.4,24
2024-10-20,ukmo_seamless,h24,14.9,1
2024-10-20,meteofrance_seamless,h24,19.4,24
2024-10-20,gem_seamless,h24,18.2,24
2024-10-20,ecmwf_ifs025,h24,18.3,24
2024-10-20,icon_seamless,h0,16.5,24
2024-10-20,ukmo_seamless,h0,17.7,24
2024-10-20,meteofrance_seamless,h0,18.5,24
2024-10-20,gem_seamless,h0,19.0,24
2024-10-20,ecmwf_ifs025,h0,18.2,24
2024-10-21,icon_seamless,h24,14.6,24
2024-10-21,meteofrance_seamless,h24,14.4,24
2024-10-21,gem_seamless,h24,18.5,24
2024-10-21,ecmwf_ifs025,h24,19.4,24
2024-10-21,icon_seamless,h0,13.9,24
2024-10-21,ukmo_seamless,h0,14.6,24
2024-10-21,meteofrance_seamless,h0,13.7,24
2024-10-21,gem_seamless,h0,16.1,24
2024-10-21,ecmwf_ifs025,h0,15.2,24
2024-10-22,icon_seamless,h24,19.3,24
2024-10-22,meteofrance_seamless,h24,18.9,24
2024-10-22,gem_seamless,h24,17.8,24
2024-10-22,ecmwf_ifs025,h24,19.4,24
2024-10-22,icon_seamless,h0,19.1,24
2024-10-22,ukmo_seamless,h0,19.0,24
2024-10-22,meteofrance_seamless,h0,19.2,24
2024-10-22,gem_seamless,h0,18.4,24
2024-10-22,ecmwf_ifs025,h0,19.5,24
2024-10-23,icon_seamless,h24,20.9,24
2024-10-23,meteofrance_seamless,h24,20.2,24
2024-10-23,gem_seamless,h24,19.9,24
2024-10-23,ecmwf_ifs025,h24,20.5,24
2024-10-23,icon_seamless,h0,20.6,24
2024-10-23,ukmo_seamless,h0,19.8,24
2024-10-23,meteofrance_seamless,h0,20.3,24
2024-10-23,gem_seamless,h0,20.6,24
2024-10-23,ecmwf_ifs025,h0,20.3,24
2024-10-24,icon_seamless,h24,21.9,24
2024-10-24,meteofrance_seamless,h24,22.8,24
2024-10-24,gem_seamless,h24,22.2,24
2024-10-24,ecmwf_ifs025,h24,21.4,24
2024-10-24,icon_seamless,h0,23.0,24
2024-10-24,ukmo_seamless,h0,22.3,24
2024-10-24,meteofrance_seamless,h0,23.8,24
2024-10-24,gem_seamless,h0,23.6,24
2024-10-24,ecmwf_ifs025,h0,22.0,24
2024-10-25,icon_seamless,h24,22.5,24
2024-10-25,meteofrance_seamless,h24,24.5,24
2024-10-25,gem_seamless,h24,24.4,24
2024-10-25,ecmwf_ifs025,h24,21.6,24
2024-10-25,icon_seamless,h0,23.3,24
2024-10-25,ukmo_seamless,h0,22.4,24
2024-10-25,meteofrance_seamless,h0,24.9,24
2024-10-25,gem_seamless,h0,24.6,24
2024-10-25,ecmwf_ifs025,h0,22.2,24
2024-10-26,icon_seamless,h24,21.2,24
2024-10-26,meteofrance_seamless,h24,24.9,24
2024-10-26,gem_seamless,h24,23.7,24
2024-10-26,ecmwf_ifs025,h24,22.7,24
2024-10-26,icon_seamless,h0,21.9,24
2024-10-26,ukmo_seamless,h0,22.1,24
2024-10-26,meteofrance_seamless,h0,22.1,24
2024-10-26,gem_seamless,h0,24.5,24
2024-10-26,ecmwf_ifs025,h0,21.0,24
2024-10-27,icon_seamless,h24,22.9,24
2024-10-27,meteofrance_seamless,h24,21.9,24
2024-10-27,gem_seamless,h24,23.0,24
2024-10-27,ecmwf_ifs025,h24,21.6,24
2024-10-27,icon_seamless,h0,22.1,24
2024-10-27,ukmo_seamless,h0,22.0,24
2024-10-27,meteofrance_seamless,h0,21.6,24
2024-10-27,gem_seamless,h0,24.1,24
2024-10-27,ecmwf_ifs025,h0,22.6,24
2024-10-28,icon_seamless,h24,22.6,24
2024-10-28,meteofrance_seamless,h24,23.5,24
2024-10-28,gem_seamless,h24,24.0,24
2024-10-28,ecmwf_ifs025,h24,22.7,24
2024-10-28,icon_seamless,h0,22.3,24
2024-10-28,ukmo_seamless,h0,22.0,24
2024-10-28,meteofrance_seamless,h0,23.1,24
2024-10-28,gem_seamless,h0,22.7,24
2024-10-28,ecmwf_ifs025,h0,22.5,24
2024-10-28,ukmo_seamless,h24,22.0,22
2024-10-29,icon_seamless,h24,23.5,24
2024-10-29,ukmo_seamless,h24,22.0,24
2024-10-29,meteofrance_seamless,h24,24.5,24
2024-10-29,gem_seamless,h24,24.2,24
2024-10-29,ecmwf_ifs025,h24,23.0,24
2024-10-29,icon_seamless,h0,23.4,24
2024-10-29,ukmo_seamless,h0,22.5,24
2024-10-29,meteofrance_seamless,h0,23.8,24
2024-10-29,gem_seamless,h0,24.0,24
2024-10-29,ecmwf_ifs025,h0,22.8,24
2024-10-30,icon_seamless,h24,23.7,24
2024-10-30,ukmo_seamless,h24,22.4,24
2024-10-30,meteofrance_seamless,h24,24.7,24
2024-10-30,gem_seamless,h24,23.3,24
2024-10-30,ecmwf_ifs025,h24,22.3,24
2024-10-30,icon_seamless,h0,24.3,24
2024-10-30,ukmo_seamless,h0,22.7,24
2024-10-30,meteofrance_seamless,h0,24.9,24
2024-10-30,gem_seamless,h0,24.1,24
2024-10-30,ecmwf_ifs025,h0,22.6,24
2024-10-31,icon_seamless,h24,23.3,24
2024-10-31,ukmo_seamless,h24,22.4,24
2024-10-31,meteofrance_seamless,h24,25.1,24
2024-10-31,gem_seamless,h24,24.8,24
2024-10-31,ecmwf_ifs025,h24,22.2,24
2024-10-31,icon_seamless,h0,23.4,24
2024-10-31,ukmo_seamless,h0,22.4,24
2024-10-31,meteofrance_seamless,h0,24.5,24
2024-10-31,gem_seamless,h0,24.7,24
2024-10-31,ecmwf_ifs025,h0,22.4,24
2024-11-01,icon_seamless,h24,21.5,24
2024-11-01,ukmo_seamless,h24,21.7,24
2024-11-01,meteofrance_seamless,h24,23.7,24
2024-11-01,gem_seamless,h24,23.7,24
2024-11-01,ecmwf_ifs025,h24,21.7,24
2024-11-01,icon_seamless,h0,21.7,24
2024-11-01,ukmo_seamless,h0,21.6,24
2024-11-01,meteofrance_seamless,h0,22.9,24
2024-11-01,gem_seamless,h0,23.4,24
2024-11-01,ecmwf_ifs025,h0,21.5,24
2024-11-02,icon_seamless,h24,23.6,24
2024-11-02,ukmo_seamless,h24,21.7,24
2024-11-02,meteofrance_seamless,h24,24.2,24
2024-11-02,gem_seamless,h24,24.0,24
2024-11-02,ecmwf_ifs025,h24,22.3,24
2024-11-02,icon_seamless,h0,23.1,24
2024-11-02,ukmo_seamless,h0,22.0,24
2024-11-02,meteofrance_seamless,h0,22.9,24
2024-11-02,gem_seamless,h0,23.8,24
2024-11-02,ecmwf_ifs025,h0,22.3,24
2024-11-03,icon_seamless,h24,24.2,24
2024-11-03,ukmo_seamless,h24,22.2,24
2024-11-03,meteofrance_seamless,h24,25.1,24
2024-11-03,gem_seamless,h24,24.8,24
2024-11-03,ecmwf_ifs025,h24,23.3,24
2024-11-03,icon_seamless,h0,23.7,24
2024-11-03,ukmo_seamless,h0,22.5,24
2024-11-03,meteofrance_seamless,h0,24.7,24
2024-11-03,gem_seamless,h0,24.5,24
2024-11-03,ecmwf_ifs025,h0,23.3,24
2024-11-04,icon_seamless,h24,21.8,24
2024-11-04,ukmo_seamless,h24,22.6,24
2024-11-04,meteofrance_seamless,h24,23.9,24
2024-11-04,gem_seamless,h24,23.8,24
2024-11-04,ecmwf_ifs025,h24,22.7,24
2024-11-04,icon_seamless,h0,24.0,24
2024-11-04,ukmo_seamless,h0,22.7,24
2024-11-04,meteofrance_seamless,h0,24.5,24
2024-11-04,gem_seamless,h0,25.3,24
2024-11-04,ecmwf_ifs025,h0,24.1,24
2024-11-05,icon_seamless,h24,21.9,24
2024-11-05,ukmo_seamless,h24,20.4,24
2024-11-05,meteofrance_seamless,h24,23.2,24
2024-11-05,gem_seamless,h24,22.4,24
2024-11-05,ecmwf_ifs025,h24,20.8,24
2024-11-05,icon_seamless,h0,21.7,24
2024-11-05,ukmo_seamless,h0,21.0,24
2024-11-05,meteofrance_seamless,h0,22.5,24
2024-11-05,gem_seamless,h0,22.3,24
2024-11-05,ecmwf_ifs025,h0,20.8,24
2024-11-06,icon_seamless,h24,22.0,24
2024-11-06,ukmo_seamless,h24,20.2,24
2024-11-06,meteofrance_seamless,h24,22.8,24
2024-11-06,gem_seamless,h24,21.7,24
2024-11-06,ecmwf_ifs025,h24,20.5,24
2024-11-06,icon_seamless,h0,21.8,24
2024-11-06,ukmo_seamless,h0,20.2,24
2024-11-06,meteofrance_seamless,h0,21.9,24
2024-11-06,gem_seamless,h0,21.9,24
2024-11-06,ecmwf_ifs025,h0,21.0,24
2024-11-07,icon_seamless,h24,21.2,24
2024-11-07,ukmo_seamless,h24,19.1,24
2024-11-07,meteofrance_seamless,h24,22.3,24
2024-11-07,gem_seamless,h24,20.5,24
2024-11-07,ecmwf_ifs025,h24,19.8,24
2024-11-07,icon_seamless,h0,21.6,24
2024-11-07,ukmo_seamless,h0,20.0,24
2024-11-07,meteofrance_seamless,h0,22.1,24
2024-11-07,gem_seamless,h0,21.7,24
2024-11-07,ecmwf_ifs025,h0,20.7,24
2024-11-08,icon_seamless,h24,19.5,24
2024-11-08,ukmo_seamless,h24,19.7,24
2024-11-08,meteofrance_seamless,h24,21.9,24
2024-11-08,gem_seamless,h24,21.1,24
2024-11-08,ecmwf_ifs025,h24,18.0,24
2024-11-08,icon_seamless,h0,21.3,24
2024-11-08,ukmo_seamless,h0,19.5,24
2024-11-08,meteofrance_seamless,h0,21.3,24
2024-11-08,gem_seamless,h0,21.8,24
2024-11-08,ecmwf_ifs025,h0,19.9,24
2024-11-09,icon_seamless,h24,19.1,24
2024-11-09,ukmo_seamless,h24,19.0,24
2024-11-09,meteofrance_seamless,h24,20.7,24
2024-11-09,gem_seamless,h24,21.5,24
2024-11-09,ecmwf_ifs025,h24,19.9,24
2024-11-09,icon_seamless,h0,20.5,24
2024-11-09,ukmo_seamless,h0,19.7,24
2024-11-09,meteofrance_seamless,h0,20.3,24
2024-11-09,gem_seamless,h0,20.6,24
2024-11-09,ecmwf_ifs025,h0,19.9,24
2024-11-10,icon_seamless,h24,22.5,24
2024-11-10,ukmo_seamless,h24,21.6,24
2024-11-10,meteofrance_seamless,h24,23.3,24
2024-11-10,gem_seamless,h24,24.4,24
2024-11-10,ecmwf_ifs025,h24,21.9,24
2024-11-10,icon_seamless,h0,22.6,24
2024-11-10,ukmo_seamless,h0,21.3,24
2024-11-10,meteofrance_seamless,h0,22.7,24
2024-11-10,gem_seamless,h0,23.9,24
2024-11-10,ecmwf_ifs025,h0,22.0,24
2024-11-11,icon_seamless,h24,24.1,24
2024-11-11,ukmo_seamless,h24,22.1,24
2024-11-11,meteofrance_seamless,h24,24.2,24
2024-11-11,gem_seamless,h24,25.3,24
2024-11-11,ecmwf_ifs025,h24,23.7,24
2024-11-11,icon_seamless,h0,23.8,24
2024-11-11,ukmo_seamless,h0,22.4,24
2024-11-11,meteofrance_seamless,h0,23.9,24
2024-11-11,gem_seamless,h0,24.6,24
2024-11-11,ecmwf_ifs025,h0,23.7,24
2024-11-12,icon_seamless,h24,23.2,24
2024-11-12,ukmo_seamless,h24,22.0,24
2024-11-12,meteofrance_seamless,h24,24.5,24
2024-11-12,gem_seamless,h24,24.9,24
2024-11-12,ecmwf_ifs025,h24,23.3,24
2024-11-12,icon_seamless,h0,23.9,24
2024-11-12,ukmo_seamless,h0,22.7,24
2024-11-12,meteofrance_seamless,h0,24.5,24
2024-11-12,gem_seamless,h0,24.5,24
2024-11-12,ecmwf_ifs025,h0,23.7,24
2024-11-13,icon_seamless,h24,24.1,24
2024-11-13,ukmo_seamless,h24,17.6,4
2024-11-13,meteofrance_seamless,h24,23.3,24
2024-11-13,gem_seamless,h24,25.4,24
2024-11-13,ecmwf_ifs025,h24,24.6,24
2024-11-13,icon_seamless,h0,23.9,24
2024-11-13,ukmo_seamless,h0,23.7,24
2024-11-13,meteofrance_seamless,h0,25.1,24
2024-11-13,gem_seamless,h0,26.0,24
2024-11-13,ecmwf_ifs025,h0,24.3,24
2024-11-14,icon_seamless,h24,26.4,24
2024-11-14,meteofrance_seamless,h24,26.4,24
2024-11-14,gem_seamless,h24,28.1,24
2024-11-14,ecmwf_ifs025,h24,26.0,24
2024-11-14,icon_seamless,h0,25.6,24
2024-11-14,ukmo_seamless,h0,24.4,24
2024-11-14,meteofrance_seamless,h0,25.6,24
2024-11-14,gem_seamless,h0,26.4,24
2024-11-14,ecmwf_ifs025,h0,25.3,24
2024-11-15,icon_seamless,h24,25.1,24
2024-11-15,meteofrance_seamless,h24,24.0,24
2024-11-15,gem_seamless,h24,27.1,24
2024-11-15,ecmwf_ifs025,h24,25.2,24
2024-11-15,icon_seamless,h0,24.5,24
2024-11-15,ukmo_seamless,h0,22.3,24
2024-11-15,meteofrance_seamless,h0,25.6,24
2024-11-15,gem_seamless,h0,25.1,24
2024-11-15,ecmwf_ifs025,h0,23.8,24
2024-11-16,icon_seamless,h24,22.4,24
2024-11-16,meteofrance_seamless,h24,22.7,24
2024-11-16,gem_seamless,h24,23.5,24
2024-11-16,ecmwf_ifs025,h24,22.9,24
2024-11-16,icon_seamless,h0,21.3,24
2024-11-16,ukmo_seamless,h0,20.8,24
2024-11-16,meteofrance_seamless,h0,21.9,24
2024-11-16,gem_seamless,h0,23.5,24
2024-11-16,ecmwf_ifs025,h0,22.2,24
2024-11-17,icon_seamless,h24,15.1,24
2024-11-17,meteofrance_seamless,h24,18.3,24
2024-11-17,gem_seamless,h24,14.4,24
2024-11-17,ecmwf_ifs025,h24,17.7,24
2024-11-17,icon_seamless,h0,15.5,24
2024-11-17,ukmo_seamless,h0,15.4,24
2024-11-17,meteofrance_seamless,h0,16.7,24
2024-11-17,gem_seamless,h0,15.9,24
2024-11-17,ecmwf_ifs025,h0,15.8,24
2024-11-18,icon_seamless,h24,11.1,24
2024-11-18,meteofrance_seamless,h24,12.2,24
2024-11-18,gem_seamless,h24,12.8,24
2024-11-18,ecmwf_ifs025,h24,13.3,24
2024-11-18,icon_seamless,h0,11.0,24
2024-11-18,ukmo_seamless,h0,12.2,24
2024-11-18,meteofrance_seamless,h0,11.2,24
2024-11-18,gem_seamless,h0,12.0,24
2024-11-18,ecmwf_ifs025,h0,12.0,24
2024-11-19,icon_seamless,h24,10.5,24
2024-11-19,meteofrance_seamless,h24,10.4,24
2024-11-19,gem_seamless,h24,13.0,24
2024-11-19,ecmwf_ifs025,h24,12.8,24
2024-11-19,icon_seamless,h0,10.0,24
2024-11-19,ukmo_seamless,h0,11.3,24
2024-11-19,meteofrance_seamless,h0,10.0,24
2024-11-19,gem_seamless,h0,12.5,24
2024-11-19,ecmwf_ifs025,h0,11.2,24
2024-11-20,icon_seamless,h24,13.0,24
2024-11-20,meteofrance_seamless,h24,13.5,24
2024-11-20,gem_seamless,h24,14.3,24
2024-11-20,ecmwf_ifs025,h24,15.1,24
2024-11-20,icon_seamless,h0,13.1,24
2024-11-20,ukmo_seamless,h0,13.6,24
2024-11-20,meteofrance_seamless,h0,13.4,24
2024-11-20,gem_seamless,h0,13.7,24
2024-11-20,ecmwf_ifs025,h0,14.1,24
2024-11-21,icon_seamless,h24,15.2,24
2024-11-21,meteofrance_seamless,h24,15.2,24
2024-11-21,gem_seamless,h24,16.1,24
2024-11-21,ecmwf_ifs025,h24,16.9,24
2024-11-21,icon_seamless,h0,15.4,24
2024-11-21,ukmo_seamless,h0,14.8,24
2024-11-21,meteofrance_seamless,h0,15.3,24
2024-11-21,gem_seamless,h0,15.6,24
2024-11-21,ecmwf_ifs025,h0,15.9,24
2024-11-21,ukmo_seamless,h24,15.4,19
2024-11-22,icon_seamless,h24,15.6,24
2024-11-22,ukmo_seamless,h24,16.1,24
2024-11-22,meteofrance_seamless,h24,16.1,24
2024-11-22,gem_seamless,h24,16.0,24
2024-11-22,ecmwf_ifs025,h24,17.3,24
2024-11-22,icon_seamless,h0,14.9,24
2024-11-22,ukmo_seamless,h0,16.3,24
2024-11-22,meteofrance_seamless,h0,16.4,24
2024-11-22,gem_seamless,h0,16.0,24
2024-11-22,ecmwf_ifs025,h0,16.0,24
2024-11-23,icon_seamless,h24,16.2,24
2024-11-23,ukmo_seamless,h24,16.4,24
2024-11-23,meteofrance_seamless,h24,17.4,24
2024-11-23,gem_seamless,h24,16.6,24
2024-11-23,ecmwf_ifs025,h24,17.5,24
2024-11-23,icon_seamless,h0,16.6,24
2024-11-23,ukmo_seamless,h0,16.4,24
2024-11-23,meteofrance_seamless,h0,17.2,24
2024-11-23,gem_seamless,h0,16.7,24
2024-11-23,ecmwf_ifs025,h0,16.7,24
2024-11-24,icon_seamless,h24,14.3,24
2024-11-24,ukmo_seamless,h24,11.8,24
2024-11-24,meteofrance_seamless,h24,13.5,24
2024-11-24,gem_seamless,h24,12.2,24
2024-11-24,ecmwf_ifs025,h24,15.7,24
2024-11-24,icon_seamless,h0,13.4,24
2024-11-24,ukmo_seamless,h0,11.8,24
2024-11-24,meteofrance_seamless,h0,14.1,24
2024-11-24,gem_seamless,h0,12.7,24
2024-11-24,ecmwf_ifs025,h0,14.6,24
2024-11-25,icon_seamless,h24,11.8,24
2024-11-25,ukmo_seamless,h24,11.7,24
2024-11-25,meteofrance_seamless,h24,12.2,24
2024-11-25,gem_seamless,h24,10.7,24
2024-11-25,ecmwf_ifs025,h24,11.9,24
2024-11-25,icon_seamless,h0,11.6,24
2024-11-25,ukmo_seamless,h0,11.7,24
2024-11-25,meteofrance_seamless,h0,12.0,24
2024-11-25,gem_seamless,h0,11.0,24
2024-11-25,ecmwf_ifs025,h0,11.1,24
2024-11-26,icon_seamless,h24,10.7,24
2024-11-26,ukmo_seamless,h24,11.3,24
2024-11-26,meteofrance_seamless,h24,12.3,24
2024-11-26,gem_seamless,h24,9.4,24
2024-11-26,ecmwf_ifs025,h24,11.3,24
2024-11-26,icon_seamless,h0,11.8,24
2024-11-26,ukmo_seamless,h0,11.3,24
2024-11-26,meteofrance_seamless,h0,12.1,24
2024-11-26,gem_seamless,h0,11.7,24
2024-11-26,ecmwf_ifs025,h0,11.6,24
2024-11-27,icon_seamless,h24,12.0,24
2024-11-27,ukmo_seamless,h24,9.6,24
2024-11-27,meteofrance_seamless,h24,13.7,24
2024-11-27,gem_seamless,h24,11.8,24
2024-11-27,ecmwf_ifs025,h24,13.3,24
2024-11-27,icon_seamless,h0,13.9,24
2024-11-27,ukmo_seamless,h0,9.6,24
2024-11-27,meteofrance_seamless,h0,13.8,24
2024-11-27,gem_seamless,h0,13.1,24
2024-11-27,ecmwf_ifs025,h0,14.3,24
2024-11-28,icon_seamless,h24,14.1,24
2024-11-28,ukmo_seamless,h24,12.3,24
2024-11-28,meteofrance_seamless,h24,15.5,24
2024-11-28,gem_seamless,h24,12.7,24
2024-11-28,ecmwf_ifs025,h24,14.1,24
2024-11-28,icon_seamless,h0,15.7,24
2024-11-28,ukmo_seamless,h0,12.3,24
2024-11-28,meteofrance_seamless,h0,15.2,24
2024-11-28,gem_seamless,h0,14.6,24
2024-11-28,ecmwf_ifs025,h0,15.6,24
2024-11-29,icon_seamless,h24,17.1,24
2024-11-29,ukmo_seamless,h24,15.6,24
2024-11-29,meteofrance_seamless,h24,17.6,24
2024-11-29,gem_seamless,h24,15.5,24
2024-11-29,ecmwf_ifs025,h24,16.2,24
2024-11-29,icon_seamless,h0,17.4,24
2024-11-29,ukmo_seamless,h0,15.9,24
2024-11-29,meteofrance_seamless,h0,17.0,24
2024-11-29,gem_seamless,h0,16.9,24
2024-11-29,ecmwf_ifs025,h0,17.1,24
2024-11-30,icon_seamless,h24,16.7,24
2024-11-30,ukmo_seamless,h24,16.2,24
2024-11-30,meteofrance_seamless,h24,16.7,24
2024-11-30,gem_seamless,h24,17.2,24
2024-11-30,ecmwf_ifs025,h24,17.3,24
2024-11-30,icon_seamless,h0,17.7,24
2024-11-30,ukmo_seamless,h0,17.5,24
2024-11-30,meteofrance_seamless,h0,17.1,24
2024-11-30,gem_seamless,h0,18.7,24
2024-11-30,ecmwf_ifs025,h0,17.8,24
2024-12-01,icon_seamless,h24,19.3,24
2024-12-01,ukmo_seamless,h24,17.0,24
2024-12-01,meteofrance_seamless,h24,18.2,24
2024-12-01,gem_seamless,h24,18.9,24
2024-12-01,ecmwf_ifs025,h24,18.3,24
2024-12-01,icon_seamless,h0,19.6,24
2024-12-01,ukmo_seamless,h0,18.0,24
2024-12-01,meteofrance_seamless,h0,18.3,24
2024-12-01,gem_seamless,h0,20.1,24
2024-12-01,ecmwf_ifs025,h0,19.1,24
2024-12-02,icon_seamless,h24,20.4,24
2024-12-02,ukmo_seamless,h24,19.1,24
2024-12-02,meteofrance_seamless,h24,20.3,24
2024-12-02,gem_seamless,h24,20.0,24
2024-12-02,ecmwf_ifs025,h24,20.0,24
2024-12-02,icon_seamless,h0,20.9,24
2024-12-02,ukmo_seamless,h0,19.4,24
2024-12-02,meteofrance_seamless,h0,19.9,24
2024-12-02,gem_seamless,h0,21.1,24
2024-12-02,ecmwf_ifs025,h0,20.3,24
2024-12-03,icon_seamless,h24,14.4,24
2024-12-03,ukmo_seamless,h24,14.9,24
2024-12-03,meteofrance_seamless,h24,16.7,24
2024-12-03,gem_seamless,h24,18.2,24
2024-12-03,ecmwf_ifs025,h24,16.4,24
2024-12-03,icon_seamless,h0,13.4,24
2024-12-03,ukmo_seamless,h0,14.8,24
2024-12-03,meteofrance_seamless,h0,15.4,24
2024-12-03,gem_seamless,h0,17.2,24
2024-12-03,ecmwf_ifs025,h0,12.8,24
2024-12-04,icon_seamless,h24,11.4,24
2024-12-04,ukmo_seamless,h24,13.5,24
2024-12-04,meteofrance_seamless,h24,12.0,24
2024-12-04,gem_seamless,h24,14.5,24
2024-12-04,ecmwf_ifs025,h24,10.4,24
2024-12-04,icon_seamless,h0,10.2,24
2024-12-04,ukmo_seamless,h0,12.7,24
2024-12-04,meteofrance_seamless,h0,11.6,24
2024-12-04,gem_seamless,h0,13.4,24
2024-12-04,ecmwf_ifs025,h0,10.0,24
2024-12-05,icon_seamless,h24,13.2,24
2024-12-05,ukmo_seamless,h24,13.4,24
2024-12-05,meteofrance_seamless,h24,13.6,24
2024-12-05,gem_seamless,h24,11.9,24
2024-12-05,ecmwf_ifs025,h24,14.4,24
2024-12-05,icon_seamless,h0,13.2,24
2024-12-05,ukmo_seamless,h0,13.2,24
2024-12-05,meteofrance_seamless,h0,13.2,24
2024-12-05,gem_seamless,h0,11.4,24
2024-12-05,ecmwf_ifs025,h0,13.8,24
2024-12-06,icon_seamless,h24,14.2,24
2024-12-06,ukmo_seamless,h24,13.4,24
2024-12-06,meteofrance_seamless,h24,14.0,24
2024-12-06,gem_seamless,h24,12.4,24
2024-12-06,ecmwf_ifs025,h24,14.6,24
2024-12-06,icon_seamless,h0,14.6,24
2024-12-06,ukmo_seamless,h0,13.8,24
2024-12-06,meteofrance_seamless,h0,14.7,24
2024-12-06,gem_seamless,h0,14.0,24
2024-12-06,ecmwf_ifs025,h0,15.0,24
2024-12-07,icon_seamless,h24,12.8,24
2024-12-07,ukmo_seamless,h24,12.3,24
2024-12-07,meteofrance_seamless,h24,13.6,24
2024-12-07,gem_seamless,h24,10.5,24
2024-12-07,ecmwf_ifs025,h24,12.2,24
2024-12-07,icon_seamless,h0,13.7,24
2024-12-07,ukmo_seamless,h0,12.7,24
2024-12-07,meteofrance_seamless,h0,14.1,24
2024-12-07,gem_seamless,h0,12.5,24
2024-12-07,ecmwf_ifs025,h0,13.7,24
2024-12-08,icon_seamless,h24,10.8,24
2024-12-08,ukmo_seamless,h24,9.6,24
2024-12-08,meteofrance_seamless,h24,11.3,24
2024-12-08,gem_seamless,h24,9.8,24
2024-12-08,ecmwf_ifs025,h24,10.0,24
2024-12-08,icon_seamless,h0,10.5,24
2024-12-08,ukmo_seamless,h0,9.8,24
2024-12-08,meteofrance_seamless,h0,10.8,24
2024-12-08,gem_seamless,h0,10.5,24
2024-12-08,ecmwf_ifs025,h0,10.3,24
2024-12-09,icon_seamless,h24,9.3,24
2024-12-09,ukmo_seamless,h24,10.3,24
2024-12-09,meteofrance_seamless,h24,10.2,24
2024-12-09,gem_seamless,h24,10.2,24
2024-12-09,ecmwf_ifs025,h24,9.3,24
2024-12-09,icon_seamless,h0,9.2,24
2024-12-09,ukmo_seamless,h0,9.4,24
2024-12-09,meteofrance_seamless,h0,9.3,24
2024-12-09,gem_seamless,h0,9.9,24
2024-12-09,ecmwf_ifs025,h0,8.4,24
2024-12-10,icon_seamless,h24,7.4,24
2024-12-10,ukmo_seamless,h24,10.8,24
2024-12-10,meteofrance_seamless,h24,7.1,24
2024-12-10,gem_seamless,h24,7.3,24
2024-12-10,ecmwf_ifs025,h24,8.0,24
2024-12-10,icon_seamless,h0,7.3,24
2024-12-10,ukmo_seamless,h0,8.9,24
2024-12-10,meteofrance_seamless,h0,7.2,24
2024-12-10,gem_seamless,h0,7.0,24
2024-12-10,ecmwf_ifs025,h0,7.9,24
2024-12-11,icon_seamless,h24,9.7,24
2024-12-11,ukmo_seamless,h24,9.7,24
2024-12-11,meteofrance_seamless,h24,9.3,24
2024-12-11,gem_seamless,h24,10.1,24
2024-12-11,ecmwf_ifs025,h24,10.4,24
2024-12-11,icon_seamless,h0,9.3,24
2024-12-11,ukmo_seamless,h0,9.2,24
2024-12-11,meteofrance_seamless,h0,8.9,24
2024-12-11,gem_seamless,h0,10.2,24
2024-12-11,ecmwf_ifs025,h0,9.7,24
2024-12-12,icon_seamless,h24,9.2,24
2024-12-12,ukmo_seamless,h24,10.2,24
2024-12-12,meteofrance_seamless,h24,9.7,24
2024-12-12,gem_seamless,h24,10.1,24
2024-12-12,ecmwf_ifs025,h24,9.4,24
2024-12-12,icon_seamless,h0,8.9,24
2024-12-12,ukmo_seamless,h0,9.8,24
2024-12-12,meteofrance_seamless,h0,9.2,24
2024-12-12,gem_seamless,h0,10.0,24
2024-12-12,ecmwf_ifs025,h0,9.8,24
2024-12-13,icon_seamless,h24,9.0,24
2024-12-13,ukmo_seamless,h24,9.5,24
2024-12-13,meteofrance_seamless,h24,10.0,24
2024-12-13,gem_seamless,h24,8.6,24
2024-12-13,ecmwf_ifs025,h24,9.7,24
2024-12-13,icon_seamless,h0,9.9,24
2024-12-13,ukmo_seamless,h0,9.9,24
2024-12-13,meteofrance_seamless,h0,10.7,24
2024-12-13,gem_seamless,h0,9.9,24
2024-12-13,ecmwf_ifs025,h0,10.3,24
2024-12-14,icon_seamless,h24,8.7,24
2024-12-14,ukmo_seamless,h24,8.0,24
2024-12-14,meteofrance_seamless,h24,9.5,24
2024-12-14,gem_seamless,h24,7.5,24
2024-12-14,ecmwf_ifs025,h24,8.9,24
2024-12-14,icon_seamless,h0,9.0,24
2024-12-14,ukmo_seamless,h0,8.6,24
2024-12-14,meteofrance_seamless,h0,8.7,24
2024-12-14,gem_seamless,h0,8.3,24
2024-12-14,ecmwf_ifs025,h0,8.8,24
2024-12-15,icon_seamless,h24,9.6,24
2024-12-15,ukmo_seamless,h24,1.2,8
2024-12-15,meteofrance_seamless,h24,11.4,24
2024-12-15,gem_seamless,h24,7.8,24
2024-12-15,ecmwf_ifs025,h24,11.0,24
2024-12-15,icon_seamless,h0,10.5,24
2024-12-15,ukmo_seamless,h0,10.5,24
2024-12-15,meteofrance_seamless,h0,10.9,24
2024-12-15,gem_seamless,h0,11.3,24
2024-12-15,ecmwf_ifs025,h0,10.8,24
2024-12-16,icon_seamless,h24,12.6,24
2024-12-16,meteofrance_seamless,h24,12.1,24
2024-12-16,gem_seamless,h24,11.8,24
2024-12-16,ecmwf_ifs025,h24,12.7,24
2024-12-16,icon_seamless,h0,13.6,24
2024-12-16,ukmo_seamless,h0,12.5,24
2024-12-16,meteofrance_seamless,h0,12.3,24
2024-12-16,gem_seamless,h0,14.0,24
2024-12-16,ecmwf_ifs025,h0,12.8,24
2024-12-17,icon_seamless,h24,13.2,24
2024-12-17,meteofrance_seamless,h24,13.3,24
2024-12-17,gem_seamless,h24,13.9,24
2024-12-17,ecmwf_ifs025,h24,14.0,24
2024-12-17,icon_seamless,h0,13.0,24
2024-12-17,ukmo_seamless,h0,12.7,24
2024-12-17,meteofrance_seamless,h0,12.8,24
2024-12-17,gem_seamless,h0,14.9,24
2024-12-17,ecmwf_ifs025,h0,13.3,24
2024-12-18,icon_seamless,h24,10.5,24
2024-12-18,meteofrance_seamless,h24,10.5,24
2024-12-18,gem_seamless,h24,9.7,24
2024-12-18,ecmwf_ifs025,h24,9.6,24
2024-12-18,icon_seamless,h0,9.8,24
2024-12-18,ukmo_seamless,h0,9.6,24
2024-12-18,meteofrance_seamless,h0,9.4,24
2024-12-18,gem_seamless,h0,10.0,24
2024-12-18,ecmwf_ifs025,h0,9.4,24
2024-12-19,icon_seamless,h24,6.9,24
2024-12-19,meteofrance_seamless,h24,6.6,24
2024-12-19,gem_seamless,h24,6.9,24
2024-12-19,ecmwf_ifs025,h24,5.7,24
2024-12-19,icon_seamless,h0,6.0,24
2024-12-19,ukmo_seamless,h0,5.6,24
2024-12-19,meteofrance_seamless,h0,6.7,24
2024-12-19,gem_seamless,h0,7.3,24
2024-12-19,ecmwf_ifs025,h0,6.3,24
2024-12-20,icon_seamless,h24,9.4,24
2024-12-20,meteofrance_seamless,h24,9.1,24
2024-12-20,gem_seamless,h24,9.6,24
2024-12-20,ecmwf_ifs025,h24,9.5,24
2024-12-20,icon_seamless,h0,9.2,24
2024-12-20,ukmo_seamless,h0,8.7,24
2024-12-20,meteofrance_seamless,h0,8.9,24
2024-12-20,gem_seamless,h0,9.6,24
2024-12-20,ecmwf_ifs025,h0,8.3,24
2024-12-21,icon_seamless,h24,9.7,24
2024-12-21,meteofrance_seamless,h24,9.5,24
2024-12-21,gem_seamless,h24,7.8,24
2024-12-21,ecmwf_ifs025,h24,8.6,24
2024-12-21,icon_seamless,h0,9.3,24
2024-12-21,ukmo_seamless,h0,9.4,24
2024-12-21,meteofrance_seamless,h0,9.5,24
2024-12-21,gem_seamless,h0,10.2,24
2024-12-21,ecmwf_ifs025,h0,9.5,24
2024-12-22,icon_seamless,h24,5.4,24
2024-12-22,meteofrance_seamless,h24,5.4,24
2024-12-22,gem_seamless,h24,5.5,24
2024-12-22,ecmwf_ifs025,h24,6.0,24
2024-12-22,icon_seamless,h0,5.4,24
2024-12-22,ukmo_seamless,h0,5.6,24
2024-12-22,meteofrance_seamless,h0,5.2,24
2024-12-22,gem_seamless,h0,6.1,24
2024-12-22,ecmwf_ifs025,h0,5.2,24
2024-12-23,icon_seamless,h24,7.5,24
2024-12-23,meteofrance_seamless,h24,6.8,24
2024-12-23,gem_seamless,h24,7.8,24
2024-12-23,ecmwf_ifs025,h24,8.3,24
2024-12-23,icon_seamless,h0,6.6,24
2024-12-23,ukmo_seamless,h0,7.0,24
2024-12-23,meteofrance_seamless,h0,6.7,24
2024-12-23,gem_seamless,h0,7.6,24
2024-12-23,ecmwf_ifs025,h0,6.8,24
2024-12-24,icon_seamless,h24,9.1,24
2024-12-24,meteofrance_seamless,h24,8.7,24
2024-12-24,gem_seamless,h24,9.7,24
2024-12-24,ecmwf_ifs025,h24,9.3,24
2024-12-24,icon_seamless,h0,8.5,24
2024-12-24,ukmo_seamless,h0,8.1,24
2024-12-24,meteofrance_seamless,h0,8.6,24
2024-12-24,gem_seamless,h0,8.9,24
2024-12-24,ecmwf_ifs025,h0,8.6,24
2024-12-25,icon_seamless,h24,8.5,24
2024-12-25,meteofrance_seamless,h24,10.6,24
2024-12-25,gem_seamless,h24,11.0,24
2024-12-25,ecmwf_ifs025,h24,11.0,24
2024-12-25,icon_seamless,h0,8.9,24
2024-12-25,ukmo_seamless,h0,11.2,24
2024-12-25,meteofrance_seamless,h0,9.5,24
2024-12-25,gem_seamless,h0,11.7,24
2024-12-25,ecmwf_ifs025,h0,8.5,24
2024-09-27,gfs_seamless,h24,33.4,24
2024-09-27,cma_grapes_global,h24,29.5,24
2024-09-27,jma_seamless,h24,29.5,24
2024-09-27,knmi_seamless,h24,31.2,24
2024-09-27,jma_gsm,h24,29.5,24
2024-09-27,gfs_seamless,h0,32.4,24
2024-09-27,cma_grapes_global,h0,30.5,24
2024-09-27,jma_seamless,h0,30.0,24
2024-09-27,knmi_seamless,h0,31.2,24
2024-09-27,jma_gsm,h0,30.0,24
2024-09-28,gfs_seamless,h24,33.7,24
2024-09-28,cma_grapes_global,h24,30.0,24
2024-09-28,jma_seamless,h24,29.8,24
2024-09-28,knmi_seamless,h24,32.1,24
2024-09-28,jma_gsm,h24,29.8,24
2024-09-28,gfs_seamless,h0,33.7,24
2024-09-28,cma_grapes_global,h0,31.7,24
2024-09-28,jma_seamless,h0,30.3,24
2024-09-28,knmi_seamless,h0,32.3,24
2024-09-28,jma_gsm,h0,30.3,24
2024-09-29,gfs_seamless,h24,34.7,24
2024-09-29,cma_grapes_global,h24,29.5,24
2024-09-29,jma_seamless,h24,30.5,24
2024-09-29,knmi_seamless,h24,32.4,24
2024-09-29,jma_gsm,h24,30.5,24
2024-09-29,gfs_seamless,h0,34.7,24
2024-09-29,cma_grapes_global,h0,32.4,24
2024-09-29,jma_seamless,h0,31.9,24
2024-09-29,knmi_seamless,h0,32.8,24
2024-09-29,jma_gsm,h0,31.9,24
2024-09-30,gfs_seamless,h24,27.8,24
2024-09-30,cma_grapes_global,h24,24.3,24
2024-09-30,jma_seamless,h24,25.4,24
2024-09-30,knmi_seamless,h24,29.2,24
2024-09-30,jma_gsm,h24,25.4,24
2024-09-30,gfs_seamless,h0,28.6,24
2024-09-30,cma_grapes_global,h0,25.4,24
2024-09-30,jma_seamless,h0,25.0,24
2024-09-30,knmi_seamless,h0,28.1,24
2024-09-30,jma_gsm,h0,25.0,24
2024-10-01,gfs_seamless,h24,22.8,24
2024-10-01,cma_grapes_global,h24,22.9,24
2024-10-01,jma_seamless,h24,24.7,24
2024-10-01,knmi_seamless,h24,22.6,24
2024-10-01,jma_gsm,h24,24.7,24
2024-10-01,gfs_seamless,h0,22.3,24
2024-10-01,cma_grapes_global,h0,22.0,24
2024-10-01,jma_seamless,h0,23.8,24
2024-10-01,knmi_seamless,h0,23.7,24
2024-10-01,jma_gsm,h0,23.8,24
2024-10-02,gfs_seamless,h24,25.1,24
2024-10-02,cma_grapes_global,h24,21.6,24
2024-10-02,jma_seamless,h24,24.5,24
2024-10-02,knmi_seamless,h24,24.5,24
2024-10-02,jma_gsm,h24,24.5,24
2024-10-02,gfs_seamless,h0,25.5,24
2024-10-02,cma_grapes_global,h0,23.1,24
2024-10-02,jma_seamless,h0,25.1,24
2024-10-02,knmi_seamless,h0,24.9,24
2024-10-02,jma_gsm,h0,25.1,24
2024-10-03,gfs_seamless,h24,25.2,24
2024-10-03,cma_grapes_global,h24,20.4,24
2024-10-03,jma_seamless,h24,24.0,24
2024-10-03,knmi_seamless,h24,23.6,24
2024-10-03,jma_gsm,h24,24.0,24
2024-10-03,gfs_seamless,h0,25.4,24
2024-10-03,cma_grapes_global,h0,21.8,24
2024-10-03,jma_seamless,h0,24.1,24
2024-10-03,knmi_seamless,h0,24.0,24
2024-10-03,jma_gsm,h0,24.1,24
2024-10-04,gfs_seamless,h24,25.7,24
2024-10-04,cma_grapes_global,h24,21.5,24
2024-10-04,jma_seamless,h24,24.4,24
2024-10-04,knmi_seamless,h24,24.5,24
2024-10-04,jma_gsm,h24,24.4,24
2024-10-04,gfs_seamless,h0,25.2,24
2024-10-04,cma_grapes_global,h0,23.2,24
2024-10-04,jma_seamless,h0,24.3,24
2024-10-04,knmi_seamless,h0,24.9,24
2024-10-04,jma_gsm,h0,24.3,24
2024-10-05,gfs_seamless,h24,25.0,24
2024-10-05,cma_grapes_global,h24,21.8,24
2024-10-05,jma_seamless,h24,24.5,24
2024-10-05,knmi_seamless,h24,25.5,24
2024-10-05,jma_gsm,h24,24.5,24
2024-10-05,gfs_seamless,h0,23.9,24
2024-10-05,cma_grapes_global,h0,23.7,24
2024-10-05,jma_seamless,h0,25.0,24
2024-10-05,knmi_seamless,h0,25.0,24
2024-10-05,jma_gsm,h0,25.0,24
2024-10-06,gfs_seamless,h24,23.1,24
2024-10-06,cma_grapes_global,h24,22.0,24
2024-10-06,jma_seamless,h24,24.3,24
2024-10-06,knmi_seamless,h24,24.3,24
2024-10-06,jma_gsm,h24,24.3,24
2024-10-06,gfs_seamless,h0,23.1,24
2024-10-06,cma_grapes_global,h0,22.1,24
2024-10-06,jma_seamless,h0,23.5,24
2024-10-06,knmi_seamless,h0,23.5,24
2024-10-06,jma_gsm,h0,23.5,24
2024-10-07,gfs_seamless,h24,18.0,24
2024-10-07,cma_grapes_global,h24,21.0,24
2024-10-07,jma_seamless,h24,22.1,24
2024-10-07,knmi_seamless,h24,20.5,24
2024-10-07,jma_gsm,h24,22.1,24
2024-10-07,gfs_seamless,h0,18.4,24
2024-10-07,cma_grapes_global,h0,19.6,24
2024-10-07,jma_seamless,h0,18.9,24
2024-10-07,knmi_seamless,h0,18.3,24
2024-10-07,jma_gsm,h0,18.9,24
2024-10-08,gfs_seamless,h24,26.6,24
2024-10-08,cma_grapes_global,h24,23.0,24
2024-10-08,jma_seamless,h24,24.1,24
2024-10-08,knmi_seamless,h24,24.3,24
2024-10-08,jma_gsm,h24,24.1,24
2024-10-08,gfs_seamless,h0,26.2,24
2024-10-08,cma_grapes_global,h0,23.1,24
2024-10-08,jma_seamless,h0,23.9,24
2024-10-08,knmi_seamless,h0,24.7,24
2024-10-08,jma_gsm,h0,23.9,24
2024-10-09,gfs_seamless,h24,27.9,24
2024-10-09,cma_grapes_global,h24,23.4,24
2024-10-09,jma_seamless,h24,25.7,24
2024-10-09,knmi_seamless,h24,25.8,24
2024-10-09,jma_gsm,h24,25.7,24
2024-10-09,gfs_seamless,h0,27.9,24
2024-10-09,cma_grapes_global,h0,25.5,24
2024-10-09,jma_seamless,h0,26.3,24
2024-10-09,knmi_seamless,h0,26.3,24
2024-10-09,jma_gsm,h0,26.3,24
2024-10-10,gfs_seamless,h24,30.3,24
2024-10-10,cma_grapes_global,h24,24.9,24
2024-10-10,jma_seamless,h24,27.6,24
2024-10-10,knmi_seamless,h24,27.9,24
2024-10-10,jma_gsm,h24,27.6,24
2024-10-10,gfs_seamless,h0,30.0,24
2024-10-10,cma_grapes_global,h0,26.4,24
2024-10-10,jma_seamless,h0,27.0,24
2024-10-10,knmi_seamless,h0,28.4,24
2024-10-10,jma_gsm,h0,27.0,24
2024-10-11,gfs_seamless,h24,30.2,24
2024-10-11,cma_grapes_global,h24,25.5,24
2024-10-11,jma_seamless,h24,27.9,24
2024-10-11,knmi_seamless,h24,27.9,24
2024-10-11,jma_gsm,h24,27.9,24
2024-10-11,gfs_seamless,h0,29.6,24
2024-10-11,cma_grapes_global,h0,27.2,24
2024-10-11,jma_seamless,h0,28.5,24
2024-10-11,knmi_seamless,h0,28.0,24
2024-10-11,jma_gsm,h0,28.5,24
2024-10-12,gfs_seamless,h24,28.4,24
2024-10-12,cma_grapes_global,h24,24.2,24
2024-10-12,jma_seamless,h24,26.8,24
2024-10-12,knmi_seamless,h24,28.1,24
2024-10-12,jma_gsm,h24,26.8,24
2024-10-12,gfs_seamless,h0,27.9,24
2024-10-12,cma_grapes_global,h0,27.2,24
2024-10-12,jma_seamless,h0,27.1,24
2024-10-12,knmi_seamless,h0,28.2,24
2024-10-12,jma_gsm,h0,27.1,24
2024-10-13,gfs_seamless,h24,25.1,24
2024-10-13,cma_grapes_global,h24,21.6,24
2024-10-13,jma_seamless,h24,25.9,24
2024-10-13,knmi_seamless,h24,23.9,24
2024-10-13,jma_gsm,h24,25.9,24
2024-10-13,gfs_seamless,h0,23.3,24
2024-10-13,cma_grapes_global,h0,23.5,24
2024-10-13,jma_seamless,h0,21.8,24
2024-10-13,knmi_seamless,h0,23.5,24
2024-10-13,jma_gsm,h0,21.8,24
2024-10-14,gfs_seamless,h24,26.0,24
2024-10-14,cma_grapes_global,h24,23.1,24
2024-10-14,jma_seamless,h24,22.4,24
2024-10-14,knmi_seamless,h24,25.3,24
2024-10-14,jma_gsm,h24,22.4,24
2024-10-14,gfs_seamless,h0,25.5,24
2024-10-14,cma_grapes_global,h0,22.7,24
2024-10-14,jma_seamless,h0,23.4,24
2024-10-14,knmi_seamless,h0,24.7,24
2024-10-14,jma_gsm,h0,23.4,24
2024-10-15,gfs_seamless,h24,28.3,24
2024-10-15,cma_grapes_global,h24,25.3,24
2024-10-15,jma_seamless,h24,26.4,24
2024-10-15,knmi_seamless,h24,27.3,24
2024-10-15,jma_gsm,h24,26.4,24
2024-10-15,gfs_seamless,h0,27.3,24
2024-10-15,cma_grapes_global,h0,24.9,24
2024-10-15,jma_seamless,h0,25.0,24
2024-10-15,knmi_seamless,h0,25.7,24
2024-10-15,jma_gsm,h0,25.0,24
2024-10-16,gfs_seamless,h24,28.1,24
2024-10-16,cma_grapes_global,h24,25.6,24
2024-10-16,jma_seamless,h24,23.7,24
2024-10-16,knmi_seamless,h24,26.9,24
2024-10-16,jma_gsm,h24,23.7,24
2024-10-16,gfs_seamless,h0,27.6,24
2024-10-16,cma_grapes_global,h0,25.8,24
2024-10-16,jma_seamless,h0,25.3,24
2024-10-16,knmi_seamless,h0,27.0,24
2024-10-16,jma_gsm,h0,25.3,24
2024-10-17,gfs_seamless,h24,21.7,24
2024-10-17,cma_grapes_global,h24,23.0,24
2024-10-17,jma_seamless,h24,24.3,24
2024-10-17,knmi_seamless,h24,24.8,24
2024-10-17,jma_gsm,h24,24.3,24
2024-10-17,gfs_seamless,h0,22.4,24
2024-10-17,cma_grapes_global,h0,23.1,24
2024-10-17,jma_seamless,h0,22.2,24
2024-10-17,knmi_seamless,h0,22.3,24
2024-10-17,jma_gsm,h0,22.2,24
2024-10-18,gfs_seamless,h24,28.3,24
2024-10-18,cma_grapes_global,h24,25.0,24
2024-10-18,jma_seamless,h24,25.6,24
2024-10-18,knmi_seamless,h24,26.9,24
2024-10-18,jma_gsm,h24,25.6,24
2024-10-18,gfs_seamless,h0,28.2,24
2024-10-18,cma_grapes_global,h0,26.0,24
2024-10-18,jma_seamless,h0,25.8,24
2024-10-18,knmi_seamless,h0,27.5,24
2024-10-18,jma_gsm,h0,25.8,24
2024-10-19,gfs_seamless,h24,19.3,24
2024-10-19,cma_grapes_global,h24,17.8,24
2024-10-19,jma_seamless,h24,19.9,24
2024-10-19,knmi_seamless,h24,20.4,24
2024-10-19,jma_gsm,h24,19.9,24
2024-10-19,gfs_seamless,h0,20.9,24
2024-10-19,cma_grapes_global,h0,19.6,24
2024-10-19,jma_seamless,h0,19.9,24
2024-10-19,knmi_seamless,h0,20.2,24
2024-10-19,jma_gsm,h0,19.9,24
2024-10-20,gfs_seamless,h24,19.3,24
2024-10-20,cma_grapes_global,h24,16.8,24
2024-10-20,jma_seamless,h24,16.7,24
2024-10-20,knmi_seamless,h24,18.3,24
2024-10-20,jma_gsm,h24,16.7,24
2024-10-20,gfs_seamless,h0,18.2,24
2024-10-20,cma_grapes_global,h0,17.7,24
2024-10-20,jma_seamless,h0,16.6,24
2024-10-20,knmi_seamless,h0,18.4,24
2024-10-20,jma_gsm,h0,16.6,24
2024-10-21,gfs_seamless,h24,15.9,24
2024-10-21,cma_grapes_global,h24,18.9,24
2024-10-21,jma_seamless,h24,17.6,24
2024-10-21,knmi_seamless,h24,19.4,24
2024-10-21,jma_gsm,h24,17.6,24
2024-10-21,gfs_seamless,h0,17.4,24
2024-10-21,cma_grapes_global,h0,16.5,24
2024-10-21,jma_seamless,h0,15.1,24
2024-10-21,knmi_seamless,h0,16.0,24
2024-10-21,jma_gsm,h0,15.1,24
2024-10-22,gfs_seamless,h24,20.1,24
2024-10-22,cma_grapes_global,h24,19.5,24
2024-10-22,jma_seamless,h24,20.9,24
2024-10-22,knmi_seamless,h24,19.4,24
2024-10-22,jma_gsm,h24,20.9,24
2024-10-22,gfs_seamless,h0,20.4,24
2024-10-22,cma_grapes_global,h0,19.5,24
2024-10-22,jma_seamless,h0,20.4,24
2024-10-22,knmi_seamless,h0,19.7,24
2024-10-22,jma_gsm,h0,20.4,24
2024-10-23,gfs_seamless,h24,21.7,24
2024-10-23,cma_grapes_global,h24,19.4,24
2024-10-23,jma_seamless,h24,20.2,24
2024-10-23,knmi_seamless,h24,20.5,24
2024-10-23,jma_gsm,h24,20.2,24
2024-10-23,gfs_seamless,h0,20.8,24
2024-10-23,cma_grapes_global,h0,19.8,24
2024-10-23,jma_seamless,h0,20.0,24
2024-10-23,knmi_seamless,h0,20.3,24
2024-10-23,jma_gsm,h0,20.0,24
2024-10-24,gfs_seamless,h24,23.8,24
2024-10-24,cma_grapes_global,h24,20.7,24
2024-10-24,jma_seamless,h24,21.3,24
2024-10-24,knmi_seamless,h24,21.4,24
2024-10-24,jma_gsm,h24,21.3,24
2024-10-24,gfs_seamless,h0,24.5,24
2024-10-24,cma_grapes_global,h0,21.8,24
2024-10-24,jma_seamless,h0,21.0,24
2024-10-24,knmi_seamless,h0,22.0,24
2024-10-24,jma_gsm,h0,21.0,24
2024-10-25,gfs_seamless,h24,25.1,24
2024-10-25,cma_grapes_global,h24,20.5,24
2024-10-25,jma_seamless,h24,21.4,24
2024-10-25,knmi_seamless,h24,21.6,24
2024-10-25,jma_gsm,h24,21.4,24
2024-10-25,gfs_seamless,h0,24.1,24
2024-10-25,cma_grapes_global,h0,21.7,24
2024-10-25,jma_seamless,h0,21.3,24
2024-10-25,knmi_seamless,h0,21.9,24
2024-10-25,jma_gsm,h0,21.3,24
2024-10-26,gfs_seamless,h24,24.8,24
2024-10-26,cma_grapes_global,h24,19.8,24
2024-10-26,jma_seamless,h24,20.7,24
2024-10-26,knmi_seamless,h24,22.7,24
2024-10-26,jma_gsm,h24,20.7,24
2024-10-26,gfs_seamless,h0,23.4,24
2024-10-26,cma_grapes_global,h0,21.1,24
2024-10-26,jma_seamless,h0,20.5,24
2024-10-26,knmi_seamless,h0,21.5,24
2024-10-26,jma_gsm,h0,20.5,24
2024-10-27,gfs_seamless,h24,24.2,24
2024-10-27,cma_grapes_global,h24,20.0,24
2024-10-27,jma_seamless,h24,20.8,24
2024-10-27,knmi_seamless,h24,21.6,24
2024-10-27,jma_gsm,h24,20.8,24
2024-10-27,gfs_seamless,h0,23.7,24
2024-10-27,cma_grapes_global,h0,21.9,24
2024-10-27,jma_seamless,h0,21.6,24
2024-10-27,knmi_seamless,h0,23.2,24
2024-10-27,jma_gsm,h0,21.6,24
2024-10-28,gfs_seamless,h24,23.9,24
2024-10-28,cma_grapes_global,h24,20.6,24
2024-10-28,jma_seamless,h24,20.9,24
2024-10-28,knmi_seamless,h24,22.7,24
2024-10-28,jma_gsm,h24,20.9,24
2024-10-28,gfs_seamless,h0,24.4,24
2024-10-28,cma_grapes_global,h0,21.2,24
2024-10-28,jma_seamless,h0,21.5,24
2024-10-28,knmi_seamless,h0,22.6,24
2024-10-28,jma_gsm,h0,21.5,24
2024-10-29,gfs_seamless,h24,25.6,24
2024-10-29,cma_grapes_global,h24,21.2,24
2024-10-29,jma_seamless,h24,22.2,24
2024-10-29,knmi_seamless,h24,23.0,24
2024-10-29,jma_gsm,h24,22.2,24
2024-10-29,gfs_seamless,h0,24.9,24
2024-10-29,cma_grapes_global,h0,22.1,24
2024-10-29,jma_seamless,h0,21.9,24
2024-10-29,knmi_seamless,h0,23.0,24
2024-10-29,jma_gsm,h0,21.9,24
2024-10-30,gfs_seamless,h24,25.5,24
2024-10-30,cma_grapes_global,h24,20.3,24
2024-10-30,jma_seamless,h24,21.6,24
2024-10-30,knmi_seamless,h24,22.3,24
2024-10-30,jma_gsm,h24,21.6,24
2024-10-30,gfs_seamless,h0,25.0,24
2024-10-30,cma_grapes_global,h0,21.9,24
2024-10-30,jma_seamless,h0,21.6,24
2024-10-30,knmi_seamless,h0,23.2,24
2024-10-30,jma_gsm,h0,21.6,24
2024-10-31,gfs_seamless,h24,24.9,24
2024-10-31,cma_grapes_global,h24,20.4,24
2024-10-31,jma_seamless,h24,19.9,24
2024-10-31,knmi_seamless,h24,22.2,24
2024-10-31,jma_gsm,h24,19.9,24
2024-10-31,gfs_seamless,h0,24.5,24
2024-10-31,cma_grapes_global,h0,21.6,24
2024-10-31,jma_seamless,h0,20.6,24
2024-10-31,knmi_seamless,h0,22.6,24
2024-10-31,jma_gsm,h0,20.6,24
2024-11-01,gfs_seamless,h24,23.3,24
2024-11-01,cma_grapes_global,h24,20.1,24
2024-11-01,jma_seamless,h24,21.1,24
2024-11-01,knmi_seamless,h24,21.7,24
2024-11-01,jma_gsm,h24,21.1,24
2024-11-01,gfs_seamless,h0,23.3,24
2024-11-01,cma_grapes_global,h0,20.7,24
2024-11-01,jma_seamless,h0,20.8,24
2024-11-01,knmi_seamless,h0,22.0,24
2024-11-01,jma_gsm,h0,20.8,24
2024-11-02,gfs_seamless,h24,24.4,24
2024-11-02,cma_grapes_global,h24,20.0,24
2024-11-02,jma_seamless,h24,21.1,24
2024-11-02,knmi_seamless,h24,22.3,24
2024-11-02,jma_gsm,h24,21.1,24
2024-11-02,gfs_seamless,h0,23.8,24
2024-11-02,cma_grapes_global,h0,21.0,24
2024-11-02,jma_seamless,h0,21.7,24
2024-11-02,knmi_seamless,h0,22.6,24
2024-11-02,jma_gsm,h0,21.7,24
2024-11-03,gfs_seamless,h24,25.3,24
2024-11-03,cma_grapes_global,h24,20.8,24
2024-11-03,jma_seamless,h24,22.2,24
2024-11-03,knmi_seamless,h24,23.3,24
2024-11-03,jma_gsm,h24,22.2,24
2024-11-03,gfs_seamless,h0,25.0,24
2024-11-03,cma_grapes_global,h0,22.4,24
2024-11-03,jma_seamless,h0,22.4,24
2024-11-03,knmi_seamless,h0,23.4,24
2024-11-03,jma_gsm,h0,22.4,24
2024-11-04,gfs_seamless,h24,25.0,24
2024-11-04,cma_grapes_global,h24,18.5,24
2024-11-04,jma_seamless,h24,21.0,24
2024-11-04,knmi_seamless,h24,22.7,24
2024-11-04,jma_gsm,h24,21.0,24
2024-11-04,gfs_seamless,h0,25.9,24
2024-11-04,cma_grapes_global,h0,22.8,24
2024-11-04,jma_seamless,h0,22.0,24
2024-11-04,knmi_seamless,h0,24.1,24
2024-11-04,jma_gsm,h0,22.0,24
2024-11-05,gfs_seamless,h24,23.0,24
2024-11-05,cma_grapes_global,h24,17.8,24
2024-11-05,jma_seamless,h24,20.7,24
2024-11-05,knmi_seamless,h24,20.8,24
2024-11-05,jma_gsm,h24,20.7,24
2024-11-05,gfs_seamless,h0,23.1,24
2024-11-05,cma_grapes_global,h0,19.7,24
2024-11-05,jma_seamless,h0,21.3,24
2024-11-05,knmi_seamless,h0,21.4,24
2024-11-05,jma_gsm,h0,21.3,24
2024-11-06,gfs_seamless,h24,23.1,24
2024-11-06,cma_grapes_global,h24,18.2,24
2024-11-06,jma_seamless,h24,19.7,24
2024-11-06,knmi_seamless,h24,20.5,24
2024-11-06,jma_gsm,h24,19.7,24
2024-11-06,gfs_seamless,h0,22.8,24
2024-11-06,cma_grapes_global,h0,19.9,24
2024-11-06,jma_seamless,h0,20.3,24
2024-11-06,knmi_seamless,h0,21.2,24
2024-11-06,jma_gsm,h0,20.3,24
2024-11-07,gfs_seamless,h24,22.7,24
2024-11-07,cma_grapes_global,h24,17.3,24
2024-11-07,jma_seamless,h24,19.2,24
2024-11-07,knmi_seamless,h24,19.8,24
2024-11-07,jma_gsm,h24,19.2,24
2024-11-07,gfs_seamless,h0,22.4,24
2024-11-07,cma_grapes_global,h0,20.1,24
2024-11-07,jma_seamless,h0,20.3,24
2024-11-07,knmi_seamless,h0,20.7,24
2024-11-07,jma_gsm,h0,20.3,24
2024-11-08,gfs_seamless,h24,21.4,24
2024-11-08,cma_grapes_global,h24,18.3,24
2024-11-08,jma_seamless,h24,19.9,24
2024-11-08,knmi_seamless,h24,18.0,24
2024-11-08,jma_gsm,h24,19.9,24
2024-11-08,gfs_seamless,h0,21.9,24
2024-11-08,cma_grapes_global,h0,20.2,24
2024-11-08,jma_seamless,h0,20.1,24
2024-11-08,knmi_seamless,h0,20.6,24
2024-11-08,jma_gsm,h0,20.1,24
2024-11-09,gfs_seamless,h24,23.1,24
2024-11-09,cma_grapes_global,h24,18.2,24
2024-11-09,jma_seamless,h24,19.4,24
2024-11-09,knmi_seamless,h24,19.9,24
2024-11-09,jma_gsm,h24,19.4,24
2024-11-09,gfs_seamless,h0,21.6,24
2024-11-09,cma_grapes_global,h0,19.7,24
2024-11-09,jma_seamless,h0,19.3,24
2024-11-09,knmi_seamless,h0,20.7,24
2024-11-09,jma_gsm,h0,19.3,24
2024-11-10,gfs_seamless,h24,24.7,24
2024-11-10,cma_grapes_global,h24,20.3,24
2024-11-10,jma_seamless,h24,21.7,24
2024-11-10,knmi_seamless,h24,21.9,24
2024-11-10,jma_gsm,h24,21.7,24
2024-11-10,gfs_seamless,h0,24.1,24
2024-11-10,cma_grapes_global,h0,20.5,24
2024-11-10,jma_seamless,h0,21.2,24
2024-11-10,knmi_seamless,h0,22.4,24
2024-11-10,jma_gsm,h0,21.2,24
2024-11-11,gfs_seamless,h24,25.7,24
2024-11-11,cma_grapes_global,h24,20.8,24
2024-11-11,jma_seamless,h24,21.1,24
2024-11-11,knmi_seamless,h24,23.7,24
2024-11-11,jma_gsm,h24,21.1,24
2024-11-11,gfs_seamless,h0,25.0,24
2024-11-11,cma_grapes_global,h0,22.1,24
2024-11-11,jma_seamless,h0,21.7,24
2024-11-11,knmi_seamless,h0,24.3,24
2024-11-11,jma_gsm,h0,21.7,24
2024-11-12,gfs_seamless,h24,24.3,24
2024-11-12,cma_grapes_global,h24,21.1,24
2024-11-12,jma_seamless,h24,21.3,24
2024-11-12,knmi_seamless,h24,23.3,24
2024-11-12,jma_gsm,h24,21.3,24
2024-11-12,gfs_seamless,h0,25.3,24
2024-11-12,cma_grapes_global,h0,22.4,24
2024-11-12,jma_seamless,h0,21.2,24
2024-11-12,knmi_seamless,h0,23.8,24
2024-11-12,jma_gsm,h0,21.2,24
2024-11-13,gfs_seamless,h24,26.7,24
2024-11-13,cma_grapes_global,h24,20.6,24
2024-11-13,jma_seamless,h24,21.1,24
2024-11-13,knmi_seamless,h24,24.6,24
2024-11-13,jma_gsm,h24,21.1,24
2024-11-13,gfs_seamless,h0,26.7,24
2024-11-13,cma_grapes_global,h0,22.9,24
2024-11-13,jma_seamless,h0,22.0,24
2024-11-13,knmi_seamless,h0,24.3,24
2024-11-13,jma_gsm,h0,22.0,24
2024-11-14,gfs_seamless,h24,27.7,24
2024-11-14,cma_grapes_global,h24,22.6,24
2024-11-14,jma_seamless,h24,23.8,24
2024-11-14,knmi_seamless,h24,26.0,24
2024-11-14,jma_gsm,h24,23.8,24
2024-11-14,gfs_seamless,h0,27.5,24
2024-11-14,cma_grapes_global,h0,23.0,24
2024-11-14,jma_seamless,h0,23.1,24
2024-11-14,knmi_seamless,h0,26.1,24
2024-11-14,jma_gsm,h0,23.1,24
2024-11-15,gfs_seamless,h24,27.8,24
2024-11-15,cma_grapes_global,h24,22.7,24
2024-11-15,jma_seamless,h24,22.4,24
2024-11-15,knmi_seamless,h24,25.2,24
2024-11-15,jma_gsm,h24,22.4,24
2024-11-15,gfs_seamless,h0,27.6,24
2024-11-15,cma_grapes_global,h0,21.9,24
2024-11-15,jma_seamless,h0,22.3,24
2024-11-15,knmi_seamless,h0,25.7,24
2024-11-15,jma_gsm,h0,22.3,24
2024-11-16,gfs_seamless,h24,25.1,24
2024-11-16,cma_grapes_global,h24,19.9,24
2024-11-16,jma_seamless,h24,20.5,24
2024-11-16,knmi_seamless,h24,22.9,24
2024-11-16,jma_gsm,h24,20.5,24
2024-11-16,gfs_seamless,h0,23.4,24
2024-11-16,cma_grapes_global,h0,21.1,24
2024-11-16,jma_seamless,h0,19.9,24
2024-11-16,knmi_seamless,h0,22.2,24
2024-11-16,jma_gsm,h0,19.9,24
2024-11-17,gfs_seamless,h24,14.4,24
2024-11-17,cma_grapes_global,h24,14.4,24
2024-11-17,jma_seamless,h24,15.1,24
2024-11-17,knmi_seamless,h24,17.7,24
2024-11-17,jma_gsm,h24,15.1,24
2024-11-17,gfs_seamless,h0,16.1,24
2024-11-17,cma_grapes_global,h0,13.8,24
2024-11-17,jma_seamless,h0,14.5,24
2024-11-17,knmi_seamless,h0,16.0,24
2024-11-17,jma_gsm,h0,14.5,24
2024-11-18,gfs_seamless,h24,12.3,24
2024-11-18,cma_grapes_global,h24,11.6,24
2024-11-18,jma_seamless,h24,12.0,24
2024-11-18,knmi_seamless,h24,13.3,24
2024-11-18,jma_gsm,h24,12.0,24
2024-11-18,gfs_seamless,h0,11.8,24
2024-11-18,cma_grapes_global,h0,13.1,24
2024-11-18,jma_seamless,h0,12.0,24
2024-11-18,knmi_seamless,h0,12.4,24
2024-11-18,jma_gsm,h0,12.0,24
2024-11-19,gfs_seamless,h24,10.7,24
2024-11-19,cma_grapes_global,h24,11.5,24
2024-11-19,jma_seamless,h24,13.0,24
2024-11-19,knmi_seamless,h24,12.8,24
2024-11-19,jma_gsm,h24,13.0,24
2024-11-19,gfs_seamless,h0,11.7,24
2024-11-19,cma_grapes_global,h0,12.2,24
2024-11-19,jma_seamless,h0,12.7,24
2024-11-19,knmi_seamless,h0,12.0,24
2024-11-19,jma_gsm,h0,12.7,24
2024-11-20,gfs_seamless,h24,15.7,24
2024-11-20,cma_grapes_global,h24,14.3,24
2024-11-20,jma_seamless,h24,14.6,24
2024-11-20,knmi_seamless,h24,15.1,24
2024-11-20,jma_gsm,h24,14.6,24
2024-11-20,gfs_seamless,h0,15.7,24
2024-11-20,cma_grapes_global,h0,13.1,24
2024-11-20,jma_seamless,h0,14.2,24
2024-11-20,knmi_seamless,h0,14.6,24
2024-11-20,jma_gsm,h0,14.2,24
2024-11-21,gfs_seamless,h24,18.3,24
2024-11-21,cma_grapes_global,h24,15.0,24
2024-11-21,jma_seamless,h24,16.3,24
2024-11-21,knmi_seamless,h24,16.9,24
2024-11-21,jma_gsm,h24,16.3,24
2024-11-21,gfs_seamless,h0,17.5,24
2024-11-21,cma_grapes_global,h0,14.8,24
2024-11-21,jma_seamless,h0,15.3,24
2024-11-21,knmi_seamless,h0,16.4,24
2024-11-21,jma_gsm,h0,15.3,24
2024-11-22,gfs_seamless,h24,18.4,24
2024-11-22,cma_grapes_global,h24,15.0,24
2024-11-22,jma_seamless,h24,17.2,24
2024-11-22,knmi_seamless,h24,17.3,24
2024-11-22,jma_gsm,h24,17.2,24
2024-11-22,gfs_seamless,h0,18.3,24
2024-11-22,cma_grapes_global,h0,15.3,24
2024-11-22,jma_seamless,h0,16.6,24
2024-11-22,knmi_seamless,h0,16.8,24
2024-11-22,jma_gsm,h0,16.6,24
2024-11-23,gfs_seamless,h24,18.5,24
2024-11-23,cma_grapes_global,h24,14.9,24
2024-11-23,jma_seamless,h24,16.4,24
2024-11-23,knmi_seamless,h24,17.5,24
2024-11-23,jma_gsm,h24,16.4,24
2024-11-23,gfs_seamless,h0,18.3,24
2024-11-23,cma_grapes_global,h0,16.1,24
2024-11-23,jma_seamless,h0,16.2,24
2024-11-23,knmi_seamless,h0,17.0,24
2024-11-23,jma_gsm,h0,16.2,24
2024-11-24,gfs_seamless,h24,15.1,24
2024-11-24,cma_grapes_global,h24,12.9,24
2024-11-24,jma_seamless,h24,15.6,24
2024-11-24,knmi_seamless,h24,15.7,24
2024-11-24,jma_gsm,h24,15.6,24
2024-11-24,gfs_seamless,h0,15.0,24
2024-11-24,cma_grapes_global,h0,15.0,24
2024-11-24,jma_seamless,h0,14.0,24
2024-11-24,knmi_seamless,h0,15.0,24
2024-11-24,jma_gsm,h0,14.0,24
2024-11-25,gfs_seamless,h24,13.7,24
2024-11-25,cma_grapes_global,h24,11.8,24
2024-11-25,jma_seamless,h24,11.3,24
2024-11-25,knmi_seamless,h24,11.9,24
2024-11-25,jma_gsm,h24,11.3,24
2024-11-25,gfs_seamless,h0,13.6,24
2024-11-25,cma_grapes_global,h0,11.9,24
2024-11-25,jma_seamless,h0,12.1,24
2024-11-25,knmi_seamless,h0,12.9,24
2024-11-25,jma_gsm,h0,12.1,24
2024-11-26,gfs_seamless,h24,13.1,24
2024-11-26,cma_grapes_global,h24,9.1,24
2024-11-26,jma_seamless,h24,11.6,24
2024-11-26,knmi_seamless,h24,11.3,24
2024-11-26,jma_gsm,h24,11.6,24
2024-11-26,gfs_seamless,h0,12.7,24
2024-11-26,cma_grapes_global,h0,10.9,24
2024-11-26,jma_seamless,h0,12.6,24
2024-11-26,knmi_seamless,h0,12.8,24
2024-11-26,jma_gsm,h0,12.6,24
2024-11-27,gfs_seamless,h24,14.0,24
2024-11-27,cma_grapes_global,h24,11.6,24
2024-11-27,jma_seamless,h24,13.6,24
2024-11-27,knmi_seamless,h24,13.3,24
2024-11-27,jma_gsm,h24,13.6,24
2024-11-27,gfs_seamless,h0,14.0,24
2024-11-27,cma_grapes_global,h0,13.8,24
2024-11-27,jma_seamless,h0,13.9,24
2024-11-27,knmi_seamless,h0,14.3,24
2024-11-27,jma_gsm,h0,13.9,24
2024-11-28,gfs_seamless,h24,15.4,24
2024-11-28,cma_grapes_global,h24,12.3,24
2024-11-28,jma_seamless,h24,14.1,24
2024-11-28,knmi_seamless,h24,14.1,24
2024-11-28,jma_gsm,h24,14.1,24
2024-11-28,gfs_seamless,h0,15.7,24
2024-11-28,cma_grapes_global,h0,14.7,24
2024-11-28,jma_seamless,h0,14.8,24
2024-11-28,knmi_seamless,h0,15.2,24
2024-11-28,jma_gsm,h0,14.8,24
2024-11-29,gfs_seamless,h24,18.0,24
2024-11-29,cma_grapes_global,h24,14.2,24
2024-11-29,jma_seamless,h24,15.8,24
2024-11-29,knmi_seamless,h24,16.2,24
2024-11-29,jma_gsm,h24,15.8,24
2024-11-29,gfs_seamless,h0,17.9,24
2024-11-29,cma_grapes_global,h0,15.6,24
2024-11-29,jma_seamless,h0,16.6,24
2024-11-29,knmi_seamless,h0,16.6,24
2024-11-29,jma_gsm,h0,16.6,24
2024-11-30,gfs_seamless,h24,18.1,24
2024-11-30,cma_grapes_global,h24,15.0,24
2024-11-30,jma_seamless,h24,16.4,24
2024-11-30,knmi_seamless,h24,17.3,24
2024-11-30,jma_gsm,h24,16.4,24
2024-11-30,gfs_seamless,h0,18.4,24
2024-11-30,cma_grapes_global,h0,16.7,24
2024-11-30,jma_seamless,h0,16.6,24
2024-11-30,knmi_seamless,h0,17.7,24
2024-11-30,jma_gsm,h0,16.6,24
2024-12-01,gfs_seamless,h24,19.8,24
2024-12-01,cma_grapes_global,h24,16.1,24
2024-12-01,jma_seamless,h24,17.6,24
2024-12-01,knmi_seamless,h24,18.3,24
2024-12-01,jma_gsm,h24,17.6,24
2024-12-01,gfs_seamless,h0,20.5,24
2024-12-01,cma_grapes_global,h0,17.2,24
2024-12-01,jma_seamless,h0,17.7,24
2024-12-01,knmi_seamless,h0,18.9,24
2024-12-01,jma_gsm,h0,17.7,24
2024-12-02,gfs_seamless,h24,21.4,24
2024-12-02,cma_grapes_global,h24,15.4,24
2024-12-02,jma_seamless,h24,18.1,24
2024-12-02,knmi_seamless,h24,20.0,24
2024-12-02,jma_gsm,h24,18.1,24
2024-12-02,gfs_seamless,h0,21.9,24
2024-12-02,cma_grapes_global,h0,19.1,24
2024-12-02,jma_seamless,h0,19.3,24
2024-12-02,knmi_seamless,h0,20.2,24
2024-12-02,jma_gsm,h0,19.3,24
2024-12-03,gfs_seamless,h24,17.0,24
2024-12-03,cma_grapes_global,h24,11.4,24
2024-12-03,jma_seamless,h24,12.9,24
2024-12-03,knmi_seamless,h24,16.4,24
2024-12-03,jma_gsm,h24,12.9,24
2024-12-03,gfs_seamless,h0,16.7,24
2024-12-03,cma_grapes_global,h0,12.6,24
2024-12-03,jma_seamless,h0,13.3,24
2024-12-03,knmi_seamless,h0,13.8,24
2024-12-03,jma_gsm,h0,13.3,24
2024-12-04,gfs_seamless,h24,11.7,24
2024-12-04,cma_grapes_global,h24,10.8,24
2024-12-04,jma_seamless,h24,10.7,24
2024-12-04,knmi_seamless,h24,10.4,24
2024-12-04,jma_gsm,h24,10.7,24
2024-12-04,gfs_seamless,h0,11.2,24
2024-12-04,cma_grapes_global,h0,11.4,24
2024-12-04,jma_seamless,h0,10.6,24
2024-12-04,knmi_seamless,h0,10.6,24
2024-12-04,jma_gsm,h0,10.6,24
2024-12-05,gfs_seamless,h24,15.1,24
2024-12-05,cma_grapes_global,h24,12.6,24
2024-12-05,jma_seamless,h24,13.8,24
2024-12-05,knmi_seamless,h24,14.4,24
2024-12-05,jma_gsm,h24,13.8,24
2024-12-05,gfs_seamless,h0,15.1,24
2024-12-05,cma_grapes_global,h0,13.2,24
2024-12-05,jma_seamless,h0,14.3,24
2024-12-05,knmi_seamless,h0,14.8,24
2024-12-05,jma_gsm,h0,14.3,24
2024-12-06,gfs_seamless,h24,15.5,24
2024-12-06,cma_grapes_global,h24,12.9,24
2024-12-06,jma_seamless,h24,14.5,24
2024-12-06,knmi_seamless,h24,14.6,24
2024-12-06,jma_gsm,h24,14.5,24
2024-12-06,gfs_seamless,h0,15.3,24
2024-12-06,cma_grapes_global,h0,13.6,24
2024-12-06,jma_seamless,h0,15.0,24
2024-12-06,knmi_seamless,h0,15.1,24
2024-12-06,jma_gsm,h0,15.0,24
2024-12-07,gfs_seamless,h24,12.9,24
2024-12-07,cma_grapes_global,h24,10.6,24
2024-12-07,jma_seamless,h24,12.4,24
2024-12-07,knmi_seamless,h24,12.2,24
2024-12-07,jma_gsm,h24,12.4,24
2024-12-07,gfs_seamless,h0,13.8,24
2024-12-07,cma_grapes_global,h0,12.5,24
2024-12-07,jma_seamless,h0,13.8,24
2024-12-07,knmi_seamless,h0,13.7,24
2024-12-07,jma_gsm,h0,13.8,24
2024-12-08,gfs_seamless,h24,10.8,24
2024-12-08,cma_grapes_global,h24,8.1,24
2024-12-08,jma_seamless,h24,9.2,24
2024-12-08,knmi_seamless,h24,10.0,24
2024-12-08,jma_gsm,h24,9.2,24
2024-12-08,gfs_seamless,h0,11.0,24
2024-12-08,cma_grapes_global,h0,8.8,24
2024-12-08,jma_seamless,h0,9.9,24
2024-12-08,knmi_seamless,h0,10.5,24
2024-12-08,jma_gsm,h0,9.9,24
2024-12-09,gfs_seamless,h24,8.8,24
2024-12-09,cma_grapes_global,h24,8.7,24
2024-12-09,jma_seamless,h24,9.2,24
2024-12-09,knmi_seamless,h24,9.3,24
2024-12-09,jma_gsm,h24,9.2,24
2024-12-09,gfs_seamless,h0,7.7,24
2024-12-09,cma_grapes_global,h0,8.6,24
2024-12-09,jma_seamless,h0,9.4,24
2024-12-09,knmi_seamless,h0,8.9,24
2024-12-09,jma_gsm,h0,9.4,24
2024-12-10,gfs_seamless,h24,7.3,24
2024-12-10,cma_grapes_global,h24,8.9,24
2024-12-10,jma_seamless,h24,8.2,24
2024-12-10,knmi_seamless,h24,8.0,24
2024-12-10,jma_gsm,h24,8.2,24
2024-12-10,gfs_seamless,h0,7.4,24
2024-12-10,cma_grapes_global,h0,7.7,24
2024-12-10,jma_seamless,h0,7.6,24
2024-12-10,knmi_seamless,h0,8.1,24
2024-12-10,jma_gsm,h0,7.6,24
2024-12-11,gfs_seamless,h24,10.1,24
2024-12-11,cma_grapes_global,h24,8.9,24
2024-12-11,jma_seamless,h24,10.3,24
2024-12-11,knmi_seamless,h24,10.4,24
2024-12-11,jma_gsm,h24,10.3,24
2024-12-11,gfs_seamless,h0,9.9,24
2024-12-11,cma_grapes_global,h0,8.8,24
2024-12-11,jma_seamless,h0,10.0,24
2024-12-11,knmi_seamless,h0,10.6,24
2024-12-11,jma_gsm,h0,10.0,24
2024-12-12,gfs_seamless,h24,10.4,24
2024-12-12,cma_grapes_global,h24,8.9,24
2024-12-12,jma_seamless,h24,9.6,24
2024-12-12,knmi_seamless,h24,9.4,24
2024-12-12,jma_gsm,h24,9.6,24
2024-12-12,gfs_seamless,h0,10.5,24
2024-12-12,cma_grapes_global,h0,8.7,24
2024-12-12,jma_seamless,h0,9.5,24
2024-12-12,knmi_seamless,h0,10.3,24
2024-12-12,jma_gsm,h0,9.5,24
2024-12-13,gfs_seamless,h24,9.8,24
2024-12-13,cma_grapes_global,h24,8.4,24
2024-12-13,jma_seamless,h24,9.4,24
2024-12-13,knmi_seamless,h24,9.7,24
2024-12-13,jma_gsm,h24,9.4,24
2024-12-13,gfs_seamless,h0,10.1,24
2024-12-13,cma_grapes_global,h0,9.5,24
2024-12-13,jma_seamless,h0,9.4,24
2024-12-13,knmi_seamless,h0,10.5,24
2024-12-13,jma_gsm,h0,9.4,24
2024-12-14,gfs_seamless,h24,9.5,24
2024-12-14,cma_grapes_global,h24,6.6,24
2024-12-14,jma_seamless,h24,8.3,24
2024-12-14,knmi_seamless,h24,8.9,24
2024-12-14,jma_gsm,h24,8.3,24
2024-12-14,gfs_seamless,h0,8.9,24
2024-12-14,cma_grapes_global,h0,7.8,24
2024-12-14,jma_seamless,h0,8.9,24
2024-12-14,knmi_seamless,h0,9.1,24
2024-12-14,jma_gsm,h0,8.9,24
2024-12-15,gfs_seamless,h24,10.7,24
2024-12-15,cma_grapes_global,h24,9.2,24
2024-12-15,jma_seamless,h24,10.5,24
2024-12-15,knmi_seamless,h24,11.0,24
2024-12-15,jma_gsm,h24,10.5,24
2024-12-15,gfs_seamless,h0,10.7,24
2024-12-15,cma_grapes_global,h0,10.4,24
2024-12-15,jma_seamless,h0,10.3,24
2024-12-15,knmi_seamless,h0,11.1,24
2024-12-15,jma_gsm,h0,10.3,24
2024-12-16,gfs_seamless,h24,12.9,24
2024-12-16,cma_grapes_global,h24,11.0,24
2024-12-16,jma_seamless,h24,12.4,24
2024-12-16,knmi_seamless,h24,12.7,24
2024-12-16,jma_gsm,h24,12.4,24
2024-12-16,gfs_seamless,h0,13.1,24
2024-12-16,cma_grapes_global,h0,11.9,24
2024-12-16,jma_seamless,h0,12.2,24
2024-12-16,knmi_seamless,h0,13.0,24
2024-12-16,jma_gsm,h0,12.2,24
2024-12-17,gfs_seamless,h24,14.1,24
2024-12-17,cma_grapes_global,h24,11.7,24
2024-12-17,jma_seamless,h24,13.2,24
2024-12-17,knmi_seamless,h24,14.0,24
2024-12-17,jma_gsm,h24,13.2,24
2024-12-17,gfs_seamless,h0,14.2,24
2024-12-17,cma_grapes_global,h0,12.0,24
2024-12-17,jma_seamless,h0,13.1,24
2024-12-17,knmi_seamless,h0,13.9,24
2024-12-17,jma_gsm,h0,13.1,24
2024-12-18,gfs_seamless,h24,10.3,24
2024-12-18,cma_grapes_global,h24,7.8,24
2024-12-18,jma_seamless,h24,8.8,24
2024-12-18,knmi_seamless,h24,9.6,24
2024-12-18,jma_gsm,h24,8.8,24
2024-12-18,gfs_seamless,h0,9.9,24
2024-12-18,cma_grapes_global,h0,8.1,24
2024-12-18,jma_seamless,h0,9.0,24
2024-12-18,knmi_seamless,h0,9.6,24
2024-12-18,jma_gsm,h0,9.0,24
2024-12-19,gfs_seamless,h24,6.9,24
2024-12-19,cma_grapes_global,h24,4.3,24
2024-12-19,jma_seamless,h24,5.1,24
2024-12-19,knmi_seamless,h24,5.7,24
2024-12-19,jma_gsm,h24,5.1,24
2024-12-19,gfs_seamless,h0,6.6,24
2024-12-19,cma_grapes_global,h0,5.5,24
2024-12-19,jma_seamless,h0,5.3,24
2024-12-19,knmi_seamless,h0,6.6,24
2024-12-19,jma_gsm,h0,5.3,24
2024-12-20,gfs_seamless,h24,10.1,24
2024-12-20,cma_grapes_global,h24,7.4,24
2024-12-20,jma_seamless,h24,8.5,24
2024-12-20,knmi_seamless,h24,9.5,24
2024-12-20,jma_gsm,h24,8.5,24
2024-12-20,gfs_seamless,h0,10.0,24
2024-12-20,cma_grapes_global,h0,7.7,24
2024-12-20,jma_seamless,h0,8.8,24
2024-12-20,knmi_seamless,h0,8.4,24
2024-12-20,jma_gsm,h0,8.8,24
2024-12-21,gfs_seamless,h24,10.2,24
2024-12-21,cma_grapes_global,h24,6.7,24
2024-12-21,jma_seamless,h24,7.8,24
2024-12-21,knmi_seamless,h24,8.6,24
2024-12-21,jma_gsm,h24,7.8,24
2024-12-21,gfs_seamless,h0,9.5,24
2024-12-21,cma_grapes_global,h0,8.4,24
2024-12-21,jma_seamless,h0,8.9,24
2024-12-21,knmi_seamless,h0,9.7,24
2024-12-21,jma_gsm,h0,8.9,24
2024-12-22,gfs_seamless,h24,7.3,24
2024-12-22,cma_grapes_global,h24,4.7,24
2024-12-22,jma_seamless,h24,5.2,24
2024-12-22,knmi_seamless,h24,6.0,24
2024-12-22,jma_gsm,h24,5.2,24
2024-12-22,gfs_seamless,h0,6.5,24
2024-12-22,cma_grapes_global,h0,4.5,24
2024-12-22,jma_seamless,h0,5.7,24
2024-12-22,knmi_seamless,h0,6.3,24
2024-12-22,jma_gsm,h0,5.7,24
2024-12-23,gfs_seamless,h24,8.3,24
2024-12-23,cma_grapes_global,h24,6.8,24
2024-12-23,jma_seamless,h24,7.2,24
2024-12-23,knmi_seamless,h24,8.3,24
2024-12-23,jma_gsm,h24,7.2,24
2024-12-23,gfs_seamless,h0,7.9,24
2024-12-23,cma_grapes_global,h0,5.1,24
2024-12-23,jma_seamless,h0,7.4,24
2024-12-23,knmi_seamless,h0,7.8,24
2024-12-23,jma_gsm,h0,7.4,24
2024-12-24,gfs_seamless,h24,10.0,24
2024-12-24,cma_grapes_global,h24,7.5,24
2024-12-24,jma_seamless,h24,8.7,24
2024-12-24,knmi_seamless,h24,9.3,24
2024-12-24,jma_gsm,h24,8.7,24
2024-12-24,gfs_seamless,h0,9.2,24
2024-12-24,cma_grapes_global,h0,7.3,24
2024-12-24,jma_seamless,h0,7.9,24
2024-12-24,knmi_seamless,h0,9.0,24
2024-12-24,jma_gsm,h0,7.9,24
2024-12-25,gfs_seamless,h24,11.9,24
2024-12-25,cma_grapes_global,h24,8.9,24
2024-12-25,jma_seamless,h24,10.4,24
2024-12-25,knmi_seamless,h24,11.0,24
2024-12-25,jma_gsm,h24,10.4,24
2024-12-25,gfs_seamless,h0,11.5,24
2024-12-25,cma_grapes_global,h0,8.7,24
2024-12-25,jma_seamless,h0,9.2,24
2024-12-25,knmi_seamless,h0,9.0,24
2024-12-25,jma_gsm,h0,9.2,24
2024-12-26,icon_seamless,h24,11.4,24
2024-12-26,meteofrance_seamless,h24,13.1,24
2024-12-26,gem_seamless,h24,13.1,24
2024-12-26,ecmwf_ifs025,h24,13.5,24
2024-12-26,icon_seamless,h0,11.2,24
2024-12-26,ukmo_seamless,h0,13.8,24
2024-12-26,meteofrance_seamless,h0,11.7,24
2024-12-26,gem_seamless,h0,12.7,24
2024-12-26,ecmwf_ifs025,h0,12.3,24
2024-12-27,icon_seamless,h24,11.0,24
2024-12-27,meteofrance_seamless,h24,13.0,24
2024-12-27,gem_seamless,h24,10.9,24
2024-12-27,ecmwf_ifs025,h24,12.8,24
2024-12-27,icon_seamless,h0,9.5,24
2024-12-27,ukmo_seamless,h0,11.8,24
2024-12-27,meteofrance_seamless,h0,11.7,24
2024-12-27,gem_seamless,h0,10.2,24
2024-12-27,ecmwf_ifs025,h0,11.3,24
2024-12-28,icon_seamless,h24,8.3,24
2024-12-28,meteofrance_seamless,h24,8.6,24
2024-12-28,gem_seamless,h24,6.8,24
2024-12-28,ecmwf_ifs025,h24,8.0,24
2024-12-28,icon_seamless,h0,8.5,24
2024-12-28,ukmo_seamless,h0,8.3,24
2024-12-28,meteofrance_seamless,h0,7.9,24
2024-12-28,gem_seamless,h0,8.0,24
2024-12-28,ecmwf_ifs025,h0,8.9,24
2024-12-29,icon_seamless,h24,10.0,24
2024-12-29,meteofrance_seamless,h24,10.7,24
2024-12-29,gem_seamless,h24,9.8,24
2024-12-29,ecmwf_ifs025,h24,10.8,24
2024-12-29,icon_seamless,h0,10.3,24
2024-12-29,ukmo_seamless,h0,10.3,24
2024-12-29,meteofrance_seamless,h0,9.8,24
2024-12-29,gem_seamless,h0,10.5,24
2024-12-29,ecmwf_ifs025,h0,9.7,24
2024-12-30,icon_seamless,h24,12.8,24
2024-12-30,meteofrance_seamless,h24,13.4,24
2024-12-30,gem_seamless,h24,11.9,24
2024-12-30,ecmwf_ifs025,h24,13.2,24
2024-12-30,icon_seamless,h0,13.0,24
2024-12-30,ukmo_seamless,h0,13.0,24
2024-12-30,meteofrance_seamless,h0,12.8,24
2024-12-30,gem_seamless,h0,14.1,24
2024-12-30,ecmwf_ifs025,h0,13.1,24
2024-12-31,icon_seamless,h24,12.9,24
2024-12-31,meteofrance_seamless,h24,12.7,24
2024-12-31,gem_seamless,h24,12.6,24
2024-12-31,ecmwf_ifs025,h24,13.0,24
2024-12-31,icon_seamless,h0,12.5,24
2024-12-31,ukmo_seamless,h0,12.3,24
2024-12-31,meteofrance_seamless,h0,12.1,24
2024-12-31,gem_seamless,h0,13.6,24
2024-12-31,ecmwf_ifs025,h0,13.1,24
2024-12-31,ukmo_seamless,h24,12.3,14
2025-01-01,icon_seamless,h24,14.0,24
2025-01-01,ukmo_seamless,h24,13.8,24
2025-01-01,meteofrance_seamless,h24,14.3,24
2025-01-01,gem_seamless,h24,14.5,24
2025-01-01,ecmwf_ifs025,h24,14.7,24
2025-01-01,icon_seamless,h0,14.3,24
2025-01-01,ukmo_seamless,h0,13.6,24
2025-01-01,meteofrance_seamless,h0,14.3,24
2025-01-01,gem_seamless,h0,15.7,24
2025-01-01,ecmwf_ifs025,h0,14.9,24
2025-01-02,icon_seamless,h24,12.7,24
2025-01-02,ukmo_seamless,h24,13.8,24
2025-01-02,meteofrance_seamless,h24,12.8,24
2025-01-02,gem_seamless,h24,12.0,24
2025-01-02,ecmwf_ifs025,h24,12.7,24
2025-01-02,icon_seamless,h0,12.7,24
2025-01-02,ukmo_seamless,h0,12.7,24
2025-01-02,meteofrance_seamless,h0,12.9,24
2025-01-02,gem_seamless,h0,13.2,24
2025-01-02,ecmwf_ifs025,h0,13.0,24
2025-01-03,icon_seamless,h24,12.2,24
2025-01-03,ukmo_seamless,h24,10.9,24
2025-01-03,meteofrance_seamless,h24,12.1,24
2025-01-03,gem_seamless,h24,13.1,24
2025-01-03,ecmwf_ifs025,h24,11.9,24
2025-01-03,icon_seamless,h0,11.2,24
2025-01-03,ukmo_seamless,h0,10.8,24
2025-01-03,meteofrance_seamless,h0,11.6,24
2025-01-03,gem_seamless,h0,13.0,24
2025-01-03,ecmwf_ifs025,h0,11.7,24
2025-01-04,icon_seamless,h24,12.1,24
2025-01-04,ukmo_seamless,h24,12.8,24
2025-01-04,meteofrance_seamless,h24,11.6,24
2025-01-04,gem_seamless,h24,13.1,24
2025-01-04,ecmwf_ifs025,h24,13.3,24
2025-01-04,icon_seamless,h0,10.6,24
2025-01-04,ukmo_seamless,h0,11.4,24
2025-01-04,meteofrance_seamless,h0,12.7,24
2025-01-04,gem_seamless,h0,13.2,24
2025-01-04,ecmwf_ifs025,h0,11.9,24
2025-01-05,icon_seamless,h24,12.6,24
2025-01-05,ukmo_seamless,h24,12.5,24
2025-01-05,meteofrance_seamless,h24,12.5,24
2025-01-05,gem_seamless,h24,12.9,24
2025-01-05,ecmwf_ifs025,h24,13.1,24
2025-01-05,icon_seamless,h0,11.3,24
2025-01-05,ukmo_seamless,h0,11.5,24
2025-01-05,meteofrance_seamless,h0,11.0,24
2025-01-05,gem_seamless,h0,12.0,24
2025-01-05,ecmwf_ifs025,h0,12.5,24
2025-01-06,icon_seamless,h24,11.0,24
2025-01-06,ukmo_seamless,h24,12.3,24
2025-01-06,meteofrance_seamless,h24,13.3,24
2025-01-06,gem_seamless,h24,10.0,24
2025-01-06,ecmwf_ifs025,h24,13.1,24
2025-01-06,icon_seamless,h0,12.2,24
2025-01-06,ukmo_seamless,h0,12.4,24
2025-01-06,meteofrance_seamless,h0,12.7,24
2025-01-06,gem_seamless,h0,12.0,24
2025-01-06,ecmwf_ifs025,h0,13.8,24
2025-01-07,icon_seamless,h24,9.7,24
2025-01-07,ukmo_seamless,h24,10.5,24
2025-01-07,meteofrance_seamless,h24,11.8,24
2025-01-07,gem_seamless,h24,9.4,24
2025-01-07,ecmwf_ifs025,h24,11.2,24
2025-01-07,icon_seamless,h0,9.9,24
2025-01-07,ukmo_seamless,h0,10.2,24
2025-01-07,meteofrance_seamless,h0,11.0,24
2025-01-07,gem_seamless,h0,9.9,24
2025-01-07,ecmwf_ifs025,h0,10.3,24
2025-01-08,icon_seamless,h24,11.1,24
2025-01-08,ukmo_seamless,h24,12.8,24
2025-01-08,meteofrance_seamless,h24,11.9,24
2025-01-08,gem_seamless,h24,11.0,24
2025-01-08,ecmwf_ifs025,h24,12.2,24
2025-01-08,icon_seamless,h0,11.3,24
2025-01-08,ukmo_seamless,h0,11.6,24
2025-01-08,meteofrance_seamless,h0,12.0,24
2025-01-08,gem_seamless,h0,12.1,24
2025-01-08,ecmwf_ifs025,h0,12.3,24
2025-01-09,icon_seamless,h24,7.7,24
2025-01-09,ukmo_seamless,h24,7.5,24
2025-01-09,meteofrance_seamless,h24,8.8,24
2025-01-09,gem_seamless,h24,6.7,24
2025-01-09,ecmwf_ifs025,h24,8.2,24
2025-01-09,icon_seamless,h0,7.1,24
2025-01-09,ukmo_seamless,h0,7.0,24
2025-01-09,meteofrance_seamless,h0,7.6,24
2025-01-09,gem_seamless,h0,7.1,24
2025-01-09,ecmwf_ifs025,h0,7.4,24
2025-01-10,icon_seamless,h24,6.9,24
2025-01-10,ukmo_seamless,h24,6.4,24
2025-01-10,meteofrance_seamless,h24,7.3,24
2025-01-10,gem_seamless,h24,6.6,24
2025-01-10,ecmwf_ifs025,h24,7.6,24
2025-01-10,icon_seamless,h0,8.0,24
2025-01-10,ukmo_seamless,h0,6.8,24
2025-01-10,meteofrance_seamless,h0,7.6,24
2025-01-10,gem_seamless,h0,7.9,24
2025-01-10,ecmwf_ifs025,h0,6.9,24
2025-01-11,icon_seamless,h24,11.7,24
2025-01-11,ukmo_seamless,h24,10.6,24
2025-01-11,meteofrance_seamless,h24,12.2,24
2025-01-11,gem_seamless,h24,10.7,24
2025-01-11,ecmwf_ifs025,h24,11.0,24
2025-01-11,icon_seamless,h0,11.3,24
2025-01-11,ukmo_seamless,h0,10.8,24
2025-01-11,meteofrance_seamless,h0,11.6,24
2025-01-11,gem_seamless,h0,12.0,24
2025-01-11,ecmwf_ifs025,h0,11.4,24
2025-01-12,icon_seamless,h24,11.7,24
2025-01-12,ukmo_seamless,h24,11.4,24
2025-01-12,meteofrance_seamless,h24,12.0,24
2025-01-12,gem_seamless,h24,11.4,24
2025-01-12,ecmwf_ifs025,h24,11.3,24
2025-01-12,icon_seamless,h0,12.0,24
2025-01-12,ukmo_seamless,h0,11.1,24
2025-01-12,meteofrance_seamless,h0,11.8,24
2025-01-12,gem_seamless,h0,12.4,24
2025-01-12,ecmwf_ifs025,h0,12.5,24
2025-01-13,icon_seamless,h24,15.6,24
2025-01-13,ukmo_seamless,h24,13.6,24
2025-01-13,meteofrance_seamless,h24,14.6,24
2025-01-13,gem_seamless,h24,15.1,24
2025-01-13,ecmwf_ifs025,h24,16.1,24
2025-01-13,icon_seamless,h0,16.2,24
2025-01-13,ukmo_seamless,h0,14.8,24
2025-01-13,meteofrance_seamless,h0,15.4,24
2025-01-13,gem_seamless,h0,17.2,24
2025-01-13,ecmwf_ifs025,h0,16.7,24
2025-01-14,icon_seamless,h24,12.5,24
2025-01-14,ukmo_seamless,h24,12.7,24
2025-01-14,meteofrance_seamless,h24,12.0,24
2025-01-14,gem_seamless,h24,12.3,24
2025-01-14,ecmwf_ifs025,h24,12.5,24
2025-01-14,icon_seamless,h0,13.5,24
2025-01-14,ukmo_seamless,h0,15.6,24
2025-01-14,meteofrance_seamless,h0,14.1,24
2025-01-14,gem_seamless,h0,13.9,24
2025-01-14,ecmwf_ifs025,h0,12.0,24
2025-01-15,icon_seamless,h24,9.5,24
2025-01-15,ukmo_seamless,h24,9.0,24
2025-01-15,meteofrance_seamless,h24,9.9,24
2025-01-15,gem_seamless,h24,8.2,24
2025-01-15,ecmwf_ifs025,h24,8.5,24
2025-01-15,icon_seamless,h0,9.5,24
2025-01-15,ukmo_seamless,h0,9.5,24
2025-01-15,meteofrance_seamless,h0,9.7,24
2025-01-15,gem_seamless,h0,9.0,24
2025-01-15,ecmwf_ifs025,h0,9.0,24
2025-01-16,icon_seamless,h24,12.7,24
2025-01-16,ukmo_seamless,h24,6.1,12
2025-01-16,meteofrance_seamless,h24,12.9,24
2025-01-16,gem_seamless,h24,11.7,24
2025-01-16,ecmwf_ifs025,h24,12.1,24
2025-01-16,icon_seamless,h0,12.2,24
2025-01-16,ukmo_seamless,h0,11.6,24
2025-01-16,meteofrance_seamless,h0,12.4,24
2025-01-16,gem_seamless,h0,12.2,24
2025-01-16,ecmwf_ifs025,h0,12.3,24
2025-01-17,icon_seamless,h24,12.0,24
2025-01-17,meteofrance_seamless,h24,12.2,24
2025-01-17,gem_seamless,h24,11.8,24
2025-01-17,ecmwf_ifs025,h24,12.1,24
2025-01-17,icon_seamless,h0,12.0,24
2025-01-17,ukmo_seamless,h0,11.0,24
2025-01-17,meteofrance_seamless,h0,11.8,24
2025-01-17,gem_seamless,h0,12.3,24
2025-01-17,ecmwf_ifs025,h0,11.6,24
2025-01-18,icon_seamless,h24,13.5,24
2025-01-18,meteofrance_seamless,h24,13.6,24
2025-01-18,gem_seamless,h24,14.1,24
2025-01-18,ecmwf_ifs025,h24,14.0,24
2025-01-18,icon_seamless,h0,14.2,24
2025-01-18,ukmo_seamless,h0,12.3,24
2025-01-18,meteofrance_seamless,h0,13.3,24
2025-01-18,gem_seamless,h0,14.7,24
2025-01-18,ecmwf_ifs025,h0,14.4,24
2025-01-19,icon_seamless,h24,16.5,24
2025-01-19,meteofrance_seamless,h24,16.2,24
2025-01-19,gem_seamless,h24,15.9,24
2025-01-19,ecmwf_ifs025,h24,17.2,24
2025-01-19,icon_seamless,h0,15.3,24
2025-01-19,ukmo_seamless,h0,14.3,24
2025-01-19,meteofrance_seamless,h0,15.1,24
2025-01-19,gem_seamless,h0,16.6,24
2025-01-19,ecmwf_ifs025,h0,16.7,24
2025-01-20,icon_seamless,h24,16.3,24
2025-01-20,meteofrance_seamless,h24,16.4,24
2025-01-20,gem_seamless,h24,16.0,24
2025-01-20,ecmwf_ifs025,h24,17.5,24
2025-01-20,icon_seamless,h0,16.9,24
2025-01-20,ukmo_seamless,h0,15.2,24
2025-01-20,meteofrance_seamless,h0,16.3,24
2025-01-20,gem_seamless,h0,16.9,24
2025-01-20,ecmwf_ifs025,h0,17.6,24
2025-01-21,icon_seamless,h24,18.0,24
2025-01-21,meteofrance_seamless,h24,18.7,24
2025-01-21,gem_seamless,h24,17.6,24
2025-01-21,ecmwf_ifs025,h24,19.0,24
2025-01-21,icon_seamless,h0,18.3,24
2025-01-21,ukmo_seamless,h0,16.9,24
2025-01-21,meteofrance_seamless,h0,17.2,24
2025-01-21,gem_seamless,h0,18.5,24
2025-01-21,ecmwf_ifs025,h0,18.6,24
2025-01-22,icon_seamless,h24,20.0,24
2025-01-22,meteofrance_seamless,h24,18.7,24
2025-01-22,gem_seamless,h24,18.7,24
2025-01-22,ecmwf_ifs025,h24,19.5,24
2025-01-22,icon_seamless,h0,18.6,24
2025-01-22,ukmo_seamless,h0,17.3,24
2025-01-22,meteofrance_seamless,h0,17.2,24
2025-01-22,gem_seamless,h0,19.2,24
2025-01-22,ecmwf_ifs025,h0,18.5,24
2025-01-23,icon_seamless,h24,12.5,24
2025-01-23,meteofrance_seamless,h24,12.8,24
2025-01-23,gem_seamless,h24,13.3,24
2025-01-23,ecmwf_ifs025,h24,11.3,24
2025-01-23,icon_seamless,h0,10.8,24
2025-01-23,ukmo_seamless,h0,14.0,24
2025-01-23,meteofrance_seamless,h0,13.5,24
2025-01-23,gem_seamless,h0,14.2,24
2025-01-23,ecmwf_ifs025,h0,10.7,24
2025-01-24,icon_seamless,h24,10.0,24
2025-01-24,meteofrance_seamless,h24,11.0,24
2025-01-24,gem_seamless,h24,13.0,24
2025-01-24,ecmwf_ifs025,h24,10.4,24
2025-01-24,icon_seamless,h0,9.3,24
2025-01-24,ukmo_seamless,h0,12.0,24
2025-01-24,meteofrance_seamless,h0,10.4,24
2025-01-24,gem_seamless,h0,12.9,24
2025-01-24,ecmwf_ifs025,h0,9.7,24
2025-01-25,icon_seamless,h24,8.7,24
2025-01-25,meteofrance_seamless,h24,9.2,24
2025-01-25,gem_seamless,h24,9.5,24
2025-01-25,ecmwf_ifs025,h24,8.6,24
2025-01-25,icon_seamless,h0,8.6,24
2025-01-25,ukmo_seamless,h0,9.2,24
2025-01-25,meteofrance_seamless,h0,9.3,24
2025-01-25,gem_seamless,h0,9.0,24
2025-01-25,ecmwf_ifs025,h0,8.5,24
2025-01-26,icon_seamless,h24,8.9,24
2025-01-26,meteofrance_seamless,h24,8.8,24
2025-01-26,gem_seamless,h24,5.9,24
2025-01-26,ecmwf_ifs025,h24,9.5,24
2025-01-26,icon_seamless,h0,8.2,24
2025-01-26,ukmo_seamless,h0,8.3,24
2025-01-26,meteofrance_seamless,h0,8.6,24
2025-01-26,gem_seamless,h0,7.8,24
2025-01-26,ecmwf_ifs025,h0,9.7,24
2025-01-27,icon_seamless,h24,5.7,24
2025-01-27,meteofrance_seamless,h24,6.9,24
2025-01-27,gem_seamless,h24,5.8,24
2025-01-27,ecmwf_ifs025,h24,6.8,24
2025-01-27,icon_seamless,h0,7.3,24
2025-01-27,ukmo_seamless,h0,6.3,24
2025-01-27,meteofrance_seamless,h0,7.3,24
2025-01-27,gem_seamless,h0,7.3,24
2025-01-27,ecmwf_ifs025,h0,7.9,24
2025-01-28,icon_seamless,h24,9.0,24
2025-01-28,meteofrance_seamless,h24,10.6,24
2025-01-28,gem_seamless,h24,8.4,24
2025-01-28,ecmwf_ifs025,h24,9.2,24
2025-01-28,icon_seamless,h0,9.3,24
2025-01-28,ukmo_seamless,h0,8.2,24
2025-01-28,meteofrance_seamless,h0,9.0,24
2025-01-28,gem_seamless,h0,9.3,24
2025-01-28,ecmwf_ifs025,h0,9.7,24
2025-01-29,icon_seamless,h24,13.2,24
2025-01-29,meteofrance_seamless,h24,14.2,24
2025-01-29,gem_seamless,h24,13.1,24
2025-01-29,ecmwf_ifs025,h24,14.1,24
2025-01-29,icon_seamless,h0,14.0,24
2025-01-29,ukmo_seamless,h0,14.0,24
2025-01-29,meteofrance_seamless,h0,14.1,24
2025-01-29,gem_seamless,h0,14.2,24
2025-01-29,ecmwf_ifs025,h0,14.0,24
2025-01-30,icon_seamless,h24,16.3,24
2025-01-30,meteofrance_seamless,h24,16.7,24
2025-01-30,gem_seamless,h24,15.8,24
2025-01-30,ecmwf_ifs025,h24,16.8,24
2025-01-30,icon_seamless,h0,16.7,24
2025-01-30,ukmo_seamless,h0,16.4,24
2025-01-30,meteofrance_seamless,h0,17.1,24
2025-01-30,gem_seamless,h0,16.7,24
2025-01-30,ecmwf_ifs025,h0,17.0,24
2025-01-31,icon_seamless,h24,10.9,24
2025-01-31,meteofrance_seamless,h24,10.9,24
2025-01-31,gem_seamless,h24,8.6,24
2025-01-31,ecmwf_ifs025,h24,10.8,24
2025-01-31,icon_seamless,h0,11.2,24
2025-01-31,ukmo_seamless,h0,10.8,24
2025-01-31,meteofrance_seamless,h0,11.3,24
2025-01-31,gem_seamless,h0,9.1,24
2025-01-31,ecmwf_ifs025,h0,10.8,24
2025-02-01,icon_seamless,h24,5.7,24
2025-02-01,meteofrance_seamless,h24,6.4,24
2025-02-01,gem_seamless,h24,6.2,24
2025-02-01,ecmwf_ifs025,h24,7.7,24
2025-02-01,icon_seamless,h0,6.5,24
2025-02-01,ukmo_seamless,h0,7.1,24
2025-02-01,meteofrance_seamless,h0,6.6,24
2025-02-01,gem_seamless,h0,7.8,24
2025-02-01,ecmwf_ifs025,h0,8.8,24
2025-02-01,ukmo_seamless,h24,6.7,10
2025-02-02,icon_seamless,h24,7.7,24
2025-02-02,ukmo_seamless,h24,7.0,24
2025-02-02,meteofrance_seamless,h24,7.9,24
2025-02-02,gem_seamless,h24,6.5,24
2025-02-02,ecmwf_ifs025,h24,10.2,24
2025-02-02,icon_seamless,h0,6.1,24
2025-02-02,ukmo_seamless,h0,6.0,24
2025-02-02,meteofrance_seamless,h0,8.0,24
2025-02-02,gem_seamless,h0,7.7,24
2025-02-02,ecmwf_ifs025,h0,7.2,24
2025-02-03,icon_seamless,h24,9.8,24
2025-02-03,ukmo_seamless,h24,10.1,24
2025-02-03,meteofrance_seamless,h24,10.7,24
2025-02-03,gem_seamless,h24,10.5,24
2025-02-03,ecmwf_ifs025,h24,12.3,24
2025-02-03,icon_seamless,h0,10.2,24
2025-02-03,ukmo_seamless,h0,9.8,24
2025-02-03,meteofrance_seamless,h0,10.7,24
2025-02-03,gem_seamless,h0,10.9,24
2025-02-03,ecmwf_ifs025,h0,11.1,24
2025-02-04,icon_seamless,h24,11.6,24
2025-02-04,ukmo_seamless,h24,10.4,24
2025-02-04,meteofrance_seamless,h24,13.2,24
2025-02-04,gem_seamless,h24,11.0,24
2025-02-04,ecmwf_ifs025,h24,12.2,24
2025-02-04,icon_seamless,h0,11.7,24
2025-02-04,ukmo_seamless,h0,11.2,24
2025-02-04,meteofrance_seamless,h0,12.4,24
2025-02-04,gem_seamless,h0,12.0,24
2025-02-04,ecmwf_ifs025,h0,12.5,24
2025-02-05,icon_seamless,h24,9.6,24
2025-02-05,ukmo_seamless,h24,11.1,24
2025-02-05,meteofrance_seamless,h24,10.5,24
2025-02-05,gem_seamless,h24,9.2,24
2025-02-05,ecmwf_ifs025,h24,10.4,24
2025-02-05,icon_seamless,h0,10.9,24
2025-02-05,ukmo_seamless,h0,10.6,24
2025-02-05,meteofrance_seamless,h0,10.8,24
2025-02-05,gem_seamless,h0,9.8,24
2025-02-05,ecmwf_ifs025,h0,10.1,24
2025-02-06,icon_seamless,h24,10.8,24
2025-02-06,ukmo_seamless,h24,9.7,24
2025-02-06,meteofrance_seamless,h24,11.7,24
2025-02-06,gem_seamless,h24,9.7,24
2025-02-06,ecmwf_ifs025,h24,9.2,24
2025-02-06,icon_seamless,h0,9.9,24
2025-02-06,ukmo_seamless,h0,10.3,24
2025-02-06,meteofrance_seamless,h0,11.2,24
2025-02-06,gem_seamless,h0,9.9,24
2025-02-06,ecmwf_ifs025,h0,9.2,24
2025-02-07,icon_seamless,h24,5.4,24
2025-02-07,ukmo_seamless,h24,4.5,24
2025-02-07,meteofrance_seamless,h24,5.4,24
2025-02-07,gem_seamless,h24,2.6,24
2025-02-07,ecmwf_ifs025,h24,4.3,24
2025-02-07,icon_seamless,h0,4.7,24
2025-02-07,ukmo_seamless,h0,4.5,24
2025-02-07,meteofrance_seamless,h0,5.7,24
2025-02-07,gem_seamless,h0,4.4,24
2025-02-07,ecmwf_ifs025,h0,5.2,24
2025-02-08,icon_seamless,h24,4.5,24
2025-02-08,ukmo_seamless,h24,4.1,24
2025-02-08,meteofrance_seamless,h24,5.6,24
2025-02-08,gem_seamless,h24,3.5,24
2025-02-08,ecmwf_ifs025,h24,4.5,24
2025-02-08,icon_seamless,h0,4.6,24
2025-02-08,ukmo_seamless,h0,3.8,24
2025-02-08,meteofrance_seamless,h0,4.6,24
2025-02-08,gem_seamless,h0,4.5,24
2025-02-08,ecmwf_ifs025,h0,4.1,24
2025-02-09,icon_seamless,h24,7.7,24
2025-02-09,ukmo_seamless,h24,6.7,24
2025-02-09,meteofrance_seamless,h24,8.2,24
2025-02-09,gem_seamless,h24,6.9,24
2025-02-09,ecmwf_ifs025,h24,7.3,24
2025-02-09,icon_seamless,h0,7.4,24
2025-02-09,ukmo_seamless,h0,6.8,24
2025-02-09,meteofrance_seamless,h0,7.6,24
2025-02-09,gem_seamless,h0,7.1,24
2025-02-09,ecmwf_ifs025,h0,6.9,24
2025-02-10,icon_seamless,h24,11.2,24
2025-02-10,ukmo_seamless,h24,11.7,24
2025-02-10,meteofrance_seamless,h24,12.4,24
2025-02-10,gem_seamless,h24,11.5,24
2025-02-10,ecmwf_ifs025,h24,12.8,24
2025-02-10,icon_seamless,h0,12.1,24
2025-02-10,ukmo_seamless,h0,11.8,24
2025-02-10,meteofrance_seamless,h0,11.4,24
2025-02-10,gem_seamless,h0,12.8,24
2025-02-10,ecmwf_ifs025,h0,12.3,24
2025-02-11,icon_seamless,h24,7.4,24
2025-02-11,ukmo_seamless,h24,11.9,24
2025-02-11,meteofrance_seamless,h24,6.6,24
2025-02-11,gem_seamless,h24,7.7,24
2025-02-11,ecmwf_ifs025,h24,8.5,24
2025-02-11,icon_seamless,h0,7.3,24
2025-02-11,ukmo_seamless,h0,11.9,24
2025-02-11,meteofrance_seamless,h0,7.1,24
2025-02-11,gem_seamless,h0,7.5,24
2025-02-11,ecmwf_ifs025,h0,7.0,24
2025-02-12,icon_seamless,h24,9.8,24
2025-02-12,ukmo_seamless,h24,11.1,24
2025-02-12,meteofrance_seamless,h24,9.7,24
2025-02-12,gem_seamless,h24,7.9,24
2025-02-12,ecmwf_ifs025,h24,9.7,24
2025-02-12,icon_seamless,h0,10.7,24
2025-02-12,ukmo_seamless,h0,11.3,24
2025-02-12,meteofrance_seamless,h0,10.4,24
2025-02-12,gem_seamless,h0,10.7,24
2025-02-12,ecmwf_ifs025,h0,9.9,24
2025-02-13,icon_seamless,h24,8.7,24
2025-02-13,ukmo_seamless,h24,10.5,24
2025-02-13,meteofrance_seamless,h24,10.6,24
2025-02-13,gem_seamless,h24,10.1,24
2025-02-13,ecmwf_ifs025,h24,11.0,24
2025-02-13,icon_seamless,h0,10.8,24
2025-02-13,ukmo_seamless,h0,10.3,24
2025-02-13,meteofrance_seamless,h0,10.6,24
2025-02-13,gem_seamless,h0,11.7,24
2025-02-13,ecmwf_ifs025,h0,10.9,24
2025-02-14,icon_seamless,h24,6.5,24
2025-02-14,ukmo_seamless,h24,8.4,24
2025-02-14,meteofrance_seamless,h24,6.6,24
2025-02-14,gem_seamless,h24,7.7,24
2025-02-14,ecmwf_ifs025,h24,9.7,24
2025-02-14,icon_seamless,h0,7.8,24
2025-02-14,ukmo_seamless,h0,8.4,24
2025-02-14,meteofrance_seamless,h0,7.0,24
2025-02-14,gem_seamless,h0,9.2,24
2025-02-14,ecmwf_ifs025,h0,8.4,24
2025-02-15,icon_seamless,h24,10.7,24
2025-02-15,ukmo_seamless,h24,13.1,24
2025-02-15,meteofrance_seamless,h24,13.4,24
2025-02-15,gem_seamless,h24,15.4,24
2025-02-15,ecmwf_ifs025,h24,15.3,24
2025-02-15,icon_seamless,h0,13.3,24
2025-02-15,ukmo_seamless,h0,13.4,24
2025-02-15,meteofrance_seamless,h0,13.0,24
2025-02-15,gem_seamless,h0,14.6,24
2025-02-15,ecmwf_ifs025,h0,14.9,24
2025-02-16,icon_seamless,h24,15.7,24
2025-02-16,ukmo_seamless,h24,15.8,24
2025-02-16,meteofrance_seamless,h24,16.0,24
2025-02-16,gem_seamless,h24,15.7,24
2025-02-16,ecmwf_ifs025,h24,17.7,24
2025-02-16,icon_seamless,h0,15.9,24
2025-02-16,ukmo_seamless,h0,16.0,24
2025-02-16,meteofrance_seamless,h0,15.2,24
2025-02-16,gem_seamless,h0,16.1,24
2025-02-16,ecmwf_ifs025,h0,17.3,24
2025-02-17,icon_seamless,h24,11.9,24
2025-02-17,ukmo_seamless,h24,11.2,16
2025-02-17,meteofrance_seamless,h24,12.9,24
2025-02-17,gem_seamless,h24,11.7,24
2025-02-17,ecmwf_ifs025,h24,10.0,24
2025-02-17,icon_seamless,h0,10.8,24
2025-02-17,ukmo_seamless,h0,10.7,24
2025-02-17,meteofrance_seamless,h0,12.1,24
2025-02-17,gem_seamless,h0,12.8,24
2025-02-17,ecmwf_ifs025,h0,11.7,24
2025-02-17,ecmwf_aifs025_single,h0,9.7,16
2025-02-18,icon_seamless,h24,12.8,24
2025-02-18,meteofrance_seamless,h24,14.4,24
2025-02-18,gem_seamless,h24,13.5,24
2025-02-18,ecmwf_ifs025,h24,13.8,24
2025-02-18,icon_seamless,h0,14.3,24
2025-02-18,ukmo_seamless,h0,13.0,24
2025-02-18,meteofrance_seamless,h0,13.6,24
2025-02-18,gem_seamless,h0,14.4,24
2025-02-18,ecmwf_ifs025,h0,14.4,24
2025-02-18,ecmwf_aifs025_single,h0,13.8,24
2025-02-18,ecmwf_aifs025_single,h24,12.8,16
2025-02-19,icon_seamless,h24,14.3,24
2025-02-19,meteofrance_seamless,h24,15.1,24
2025-02-19,gem_seamless,h24,14.7,24
2025-02-19,ecmwf_ifs025,h24,13.5,24
2025-02-19,ecmwf_aifs025_single,h24,12.7,24
2025-02-19,icon_seamless,h0,14.3,24
2025-02-19,ukmo_seamless,h0,15.1,24
2025-02-19,meteofrance_seamless,h0,14.9,24
2025-02-19,gem_seamless,h0,16.3,24
2025-02-19,ecmwf_ifs025,h0,15.3,24
2025-02-19,ecmwf_aifs025_single,h0,13.5,24
2025-02-20,icon_seamless,h24,10.9,24
2025-02-20,meteofrance_seamless,h24,12.9,24
2025-02-20,gem_seamless,h24,13.2,24
2025-02-20,ecmwf_ifs025,h24,9.2,24
2025-02-20,ecmwf_aifs025_single,h24,9.2,24
2025-02-20,icon_seamless,h0,10.5,24
2025-02-20,ukmo_seamless,h0,11.5,24
2025-02-20,meteofrance_seamless,h0,12.5,24
2025-02-20,gem_seamless,h0,13.0,24
2025-02-20,ecmwf_ifs025,h0,10.3,24
2025-02-20,ecmwf_aifs025_single,h0,10.8,24
2025-02-21,icon_seamless,h24,11.9,24
2025-02-21,meteofrance_seamless,h24,13.2,24
2025-02-21,gem_seamless,h24,13.0,24
2025-02-21,ecmwf_ifs025,h24,11.1,24
2025-02-21,ecmwf_aifs025_single,h24,10.3,24
2025-02-21,icon_seamless,h0,9.8,24
2025-02-21,ukmo_seamless,h0,10.1,24
2025-02-21,meteofrance_seamless,h0,12.7,24
2025-02-21,gem_seamless,h0,12.7,24
2025-02-21,ecmwf_ifs025,h0,10.8,24
2025-02-21,ecmwf_aifs025_single,h0,9.3,24
2025-02-22,icon_seamless,h24,8.6,24
2025-02-22,meteofrance_seamless,h24,9.0,24
2025-02-22,gem_seamless,h24,9.4,24
2025-02-22,ecmwf_ifs025,h24,8.0,24
2025-02-22,ecmwf_aifs025_single,h24,7.6,24
2025-02-22,icon_seamless,h0,7.9,24
2025-02-22,ukmo_seamless,h0,8.1,24
2025-02-22,meteofrance_seamless,h0,9.1,24
2025-02-22,gem_seamless,h0,9.6,24
2025-02-22,ecmwf_ifs025,h0,8.1,24
2025-02-22,ecmwf_aifs025_single,h0,7.8,24
2025-02-23,icon_seamless,h24,10.6,24
2025-02-23,meteofrance_seamless,h24,11.8,24
2025-02-23,gem_seamless,h24,11.2,24
2025-02-23,ecmwf_ifs025,h24,11.7,24
2025-02-23,ecmwf_aifs025_single,h24,10.0,24
2025-02-23,icon_seamless,h0,10.5,24
2025-02-23,ukmo_seamless,h0,9.7,24
2025-02-23,meteofrance_seamless,h0,11.1,24
2025-02-23,gem_seamless,h0,11.5,24
2025-02-23,ecmwf_ifs025,h0,10.6,24
2025-02-23,ecmwf_aifs025_single,h0,10.1,24
2025-02-24,icon_seamless,h24,9.8,24
2025-02-24,meteofrance_seamless,h24,11.5,24
2025-02-24,gem_seamless,h24,11.2,24
2025-02-24,ecmwf_ifs025,h24,11.0,24
2025-02-24,ecmwf_aifs025_single,h24,10.0,24
2025-02-24,icon_seamless,h0,10.8,24
2025-02-24,ukmo_seamless,h0,9.9,24
2025-02-24,meteofrance_seamless,h0,11.0,24
2025-02-24,gem_seamless,h0,11.5,24
2025-02-24,ecmwf_ifs025,h0,11.0,24
2025-02-24,ecmwf_aifs025_single,h0,11.0,24
2025-02-25,icon_seamless,h24,12.0,24
2025-02-25,meteofrance_seamless,h24,10.5,24
2025-02-25,gem_seamless,h24,13.4,24
2025-02-25,ecmwf_ifs025,h24,13.9,24
2025-02-25,ecmwf_aifs025_single,h24,10.4,24
2025-02-25,icon_seamless,h0,12.2,24
2025-02-25,ukmo_seamless,h0,12.8,24
2025-02-25,meteofrance_seamless,h0,13.0,24
2025-02-25,gem_seamless,h0,14.6,24
2025-02-25,ecmwf_ifs025,h0,12.2,24
2025-02-25,ecmwf_aifs025_single,h0,11.2,24
2025-02-26,icon_seamless,h24,14.3,24
2025-02-26,meteofrance_seamless,h24,15.2,24
2025-02-26,gem_seamless,h24,14.2,24
2025-02-26,ecmwf_ifs025,h24,15.6,24
2025-02-26,ecmwf_aifs025_single,h24,13.9,24
2025-02-26,icon_seamless,h0,14.3,24
2025-02-26,ukmo_seamless,h0,14.1,24
2025-02-26,meteofrance_seamless,h0,15.1,24
2025-02-26,gem_seamless,h0,14.4,24
2025-02-26,ecmwf_ifs025,h0,14.2,24
2025-02-26,ecmwf_aifs025_single,h0,14.3,24
2025-02-27,icon_seamless,h24,20.0,24
2025-02-27,meteofrance_seamless,h24,21.0,24
2025-02-27,gem_seamless,h24,21.1,24
2025-02-27,ecmwf_ifs025,h24,20.8,24
2025-02-27,ecmwf_aifs025_single,h24,17.9,24
2025-02-27,icon_seamless,h0,19.6,24
2025-02-27,ukmo_seamless,h0,18.7,24
2025-02-27,meteofrance_seamless,h0,20.7,24
2025-02-27,gem_seamless,h0,21.2,24
2025-02-27,ecmwf_ifs025,h0,20.2,24
2025-02-27,ecmwf_aifs025_single,h0,18.6,24
2025-02-28,icon_seamless,h24,19.2,24
2025-02-28,meteofrance_seamless,h24,20.5,24
2025-02-28,gem_seamless,h24,21.8,24
2025-02-28,ecmwf_ifs025,h24,23.2,24
2025-02-28,ecmwf_aifs025_single,h24,19.8,24
2025-02-28,icon_seamless,h0,18.7,24
2025-02-28,ukmo_seamless,h0,19.6,24
2025-02-28,meteofrance_seamless,h0,20.5,24
2025-02-28,gem_seamless,h0,21.2,24
2025-02-28,ecmwf_ifs025,h0,21.6,24
2025-02-28,ecmwf_aifs025_single,h0,21.3,24
2025-03-01,icon_seamless,h24,25.9,24
2025-03-01,meteofrance_seamless,h24,23.8,24
2025-03-01,gem_seamless,h24,24.3,24
2025-03-01,ecmwf_ifs025,h24,26.0,24
2025-03-01,ecmwf_aifs025_single,h24,23.2,24
2025-03-01,icon_seamless,h0,25.1,24
2025-03-01,ukmo_seamless,h0,25.4,24
2025-03-01,meteofrance_seamless,h0,26.5,24
2025-03-01,gem_seamless,h0,25.6,24
2025-03-01,ecmwf_ifs025,h0,25.8,24
2025-03-01,ecmwf_aifs025_single,h0,25.4,24
2025-03-02,icon_seamless,h24,27.2,24
2025-03-02,meteofrance_seamless,h24,25.4,24
2025-03-02,gem_seamless,h24,30.4,24
2025-03-02,ecmwf_ifs025,h24,25.4,24
2025-03-02,ecmwf_aifs025_single,h24,19.9,24
2025-03-02,icon_seamless,h0,24.2,24
2025-03-02,ukmo_seamless,h0,20.8,24
2025-03-02,meteofrance_seamless,h0,21.1,24
2025-03-02,gem_seamless,h0,25.6,24
2025-03-02,ecmwf_ifs025,h0,23.5,24
2025-03-02,ecmwf_aifs025_single,h0,20.8,24
2025-03-03,icon_seamless,h24,5.8,24
2025-03-03,meteofrance_seamless,h24,6.1,24
2025-03-03,gem_seamless,h24,6.3,24
2025-03-03,ecmwf_ifs025,h24,5.7,24
2025-03-03,ecmwf_aifs025_single,h24,6.1,24
2025-03-03,icon_seamless,h0,6.1,24
2025-03-03,ukmo_seamless,h0,7.1,24
2025-03-03,meteofrance_seamless,h0,6.0,24
2025-03-03,gem_seamless,h0,5.9,24
2025-03-03,ecmwf_ifs025,h0,6.2,24
2025-03-03,ecmwf_aifs025_single,h0,6.1,24
2025-03-04,icon_seamless,h24,5.4,24
2025-03-04,meteofrance_seamless,h24,8.1,24
2025-03-04,gem_seamless,h24,5.8,24
2025-03-04,ecmwf_ifs025,h24,9.0,24
2025-03-04,ecmwf_aifs025_single,h24,5.2,24
2025-03-04,icon_seamless,h0,5.6,24
2025-03-04,ukmo_seamless,h0,6.0,24
2025-03-04,meteofrance_seamless,h0,6.8,24
2025-03-04,gem_seamless,h0,7.3,24
2025-03-04,ecmwf_ifs025,h0,7.1,24
2025-03-04,ecmwf_aifs025_single,h0,5.4,24
2025-03-05,icon_seamless,h24,8.6,24
2025-03-05,meteofrance_seamless,h24,10.3,24
2025-03-05,gem_seamless,h24,10.2,24
2025-03-05,ecmwf_ifs025,h24,11.8,24
2025-03-05,ecmwf_aifs025_single,h24,8.5,24
2025-03-05,icon_seamless,h0,8.1,24
2025-03-05,ukmo_seamless,h0,7.5,24
2025-03-05,meteofrance_seamless,h0,8.3,24
2025-03-05,gem_seamless,h0,9.7,24
2025-03-05,ecmwf_ifs025,h0,9.0,24
2025-03-05,ecmwf_aifs025_single,h0,8.7,24
2025-03-05,ukmo_seamless,h24,6.8,6
2025-03-06,icon_seamless,h24,12.3,24
2025-03-06,ukmo_seamless,h24,13.2,24
2025-03-06,meteofrance_seamless,h24,13.6,24
2025-03-06,gem_seamless,h24,14.7,24
2025-03-06,ecmwf_ifs025,h24,14.9,24
2025-03-06,ecmwf_aifs025_single,h24,12.8,24
2025-03-06,icon_seamless,h0,13.0,24
2025-03-06,ukmo_seamless,h0,13.2,24
2025-03-06,meteofrance_seamless,h0,13.8,24
2025-03-06,gem_seamless,h0,13.9,24
2025-03-06,ecmwf_ifs025,h0,14.3,24
2025-03-06,ecmwf_aifs025_single,h0,14.0,24
2025-03-07,icon_seamless,h24,13.9,24
2025-03-07,ukmo_seamless,h24,12.8,24
2025-03-07,meteofrance_seamless,h24,14.6,24
2025-03-07,gem_seamless,h24,13.7,24
2025-03-07,ecmwf_ifs025,h24,14.0,24
2025-03-07,ecmwf_aifs025_single,h24,13.6,24
2025-03-07,icon_seamless,h0,13.8,24
2025-03-07,ukmo_seamless,h0,13.3,24
2025-03-07,meteofrance_seamless,h0,14.3,24
2025-03-07,gem_seamless,h0,13.3,24
2025-03-07,ecmwf_ifs025,h0,14.7,24
2025-03-07,ecmwf_aifs025_single,h0,13.9,24
2025-03-08,icon_seamless,h24,14.1,24
2025-03-08,ukmo_seamless,h24,15.0,24
2025-03-08,meteofrance_seamless,h24,15.3,24
2025-03-08,gem_seamless,h24,14.8,24
2025-03-08,ecmwf_ifs025,h24,14.5,24
2025-03-08,ecmwf_aifs025_single,h24,15.4,24
2025-03-08,icon_seamless,h0,16.4,24
2025-03-08,ukmo_seamless,h0,15.8,24
2025-03-08,meteofrance_seamless,h0,16.7,24
2025-03-08,gem_seamless,h0,16.6,24
2025-03-08,ecmwf_ifs025,h0,16.3,24
2025-03-08,ecmwf_aifs025_single,h0,16.7,24
2025-03-09,icon_seamless,h24,12.6,24
2025-03-09,ukmo_seamless,h24,14.7,24
2025-03-09,meteofrance_seamless,h24,14.4,24
2025-03-09,gem_seamless,h24,14.3,24
2025-03-09,ecmwf_ifs025,h24,12.6,24
2025-03-09,ecmwf_aifs025_single,h24,11.7,24
2025-03-09,icon_seamless,h0,12.6,24
2025-03-09,ukmo_seamless,h0,13.0,24
2025-03-09,meteofrance_seamless,h0,13.1,24
2025-03-09,gem_seamless,h0,13.6,24
2025-03-09,ecmwf_ifs025,h0,12.7,24
2025-03-09,ecmwf_aifs025_single,h0,12.3,24
2025-03-10,icon_seamless,h24,16.1,24
2025-03-10,ukmo_seamless,h24,15.5,24
2025-03-10,meteofrance_seamless,h24,17.4,24
2025-03-10,gem_seamless,h24,18.2,24
2025-03-10,ecmwf_ifs025,h24,19.1,24
2025-03-10,ecmwf_aifs025_single,h24,14.7,24
2025-03-10,icon_seamless,h0,16.0,24
2025-03-10,ukmo_seamless,h0,15.1,24
2025-03-10,meteofrance_seamless,h0,16.8,24
2025-03-10,gem_seamless,h0,17.5,24
2025-03-10,ecmwf_ifs025,h0,15.8,24
2025-03-10,ecmwf_aifs025_single,h0,15.1,24
2025-03-11,icon_seamless,h24,18.3,24
2025-03-11,ukmo_seamless,h24,19.8,24
2025-03-11,meteofrance_seamless,h24,15.7,24
2025-03-11,gem_seamless,h24,21.7,24
2025-03-11,ecmwf_ifs025,h24,21.5,24
2025-03-11,ecmwf_aifs025_single,h24,17.4,24
2025-03-11,icon_seamless,h0,16.6,24
2025-03-11,ukmo_seamless,h0,17.9,24
2025-03-11,meteofrance_seamless,h0,15.7,24
2025-03-11,gem_seamless,h0,18.6,24
2025-03-11,ecmwf_ifs025,h0,16.8,24
2025-03-11,ecmwf_aifs025_single,h0,16.4,24
2025-03-12,icon_seamless,h24,15.6,24
2025-03-12,ukmo_seamless,h24,19.0,24
2025-03-12,meteofrance_seamless,h24,17.6,24
2025-03-12,gem_seamless,h24,17.6,24
2025-03-12,ecmwf_ifs025,h24,18.1,24
2025-03-12,ecmwf_aifs025_single,h24,15.4,24
2025-03-12,icon_seamless,h0,15.7,24
2025-03-12,ukmo_seamless,h0,19.1,24
2025-03-12,meteofrance_seamless,h0,17.1,24
2025-03-12,gem_seamless,h0,18.2,24
2025-03-12,ecmwf_ifs025,h0,18.3,24
2025-03-12,ecmwf_aifs025_single,h0,17.0,24
2025-03-13,icon_seamless,h24,14.3,24
2025-03-13,ukmo_seamless,h24,17.7,24
2025-03-13,meteofrance_seamless,h24,14.4,24
2025-03-13,gem_seamless,h24,15.5,24
2025-03-13,ecmwf_ifs025,h24,17.7,24
2025-03-13,ecmwf_aifs025_single,h24,14.2,24
2025-03-13,icon_seamless,h0,14.1,24
2025-03-13,ukmo_seamless,h0,16.5,24
2025-03-13,meteofrance_seamless,h0,14.1,24
2025-03-13,gem_seamless,h0,15.1,24
2025-03-13,ecmwf_ifs025,h0,15.6,24
2025-03-13,ecmwf_aifs025_single,h0,14.1,24
2025-03-14,icon_seamless,h24,12.8,24
2025-03-14,ukmo_seamless,h24,14.0,24
2025-03-14,meteofrance_seamless,h24,13.4,24
2025-03-14,gem_seamless,h24,12.3,24
2025-03-14,ecmwf_ifs025,h24,12.3,24
2025-03-14,ecmwf_aifs025_single,h24,12.0,24
2025-03-14,icon_seamless,h0,12.9,24
2025-03-14,ukmo_seamless,h0,13.0,24
2025-03-14,meteofrance_seamless,h0,12.7,24
2025-03-14,gem_seamless,h0,12.3,24
2025-03-14,ecmwf_ifs025,h0,12.8,24
2025-03-14,ecmwf_aifs025_single,h0,12.6,24
2025-03-15,icon_seamless,h24,12.0,24
2025-03-15,ukmo_seamless,h24,10.5,24
2025-03-15,meteofrance_seamless,h24,12.6,24
2025-03-15,gem_seamless,h24,11.7,24
2025-03-15,ecmwf_ifs025,h24,13.0,24
2025-03-15,ecmwf_aifs025_single,h24,10.8,24
2025-03-15,icon_seamless,h0,12.7,24
2025-03-15,ukmo_seamless,h0,12.3,24
2025-03-15,meteofrance_seamless,h0,12.9,24
2025-03-15,gem_seamless,h0,12.7,24
2025-03-15,ecmwf_ifs025,h0,12.9,24
2025-03-15,ecmwf_aifs025_single,h0,12.2,24
2025-03-16,icon_seamless,h24,11.2,24
2025-03-16,ukmo_seamless,h24,11.2,24
2025-03-16,meteofrance_seamless,h24,12.6,24
2025-03-16,gem_seamless,h24,11.5,24
2025-03-16,ecmwf_ifs025,h24,12.9,24
2025-03-16,ecmwf_aifs025_single,h24,11.8,24
2025-03-16,icon_seamless,h0,12.3,24
2025-03-16,ukmo_seamless,h0,11.7,24
2025-03-16,meteofrance_seamless,h0,12.4,24
2025-03-16,gem_seamless,h0,12.0,24
2025-03-16,ecmwf_ifs025,h0,12.4,24
2025-03-16,ecmwf_aifs025_single,h0,12.6,24
2025-03-17,icon_seamless,h24,14.9,24
2025-03-17,ukmo_seamless,h24,14.2,24
2025-03-17,meteofrance_seamless,h24,16.7,24
2025-03-17,gem_seamless,h24,15.0,24
2025-03-17,ecmwf_ifs025,h24,15.2,24
2025-03-17,ecmwf_aifs025_single,h24,15.0,24
2025-03-17,icon_seamless,h0,14.7,24
2025-03-17,ukmo_seamless,h0,14.4,24
2025-03-17,meteofrance_seamless,h0,15.7,24
2025-03-17,gem_seamless,h0,15.7,24
2025-03-17,ecmwf_ifs025,h0,15.0,24
2025-03-17,ecmwf_aifs025_single,h0,15.4,24
2025-03-18,icon_seamless,h24,17.7,24
2025-03-18,ukmo_seamless,h24,16.6,24
2025-03-18,meteofrance_seamless,h24,18.7,24
2025-03-18,gem_seamless,h24,18.4,24
2025-03-18,ecmwf_ifs025,h24,17.2,24
2025-03-18,ecmwf_aifs025_single,h24,18.0,24
2025-03-18,icon_seamless,h0,18.4,24
2025-03-18,ukmo_seamless,h0,17.4,24
2025-03-18,meteofrance_seamless,h0,19.1,24
2025-03-18,gem_seamless,h0,18.6,24
2025-03-18,ecmwf_ifs025,h0,18.4,24
2025-03-18,ecmwf_aifs025_single,h0,18.7,24
2025-03-19,icon_seamless,h24,19.3,24
2025-03-19,ukmo_seamless,h24,18.0,24
2025-03-19,meteofrance_seamless,h24,21.0,24
2025-03-19,gem_seamless,h24,20.4,24
2025-03-19,ecmwf_ifs025,h24,19.0,24
2025-03-19,ecmwf_aifs025_single,h24,19.3,24
2025-03-19,icon_seamless,h0,19.4,24
2025-03-19,ukmo_seamless,h0,18.1,24
2025-03-19,meteofrance_seamless,h0,19.8,24
2025-03-19,gem_seamless,h0,20.6,24
2025-03-19,ecmwf_ifs025,h0,19.3,24
2025-03-19,ecmwf_aifs025_single,h0,19.9,24
2025-03-20,icon_seamless,h24,22.5,24
2025-03-20,ukmo_seamless,h24,21.9,24
2025-03-20,meteofrance_seamless,h24,24.2,24
2025-03-20,gem_seamless,h24,23.8,24
2025-03-20,ecmwf_ifs025,h24,22.1,24
2025-03-20,ecmwf_aifs025_single,h24,22.5,24
2025-03-20,icon_seamless,h0,22.7,24
2025-03-20,ukmo_seamless,h0,22.0,24
2025-03-20,meteofrance_seamless,h0,23.5,24
2025-03-20,gem_seamless,h0,24.1,24
2025-03-20,ecmwf_ifs025,h0,22.2,24
2025-03-20,ecmwf_aifs025_single,h0,22.7,24
2025-03-21,icon_seamless,h24,24.6,24
2025-03-21,ukmo_seamless,h24,23.8,20
2025-03-21,meteofrance_seamless,h24,26.2,24
2025-03-21,gem_seamless,h24,25.7,24
2025-03-21,ecmwf_ifs025,h24,23.9,24
2025-03-21,ecmwf_aifs025_single,h24,24.6,24
2025-03-21,icon_seamless,h0,24.8,24
2025-03-21,ukmo_seamless,h0,23.8,24
2025-03-21,meteofrance_seamless,h0,26.2,24
2025-03-21,gem_seamless,h0,25.9,24
2025-03-21,ecmwf_ifs025,h0,24.4,24
2025-03-21,ecmwf_aifs025_single,h0,25.1,24
2025-03-22,icon_seamless,h24,26.5,24
2025-03-22,meteofrance_seamless,h24,28.1,24
2025-03-22,gem_seamless,h24,28.0,24
2025-03-22,ecmwf_ifs025,h24,25.3,24
2025-03-22,ecmwf_aifs025_single,h24,26.3,24
2025-03-22,icon_seamless,h0,26.6,24
2025-03-22,ukmo_seamless,h0,26.0,24
2025-03-22,meteofrance_seamless,h0,27.6,24
2025-03-22,gem_seamless,h0,28.1,24
2025-03-22,ecmwf_ifs025,h0,26.3,24
2025-03-22,ecmwf_aifs025_single,h0,26.5,24
2025-03-23,icon_seamless,h24,19.1,24
2025-03-23,meteofrance_seamless,h24,21.4,24
2025-03-23,gem_seamless,h24,23.7,24
2025-03-23,ecmwf_ifs025,h24,19.8,24
2025-03-23,ecmwf_aifs025_single,h24,18.1,24
2025-03-23,icon_seamless,h0,19.9,24
2025-03-23,ukmo_seamless,h0,21.1,24
2025-03-23,meteofrance_seamless,h0,21.0,24
2025-03-23,gem_seamless,h0,24.0,24
2025-03-23,ecmwf_ifs025,h0,22.5,24
2025-03-23,ecmwf_aifs025_single,h0,20.1,24
2025-03-24,icon_seamless,h24,27.4,24
2025-03-24,meteofrance_seamless,h24,29.5,24
2025-03-24,gem_seamless,h24,28.8,24
2025-03-24,ecmwf_ifs025,h24,27.8,24
2025-03-24,ecmwf_aifs025_single,h24,28.2,24
2025-03-24,icon_seamless,h0,27.2,24
2025-03-24,ukmo_seamless,h0,26.9,24
2025-03-24,meteofrance_seamless,h0,29.3,24
2025-03-24,gem_seamless,h0,28.5,24
2025-03-24,ecmwf_ifs025,h0,27.9,24
2025-03-24,ecmwf_aifs025_single,h0,27.5,24
2025-03-25,icon_seamless,h24,29.8,24
2025-03-25,meteofrance_seamless,h24,31.9,24
2025-03-25,gem_seamless,h24,31.2,24
2025-03-25,ecmwf_ifs025,h24,29.7,24
2025-03-25,ecmwf_aifs025_single,h24,30.2,24
2025-03-25,icon_seamless,h0,30.3,24
2025-03-25,ukmo_seamless,h0,29.5,24
2025-03-25,meteofrance_seamless,h0,31.5,24
2025-03-25,gem_seamless,h0,30.8,24
2025-03-25,ecmwf_ifs025,h0,30.1,24
2025-03-25,ecmwf_aifs025_single,h0,30.3,24
2024-12-26,gfs_seamless,h24,14.0,24
2024-12-26,cma_grapes_global,h24,10.6,24
2024-12-26,jma_seamless,h24,12.1,24
2024-12-26,knmi_seamless,h24,13.5,24
2024-12-26,jma_gsm,h24,12.1,24
2024-12-26,gfs_seamless,h0,13.9,24
2024-12-26,cma_grapes_global,h0,10.9,24
2024-12-26,jma_seamless,h0,12.0,24
2024-12-26,knmi_seamless,h0,12.8,24
2024-12-26,jma_gsm,h0,12.0,24
2024-12-27,gfs_seamless,h24,12.6,24
2024-12-27,cma_grapes_global,h24,8.6,24
2024-12-27,jma_seamless,h24,10.7,24
2024-12-27,knmi_seamless,h24,12.8,24
2024-12-27,jma_gsm,h24,10.7,24
2024-12-27,gfs_seamless,h0,12.6,24
2024-12-27,cma_grapes_global,h0,10.7,24
2024-12-27,jma_seamless,h0,11.6,24
2024-12-27,knmi_seamless,h0,11.8,24
2024-12-27,jma_gsm,h0,11.6,24
2024-12-28,gfs_seamless,h24,9.1,24
2024-12-28,cma_grapes_global,h24,5.3,24
2024-12-28,jma_seamless,h24,7.2,24
2024-12-28,knmi_seamless,h24,8.0,24
2024-12-28,jma_gsm,h24,7.2,24
2024-12-28,gfs_seamless,h0,9.0,24
2024-12-28,cma_grapes_global,h0,7.6,24
2024-12-28,jma_seamless,h0,8.2,24
2024-12-28,knmi_seamless,h0,8.7,24
2024-12-28,jma_gsm,h0,8.2,24
2024-12-29,gfs_seamless,h24,11.8,24
2024-12-29,cma_grapes_global,h24,8.3,24
2024-12-29,jma_seamless,h24,9.5,24
2024-12-29,knmi_seamless,h24,10.8,24
2024-12-29,jma_gsm,h24,9.5,24
2024-12-29,gfs_seamless,h0,11.0,24
2024-12-29,cma_grapes_global,h0,9.6,24
2024-12-29,jma_seamless,h0,10.3,24
2024-12-29,knmi_seamless,h0,9.6,24
2024-12-29,jma_gsm,h0,10.3,24
2024-12-30,gfs_seamless,h24,14.7,24
2024-12-30,cma_grapes_global,h24,11.4,24
2024-12-30,jma_seamless,h24,11.9,24
2024-12-30,knmi_seamless,h24,13.2,24
2024-12-30,jma_gsm,h24,11.9,24
2024-12-30,gfs_seamless,h0,14.3,24
2024-12-30,cma_grapes_global,h0,11.9,24
2024-12-30,jma_seamless,h0,12.3,24
2024-12-30,knmi_seamless,h0,13.4,24
2024-12-30,jma_gsm,h0,12.3,24
2024-12-31,gfs_seamless,h24,13.8,24
2024-12-31,cma_grapes_global,h24,10.1,24
2024-12-31,jma_seamless,h24,11.7,24
2024-12-31,knmi_seamless,h24,13.0,24
2024-12-31,jma_gsm,h24,11.7,24
2024-12-31,gfs_seamless,h0,13.7,24
2024-12-31,cma_grapes_global,h0,12.0,24
2024-12-31,jma_seamless,h0,13.3,24
2024-12-31,knmi_seamless,h0,13.3,24
2024-12-31,jma_gsm,h0,13.3,24
2025-01-01,gfs_seamless,h24,16.0,24
2025-01-01,cma_grapes_global,h24,11.5,24
2025-01-01,jma_seamless,h24,13.1,24
2025-01-01,knmi_seamless,h24,14.7,24
2025-01-01,jma_gsm,h24,13.1,24
2025-01-01,gfs_seamless,h0,15.7,24
2025-01-01,cma_grapes_global,h0,13.7,24
2025-01-01,jma_seamless,h0,13.8,24
2025-01-01,knmi_seamless,h0,15.1,24
2025-01-01,jma_gsm,h0,13.8,24
2025-01-02,gfs_seamless,h24,14.3,24
2025-01-02,cma_grapes_global,h24,9.2,24
2025-01-02,jma_seamless,h24,11.2,24
2025-01-02,knmi_seamless,h24,12.7,24
2025-01-02,jma_gsm,h24,11.2,24
2025-01-02,gfs_seamless,h0,14.3,24
2025-01-02,cma_grapes_global,h0,11.3,24
2025-01-02,jma_seamless,h0,12.1,24
2025-01-02,knmi_seamless,h0,13.1,24
2025-01-02,jma_gsm,h0,12.1,24
2025-01-03,gfs_seamless,h24,13.4,24
2025-01-03,cma_grapes_global,h24,9.3,24
2025-01-03,jma_seamless,h24,10.6,24
2025-01-03,knmi_seamless,h24,11.9,24
2025-01-03,jma_gsm,h24,10.6,24
2025-01-03,gfs_seamless,h0,12.7,24
2025-01-03,cma_grapes_global,h0,10.1,24
2025-01-03,jma_seamless,h0,10.7,24
2025-01-03,knmi_seamless,h0,12.2,24
2025-01-03,jma_gsm,h0,10.7,24
2025-01-04,gfs_seamless,h24,13.1,24
2025-01-04,cma_grapes_global,h24,10.2,24
2025-01-04,jma_seamless,h24,12.1,24
2025-01-04,knmi_seamless,h24,13.3,24
2025-01-04,jma_gsm,h24,12.1,24
2025-01-04,gfs_seamless,h0,14.5,24
2025-01-04,cma_grapes_global,h0,11.4,24
2025-01-04,jma_seamless,h0,12.7,24
2025-01-04,knmi_seamless,h0,12.9,24
2025-01-04,jma_gsm,h0,12.7,24
2025-01-05,gfs_seamless,h24,14.8,24
2025-01-05,cma_grapes_global,h24,11.8,24
2025-01-05,jma_seamless,h24,11.0,24
2025-01-05,knmi_seamless,h24,13.1,24
2025-01-05,jma_gsm,h24,11.0,24
2025-01-05,gfs_seamless,h0,14.5,24
2025-01-05,cma_grapes_global,h0,11.5,24
2025-01-05,jma_seamless,h0,11.1,24
2025-01-05,knmi_seamless,h0,13.1,24
2025-01-05,jma_gsm,h0,11.1,24
2025-01-06,gfs_seamless,h24,13.4,24
2025-01-06,cma_grapes_global,h24,9.2,24
2025-01-06,jma_seamless,h24,11.4,24
2025-01-06,knmi_seamless,h24,13.1,24
2025-01-06,jma_gsm,h24,11.4,24
2025-01-06,gfs_seamless,h0,13.4,24
2025-01-06,cma_grapes_global,h0,10.7,24
2025-01-06,jma_seamless,h0,12.6,24
2025-01-06,knmi_seamless,h0,14.1,24
2025-01-06,jma_gsm,h0,12.6,24
2025-01-07,gfs_seamless,h24,11.5,24
2025-01-07,cma_grapes_global,h24,9.0,24
2025-01-07,jma_seamless,h24,10.6,24
2025-01-07,knmi_seamless,h24,11.2,24
2025-01-07,jma_gsm,h24,10.6,24
2025-01-07,gfs_seamless,h0,11.6,24
2025-01-07,cma_grapes_global,h0,9.9,24
2025-01-07,jma_seamless,h0,11.2,24
2025-01-07,knmi_seamless,h0,10.3,24
2025-01-07,jma_gsm,h0,11.2,24
2025-01-08,gfs_seamless,h24,12.1,24
2025-01-08,cma_grapes_global,h24,9.7,24
2025-01-08,jma_seamless,h24,12.1,24
2025-01-08,knmi_seamless,h24,12.2,24
2025-01-08,jma_gsm,h24,12.1,24
2025-01-08,gfs_seamless,h0,12.3,24
2025-01-08,cma_grapes_global,h0,11.6,24
2025-01-08,jma_seamless,h0,12.3,24
2025-01-08,knmi_seamless,h0,13.1,24
2025-01-08,jma_gsm,h0,12.3,24
2025-01-09,gfs_seamless,h24,7.9,24
2025-01-09,cma_grapes_global,h24,5.4,24
2025-01-09,jma_seamless,h24,6.6,24
2025-01-09,knmi_seamless,h24,8.2,24
2025-01-09,jma_gsm,h24,6.6,24
2025-01-09,gfs_seamless,h0,7.4,24
2025-01-09,cma_grapes_global,h0,6.4,24
2025-01-09,jma_seamless,h0,7.6,24
2025-01-09,knmi_seamless,h0,7.9,24
2025-01-09,jma_gsm,h0,7.6,24
2025-01-10,gfs_seamless,h24,7.6,24
2025-01-10,cma_grapes_global,h24,5.1,24
2025-01-10,jma_seamless,h24,6.5,24
2025-01-10,knmi_seamless,h24,7.6,24
2025-01-10,jma_gsm,h24,6.5,24
2025-01-10,gfs_seamless,h0,7.7,24
2025-01-10,cma_grapes_global,h0,7.0,24
2025-01-10,jma_seamless,h0,7.0,24
2025-01-10,knmi_seamless,h0,7.2,24
2025-01-10,jma_gsm,h0,7.0,24
2025-01-11,gfs_seamless,h24,12.7,24
2025-01-11,cma_grapes_global,h24,8.9,24
2025-01-11,jma_seamless,h24,10.3,24
2025-01-11,knmi_seamless,h24,11.0,24
2025-01-11,jma_gsm,h24,10.3,24
2025-01-11,gfs_seamless,h0,13.0,24
2025-01-11,cma_grapes_global,h0,10.5,24
2025-01-11,jma_seamless,h0,11.7,24
2025-01-11,knmi_seamless,h0,11.7,24
2025-01-11,jma_gsm,h0,11.7,24
2025-01-12,gfs_seamless,h24,12.6,24
2025-01-12,cma_grapes_global,h24,9.4,24
2025-01-12,jma_seamless,h24,10.5,24
2025-01-12,knmi_seamless,h24,11.3,24
2025-01-12,jma_gsm,h24,10.5,24
2025-01-12,gfs_seamless,h0,12.6,24
2025-01-12,cma_grapes_global,h0,10.9,24
2025-01-12,jma_seamless,h0,11.9,24
2025-01-12,knmi_seamless,h0,12.6,24
2025-01-12,jma_gsm,h0,11.9,24
2025-01-13,gfs_seamless,h24,15.7,24
2025-01-13,cma_grapes_global,h24,11.9,24
2025-01-13,jma_seamless,h24,13.2,24
2025-01-13,knmi_seamless,h24,16.1,24
2025-01-13,jma_gsm,h24,13.2,24
2025-01-13,gfs_seamless,h0,16.3,24
2025-01-13,cma_grapes_global,h0,14.4,24
2025-01-13,jma_seamless,h0,14.9,24
2025-01-13,knmi_seamless,h0,16.8,24
2025-01-13,jma_gsm,h0,14.9,24
2025-01-14,gfs_seamless,h24,14.7,24
2025-01-14,cma_grapes_global,h24,12.0,24
2025-01-14,jma_seamless,h24,11.8,24
2025-01-14,knmi_seamless,h24,12.5,24
2025-01-14,jma_gsm,h24,11.8,24
2025-01-14,gfs_seamless,h0,16.3,24
2025-01-14,cma_grapes_global,h0,13.3,24
2025-01-14,jma_seamless,h0,13.1,24
2025-01-14,knmi_seamless,h0,12.9,24
2025-01-14,jma_gsm,h0,13.1,24
2025-01-15,gfs_seamless,h24,10.1,24
2025-01-15,cma_grapes_global,h24,4.7,24
2025-01-15,jma_seamless,h24,6.5,24
2025-01-15,knmi_seamless,h24,8.5,24
2025-01-15,jma_gsm,h24,6.5,24
2025-01-15,gfs_seamless,h0,9.3,24
2025-01-15,cma_grapes_global,h0,8.0,24
2025-01-15,jma_seamless,h0,8.0,24
2025-01-15,knmi_seamless,h0,9.0,24
2025-01-15,jma_gsm,h0,8.0,24
2025-01-16,gfs_seamless,h24,12.8,24
2025-01-16,cma_grapes_global,h24,8.6,24
2025-01-16,jma_seamless,h24,10.6,24
2025-01-16,knmi_seamless,h24,12.1,24
2025-01-16,jma_gsm,h24,10.6,24
2025-01-16,gfs_seamless,h0,12.6,24
2025-01-16,cma_grapes_global,h0,10.9,24
2025-01-16,jma_seamless,h0,11.2,24
2025-01-16,knmi_seamless,h0,12.5,24
2025-01-16,jma_gsm,h0,11.2,24
2025-01-17,gfs_seamless,h24,13.5,24
2025-01-17,cma_grapes_global,h24,8.9,24
2025-01-17,jma_seamless,h24,10.0,24
2025-01-17,knmi_seamless,h24,12.1,24
2025-01-17,jma_gsm,h24,10.0,24
2025-01-17,gfs_seamless,h0,12.7,24
2025-01-17,cma_grapes_global,h0,10.8,24
2025-01-17,jma_seamless,h0,12.0,24
2025-01-17,knmi_seamless,h0,11.7,24
2025-01-17,jma_gsm,h0,12.0,24
2025-01-18,gfs_seamless,h24,15.3,24
2025-01-18,cma_grapes_global,h24,10.4,24
2025-01-18,jma_seamless,h24,12.3,24
2025-01-18,knmi_seamless,h24,14.0,24
2025-01-18,jma_gsm,h24,12.3,24
2025-01-18,gfs_seamless,h0,14.9,24
2025-01-18,cma_grapes_global,h0,12.0,24
2025-01-18,jma_seamless,h0,13.2,24
2025-01-18,knmi_seamless,h0,15.1,24
2025-01-18,jma_gsm,h0,13.2,24
2025-01-19,gfs_seamless,h24,18.1,24
2025-01-19,cma_grapes_global,h24,12.2,24
2025-01-19,jma_seamless,h24,14.2,24
2025-01-19,knmi_seamless,h24,17.2,24
2025-01-19,jma_gsm,h24,14.2,24
2025-01-19,gfs_seamless,h0,17.3,24
2025-01-19,cma_grapes_global,h0,13.3,24
2025-01-19,jma_seamless,h0,14.1,24
2025-01-19,knmi_seamless,h0,17.0,24
2025-01-19,jma_gsm,h0,14.1,24
2025-01-20,gfs_seamless,h24,18.3,24
2025-01-20,cma_grapes_global,h24,12.5,24
2025-01-20,jma_seamless,h24,15.1,24
2025-01-20,knmi_seamless,h24,17.5,24
2025-01-20,jma_gsm,h24,15.1,24
2025-01-20,gfs_seamless,h0,18.2,24
2025-01-20,cma_grapes_global,h0,14.3,24
2025-01-20,jma_seamless,h0,15.7,24
2025-01-20,knmi_seamless,h0,17.9,24
2025-01-20,jma_gsm,h0,15.7,24
2025-01-21,gfs_seamless,h24,20.5,24
2025-01-21,cma_grapes_global,h24,14.4,24
2025-01-21,jma_seamless,h24,16.5,24
2025-01-21,knmi_seamless,h24,19.0,24
2025-01-21,jma_gsm,h24,16.5,24
2025-01-21,gfs_seamless,h0,19.7,24
2025-01-21,cma_grapes_global,h0,16.9,24
2025-01-21,jma_seamless,h0,16.6,24
2025-01-21,knmi_seamless,h0,19.1,24
2025-01-21,jma_gsm,h0,16.6,24
2025-01-22,gfs_seamless,h24,20.3,24
2025-01-22,cma_grapes_global,h24,14.0,24
2025-01-22,jma_seamless,h24,16.9,24
2025-01-22,knmi_seamless,h24,19.5,24
2025-01-22,jma_gsm,h24,16.9,24
2025-01-22,gfs_seamless,h0,19.9,24
2025-01-22,cma_grapes_global,h0,15.7,24
2025-01-22,jma_seamless,h0,17.3,24
2025-01-22,knmi_seamless,h0,18.3,24
2025-01-22,jma_gsm,h0,17.3,24
2025-01-23,gfs_seamless,h24,14.3,24
2025-01-23,cma_grapes_global,h24,11.4,24
2025-01-23,jma_seamless,h24,11.9,24
2025-01-23,knmi_seamless,h24,11.3,24
2025-01-23,jma_gsm,h24,11.9,24
2025-01-23,gfs_seamless,h0,14.0,24
2025-01-23,cma_grapes_global,h0,10.4,24
2025-01-23,jma_seamless,h0,11.6,24
2025-01-23,knmi_seamless,h0,12.0,24
2025-01-23,jma_gsm,h0,11.6,24
2025-01-24,gfs_seamless,h24,11.5,24
2025-01-24,cma_grapes_global,h24,11.8,24
2025-01-24,jma_seamless,h24,10.9,24
2025-01-24,knmi_seamless,h24,10.4,24
2025-01-24,jma_gsm,h24,10.9,24
2025-01-24,gfs_seamless,h0,10.9,24
2025-01-24,cma_grapes_global,h0,10.6,24
2025-01-24,jma_seamless,h0,10.5,24
2025-01-24,knmi_seamless,h0,10.7,24
2025-01-24,jma_gsm,h0,10.5,24
2025-01-25,gfs_seamless,h24,9.1,24
2025-01-25,cma_grapes_global,h24,9.0,24
2025-01-25,jma_seamless,h24,9.3,24
2025-01-25,knmi_seamless,h24,8.6,24
2025-01-25,jma_gsm,h24,9.3,24
2025-01-25,gfs_seamless,h0,8.8,24
2025-01-25,cma_grapes_global,h0,8.3,24
2025-01-25,jma_seamless,h0,8.6,24
2025-01-25,knmi_seamless,h0,8.4,24
2025-01-25,jma_gsm,h0,8.6,24
2025-01-26,gfs_seamless,h24,9.2,24
2025-01-26,cma_grapes_global,h24,8.1,24
2025-01-26,jma_seamless,h24,10.2,24
2025-01-26,knmi_seamless,h24,9.5,24
2025-01-26,jma_gsm,h24,10.2,24
2025-01-26,gfs_seamless,h0,9.2,24
2025-01-26,cma_grapes_global,h0,7.7,24
2025-01-26,jma_seamless,h0,10.0,24
2025-01-26,knmi_seamless,h0,10.2,24
2025-01-26,jma_gsm,h0,10.0,24
2025-01-27,gfs_seamless,h24,7.5,24
2025-01-27,cma_grapes_global,h24,5.4,24
2025-01-27,jma_seamless,h24,6.3,24
2025-01-27,knmi_seamless,h24,6.8,24
2025-01-27,jma_gsm,h24,6.3,24
2025-01-27,gfs_seamless,h0,7.8,24
2025-01-27,cma_grapes_global,h0,7.3,24
2025-01-27,jma_seamless,h0,7.9,24
2025-01-27,knmi_seamless,h0,8.4,24
2025-01-27,jma_gsm,h0,7.9,24
2025-01-28,gfs_seamless,h24,9.5,24
2025-01-28,cma_grapes_global,h24,5.8,24
2025-01-28,jma_seamless,h24,7.3,24
2025-01-28,knmi_seamless,h24,9.2,24
2025-01-28,jma_gsm,h24,7.3,24
2025-01-28,gfs_seamless,h0,9.1,24
2025-01-28,cma_grapes_global,h0,7.8,24
2025-01-28,jma_seamless,h0,9.0,24
2025-01-28,knmi_seamless,h0,10.1,24
2025-01-28,jma_gsm,h0,9.0,24
2025-01-29,gfs_seamless,h24,13.6,24
2025-01-29,cma_grapes_global,h24,11.1,24
2025-01-29,jma_seamless,h24,13.1,24
2025-01-29,knmi_seamless,h24,14.1,24
2025-01-29,jma_gsm,h24,13.1,24
2025-01-29,gfs_seamless,h0,14.0,24
2025-01-29,cma_grapes_global,h0,12.8,24
2025-01-29,jma_seamless,h0,14.1,24
2025-01-29,knmi_seamless,h0,14.2,24
2025-01-29,jma_gsm,h0,14.1,24
2025-01-30,gfs_seamless,h24,17.7,24
2025-01-30,cma_grapes_global,h24,13.7,24
2025-01-30,jma_seamless,h24,16.2,24
2025-01-30,knmi_seamless,h24,16.8,24
2025-01-30,jma_gsm,h24,16.2,24
2025-01-30,gfs_seamless,h0,17.5,24
2025-01-30,cma_grapes_global,h0,14.8,24
2025-01-30,jma_seamless,h0,16.8,24
2025-01-30,knmi_seamless,h0,17.8,24
2025-01-30,jma_gsm,h0,16.8,24
2025-01-31,gfs_seamless,h24,13.2,24
2025-01-31,cma_grapes_global,h24,10.4,24
2025-01-31,jma_seamless,h24,10.1,24
2025-01-31,knmi_seamless,h24,10.8,24
2025-01-31,jma_gsm,h24,10.1,24
2025-01-31,gfs_seamless,h0,12.8,24
2025-01-31,cma_grapes_global,h0,9.5,24
2025-01-31,jma_seamless,h0,11.3,24
2025-01-31,knmi_seamless,h0,11.4,24
2025-01-31,jma_gsm,h0,11.3,24
2025-02-01,gfs_seamless,h24,5.5,24
2025-02-01,cma_grapes_global,h24,7.7,24
2025-02-01,jma_seamless,h24,7.5,24
2025-02-01,knmi_seamless,h24,7.7,24
2025-02-01,jma_gsm,h24,7.5,24
2025-02-01,gfs_seamless,h0,5.6,24
2025-02-01,cma_grapes_global,h0,8.2,24
2025-02-01,jma_seamless,h0,7.3,24
2025-02-01,knmi_seamless,h0,10.0,24
2025-02-01,jma_gsm,h0,7.3,24
2025-02-02,gfs_seamless,h24,6.7,24
2025-02-02,cma_grapes_global,h24,9.7,24
2025-02-02,jma_seamless,h24,8.8,24
2025-02-02,knmi_seamless,h24,10.2,24
2025-02-02,jma_gsm,h24,8.8,24
2025-02-02,gfs_seamless,h0,8.0,24
2025-02-02,cma_grapes_global,h0,9.7,24
2025-02-02,jma_seamless,h0,7.6,24
2025-02-02,knmi_seamless,h0,7.7,24
2025-02-02,jma_gsm,h0,7.6,24
2025-02-03,gfs_seamless,h24,11.5,24
2025-02-03,cma_grapes_global,h24,8.9,24
2025-02-03,jma_seamless,h24,10.6,24
2025-02-03,knmi_seamless,h24,12.3,24
2025-02-03,jma_gsm,h24,10.6,24
2025-02-03,gfs_seamless,h0,11.2,24
2025-02-03,cma_grapes_global,h0,10.0,24
2025-02-03,jma_seamless,h0,10.9,24
2025-02-03,knmi_seamless,h0,11.4,24
2025-02-03,jma_gsm,h0,10.9,24
2025-02-04,gfs_seamless,h24,11.1,24
2025-02-04,cma_grapes_global,h24,8.9,24
2025-02-04,jma_seamless,h24,10.9,24
2025-02-04,knmi_seamless,h24,12.2,24
2025-02-04,jma_gsm,h24,10.9,24
2025-02-04,gfs_seamless,h0,12.4,24
2025-02-04,cma_grapes_global,h0,11.0,24
2025-02-04,jma_seamless,h0,12.9,24
2025-02-04,knmi_seamless,h0,12.9,24
2025-02-04,jma_gsm,h0,12.9,24
2025-02-05,gfs_seamless,h24,9.7,24
2025-02-05,cma_grapes_global,h24,8.1,24
2025-02-05,jma_seamless,h24,9.9,24
2025-02-05,knmi_seamless,h24,10.4,24
2025-02-05,jma_gsm,h24,9.9,24
2025-02-05,gfs_seamless,h0,10.7,24
2025-02-05,cma_grapes_global,h0,8.1,24
2025-02-05,jma_seamless,h0,11.0,24
2025-02-05,knmi_seamless,h0,10.6,24
2025-02-05,jma_gsm,h0,11.0,24
2025-02-06,gfs_seamless,h24,11.3,24
2025-02-06,cma_grapes_global,h24,8.7,24
2025-02-06,jma_seamless,h24,10.9,24
2025-02-06,knmi_seamless,h24,9.2,24
2025-02-06,jma_gsm,h24,10.9,24
2025-02-06,gfs_seamless,h0,11.7,24
2025-02-06,cma_grapes_global,h0,8.7,24
2025-02-06,jma_seamless,h0,11.3,24
2025-02-06,knmi_seamless,h0,9.1,24
2025-02-06,jma_gsm,h0,11.3,24
2025-02-07,gfs_seamless,h24,6.4,24
2025-02-07,cma_grapes_global,h24,5.0,24
2025-02-07,jma_seamless,h24,6.4,24
2025-02-07,knmi_seamless,h24,4.3,24
2025-02-07,jma_gsm,h24,6.4,24
2025-02-07,gfs_seamless,h0,6.6,24
2025-02-07,cma_grapes_global,h0,5.0,24
2025-02-07,jma_seamless,h0,4.9,24
2025-02-07,knmi_seamless,h0,4.8,24
2025-02-07,jma_gsm,h0,4.9,24
2025-02-08,gfs_seamless,h24,5.1,24
2025-02-08,cma_grapes_global,h24,1.1,24
2025-02-08,jma_seamless,h24,3.5,24
2025-02-08,knmi_seamless,h24,4.5,24
2025-02-08,jma_gsm,h24,3.5,24
2025-02-08,gfs_seamless,h0,4.3,24
2025-02-08,cma_grapes_global,h0,2.9,24
2025-02-08,jma_seamless,h0,3.6,24
2025-02-08,knmi_seamless,h0,4.5,24
2025-02-08,jma_gsm,h0,3.6,24
2025-02-09,gfs_seamless,h24,8.5,24
2025-02-09,cma_grapes_global,h24,5.0,24
2025-02-09,jma_seamless,h24,6.2,24
2025-02-09,knmi_seamless,h24,7.3,24
2025-02-09,jma_gsm,h24,6.2,24
2025-02-09,gfs_seamless,h0,8.1,24
2025-02-09,cma_grapes_global,h0,6.1,24
2025-02-09,jma_seamless,h0,7.1,24
2025-02-09,knmi_seamless,h0,7.1,24
2025-02-09,jma_gsm,h0,7.1,24
2025-02-10,gfs_seamless,h24,10.2,24
2025-02-10,cma_grapes_global,h24,9.6,24
2025-02-10,jma_seamless,h24,11.5,24
2025-02-10,knmi_seamless,h24,12.8,24
2025-02-10,jma_gsm,h24,11.5,24
2025-02-10,gfs_seamless,h0,12.6,24
2025-02-10,cma_grapes_global,h0,11.2,24
2025-02-10,jma_seamless,h0,13.0,24
2025-02-10,knmi_seamless,h0,12.8,24
2025-02-10,jma_gsm,h0,13.0,24
2025-02-11,gfs_seamless,h24,8.7,24
2025-02-11,cma_grapes_global,h24,10.8,24
2025-02-11,jma_seamless,h24,8.5,24
2025-02-11,knmi_seamless,h24,8.5,24
2025-02-11,jma_gsm,h24,8.5,24
2025-02-11,gfs_seamless,h0,9.7,24
2025-02-11,cma_grapes_global,h0,11.3,24
2025-02-11,jma_seamless,h0,9.1,24
2025-02-11,knmi_seamless,h0,7.5,24
2025-02-11,jma_gsm,h0,9.1,24
2025-02-12,gfs_seamless,h24,11.3,24
2025-02-12,cma_grapes_global,h24,9.8,24
2025-02-12,jma_seamless,h24,9.5,24
2025-02-12,knmi_seamless,h24,9.7,24
2025-02-12,jma_gsm,h24,9.5,24
2025-02-12,gfs_seamless,h0,11.5,24
2025-02-12,cma_grapes_global,h0,10.4,24
2025-02-12,jma_seamless,h0,10.8,24
2025-02-12,knmi_seamless,h0,10.9,24
2025-02-12,jma_gsm,h0,10.8,24
2025-02-13,gfs_seamless,h24,10.0,24
2025-02-13,cma_grapes_global,h24,9.4,24
2025-02-13,jma_seamless,h24,11.1,24
2025-02-13,knmi_seamless,h24,11.0,24
2025-02-13,jma_gsm,h24,11.1,24
2025-02-13,gfs_seamless,h0,10.0,24
2025-02-13,cma_grapes_global,h0,10.0,24
2025-02-13,jma_seamless,h0,10.8,24
2025-02-13,knmi_seamless,h0,11.7,24
2025-02-13,jma_gsm,h0,10.8,24
2025-02-14,gfs_seamless,h24,8.8,24
2025-02-14,cma_grapes_global,h24,9.1,24
2025-02-14,jma_seamless,h24,7.6,24
2025-02-14,knmi_seamless,h24,9.7,24
2025-02-14,jma_gsm,h24,7.6,24
2025-02-14,gfs_seamless,h0,7.7,24
2025-02-14,cma_grapes_global,h0,9.2,24
2025-02-14,jma_seamless,h0,9.2,24
2025-02-14,knmi_seamless,h0,10.0,24
2025-02-14,jma_gsm,h0,9.2,24
2025-02-15,gfs_seamless,h24,14.6,24
2025-02-15,cma_grapes_global,h24,12.2,24
2025-02-15,jma_seamless,h24,13.2,24
2025-02-15,knmi_seamless,h24,15.3,24
2025-02-15,jma_gsm,h24,13.2,24
2025-02-15,gfs_seamless,h0,14.9,24
2025-02-15,cma_grapes_global,h0,12.2,24
2025-02-15,jma_seamless,h0,14.1,24
2025-02-15,knmi_seamless,h0,15.6,24
2025-02-15,jma_gsm,h0,14.1,24
2025-02-16,gfs_seamless,h24,17.0,24
2025-02-16,cma_grapes_global,h24,15.2,24
2025-02-16,jma_seamless,h24,17.1,24
2025-02-16,knmi_seamless,h24,17.7,24
2025-02-16,jma_gsm,h24,17.1,24
2025-02-16,gfs_seamless,h0,17.7,24
2025-02-16,cma_grapes_global,h0,14.5,24
2025-02-16,jma_seamless,h0,15.4,24
2025-02-16,knmi_seamless,h0,17.6,24
2025-02-16,jma_gsm,h0,15.4,24
2025-02-17,gfs_seamless,h24,13.1,24
2025-02-17,cma_grapes_global,h24,10.6,24
2025-02-17,jma_seamless,h24,12.2,24
2025-02-17,knmi_seamless,h24,10.0,24
2025-02-17,jma_gsm,h24,12.2,24
2025-02-17,gfs_seamless,h0,12.7,24
2025-02-17,cma_grapes_global,h0,12.3,24
2025-02-17,jma_seamless,h0,12.7,24
2025-02-17,knmi_seamless,h0,11.9,24
2025-02-17,jma_gsm,h0,12.7,24
2025-02-18,gfs_seamless,h24,13.9,24
2025-02-18,cma_grapes_global,h24,12.8,24
2025-02-18,jma_seamless,h24,13.4,24
2025-02-18,knmi_seamless,h24,13.8,24
2025-02-18,jma_gsm,h24,13.4,24
2025-02-18,gfs_seamless,h0,14.8,24
2025-02-18,cma_grapes_global,h0,11.9,24
2025-02-18,jma_seamless,h0,13.1,24
2025-02-18,knmi_seamless,h0,14.9,24
2025-02-18,jma_gsm,h0,13.1,24
2025-02-19,gfs_seamless,h24,14.6,24
2025-02-19,cma_grapes_global,h24,13.5,24
2025-02-19,jma_seamless,h24,14.3,24
2025-02-19,knmi_seamless,h24,13.5,24
2025-02-19,jma_gsm,h24,14.3,24
2025-02-19,gfs_seamless,h0,15.9,24
2025-02-19,cma_grapes_global,h0,14.4,24
2025-02-19,jma_seamless,h0,15.1,24
2025-02-19,knmi_seamless,h0,15.5,24
2025-02-19,jma_gsm,h0,15.1,24
2025-02-20,gfs_seamless,h24,10.4,24
2025-02-20,cma_grapes_global,h24,11.7,24
2025-02-20,jma_seamless,h24,11.1,24
2025-02-20,knmi_seamless,h24,9.2,24
2025-02-20,jma_gsm,h24,11.1,24
2025-02-20,gfs_seamless,h0,12.8,24
2025-02-20,cma_grapes_global,h0,10.7,24
2025-02-20,jma_seamless,h0,11.9,24
2025-02-20,knmi_seamless,h0,10.8,24
2025-02-20,jma_gsm,h0,11.9,24
2025-02-21,gfs_seamless,h24,10.3,24
2025-02-21,cma_grapes_global,h24,10.9,24
2025-02-21,jma_seamless,h24,11.5,24
2025-02-21,knmi_seamless,h24,11.1,24
2025-02-21,jma_gsm,h24,11.5,24
2025-02-21,gfs_seamless,h0,10.9,24
2025-02-21,cma_grapes_global,h0,11.8,24
2025-02-21,jma_seamless,h0,12.1,24
2025-02-21,knmi_seamless,h0,11.6,24
2025-02-21,jma_gsm,h0,12.1,24
2025-02-22,gfs_seamless,h24,9.0,24
2025-02-22,cma_grapes_global,h24,9.8,24
2025-02-22,jma_seamless,h24,9.6,24
2025-02-22,knmi_seamless,h24,8.0,24
2025-02-22,jma_gsm,h24,9.6,24
2025-02-22,gfs_seamless,h0,9.6,24
2025-02-22,cma_grapes_global,h0,9.3,24
2025-02-22,jma_seamless,h0,9.7,24
2025-02-22,knmi_seamless,h0,8.4,24
2025-02-22,jma_gsm,h0,9.7,24
2025-02-23,gfs_seamless,h24,12.6,24
2025-02-23,cma_grapes_global,h24,10.3,24
2025-02-23,jma_seamless,h24,12.0,24
2025-02-23,knmi_seamless,h24,11.7,24
2025-02-23,jma_gsm,h24,12.0,24
2025-02-23,gfs_seamless,h0,11.5,24
2025-02-23,cma_grapes_global,h0,9.8,24
2025-02-23,jma_seamless,h0,10.4,24
2025-02-23,knmi_seamless,h0,11.8,24
2025-02-23,jma_gsm,h0,10.4,24
2025-02-24,gfs_seamless,h24,11.6,24
2025-02-24,cma_grapes_global,h24,9.2,24
2025-02-24,jma_seamless,h24,9.5,24
2025-02-24,knmi_seamless,h24,11.0,24
2025-02-24,jma_gsm,h24,9.5,24
2025-02-24,gfs_seamless,h0,12.0,24
2025-02-24,cma_grapes_global,h0,10.2,24
2025-02-24,jma_seamless,h0,10.7,24
2025-02-24,knmi_seamless,h0,11.5,24
2025-02-24,jma_gsm,h0,10.7,24
2025-02-25,gfs_seamless,h24,10.2,24
2025-02-25,cma_grapes_global,h24,12.0,24
2025-02-25,jma_seamless,h24,10.8,24
2025-02-25,knmi_seamless,h24,13.9,24
2025-02-25,jma_gsm,h24,10.8,24
2025-02-25,gfs_seamless,h0,12.0,24
2025-02-25,cma_grapes_global,h0,11.4,24
2025-02-25,jma_seamless,h0,12.5,24
2025-02-25,knmi_seamless,h0,13.0,24
2025-02-25,jma_gsm,h0,12.5,24
2025-02-26,gfs_seamless,h24,15.5,24
2025-02-26,cma_grapes_global,h24,13.4,24
2025-02-26,jma_seamless,h24,15.6,24
2025-02-26,knmi_seamless,h24,15.6,24
2025-02-26,jma_gsm,h24,15.6,24
2025-02-26,gfs_seamless,h0,15.2,24
2025-02-26,cma_grapes_global,h0,12.8,24
2025-02-26,jma_seamless,h0,14.5,24
2025-02-26,knmi_seamless,h0,14.7,24
2025-02-26,jma_gsm,h0,14.5,24
2025-02-27,gfs_seamless,h24,20.4,24
2025-02-27,cma_grapes_global,h24,16.7,24
2025-02-27,jma_seamless,h24,18.8,24
2025-02-27,knmi_seamless,h24,20.8,24
2025-02-27,jma_gsm,h24,18.8,24
2025-02-27,gfs_seamless,h0,20.3,24
2025-02-27,cma_grapes_global,h0,17.4,24
2025-02-27,jma_seamless,h0,17.9,24
2025-02-27,knmi_seamless,h0,20.4,24
2025-02-27,jma_gsm,h0,17.9,24
2025-02-28,gfs_seamless,h24,21.7,24
2025-02-28,cma_grapes_global,h24,19.7,24
2025-02-28,jma_seamless,h24,20.2,24
2025-02-28,knmi_seamless,h24,23.2,24
2025-02-28,jma_gsm,h24,20.2,24
2025-02-28,gfs_seamless,h0,18.2,24
2025-02-28,cma_grapes_global,h0,19.5,24
2025-02-28,jma_seamless,h0,20.0,24
2025-02-28,knmi_seamless,h0,22.5,24
2025-02-28,jma_gsm,h0,20.0,24
2025-03-01,gfs_seamless,h24,26.5,24
2025-03-01,cma_grapes_global,h24,23.3,24
2025-03-01,jma_seamless,h24,23.3,24
2025-03-01,knmi_seamless,h24,26.0,24
2025-03-01,jma_gsm,h24,23.3,24
2025-03-01,gfs_seamless,h0,24.8,24
2025-03-01,cma_grapes_global,h0,23.4,24
2025-03-01,jma_seamless,h0,23.0,24
2025-03-01,knmi_seamless,h0,25.7,24
2025-03-01,jma_gsm,h0,23.0,24
2025-03-02,gfs_seamless,h24,28.9,24
2025-03-02,cma_grapes_global,h24,24.5,24
2025-03-02,jma_seamless,h24,24.1,24
2025-03-02,knmi_seamless,h24,25.4,24
2025-03-02,jma_gsm,h24,24.1,24
2025-03-02,gfs_seamless,h0,23.0,24
2025-03-02,cma_grapes_global,h0,21.9,24
2025-03-02,jma_seamless,h0,20.3,24
2025-03-02,knmi_seamless,h0,24.5,24
2025-03-02,jma_gsm,h0,20.3,24
2025-03-03,gfs_seamless,h24,6.4,24
2025-03-03,cma_grapes_global,h24,5.9,24
2025-03-03,jma_seamless,h24,6.5,24
2025-03-03,knmi_seamless,h24,5.7,24
2025-03-03,jma_gsm,h24,6.5,24
2025-03-03,gfs_seamless,h0,5.8,24
2025-03-03,cma_grapes_global,h0,6.1,24
2025-03-03,jma_seamless,h0,6.1,24
2025-03-03,knmi_seamless,h0,6.3,24
2025-03-03,jma_gsm,h0,6.1,24
2025-03-04,gfs_seamless,h24,2.8,24
2025-03-04,cma_grapes_global,h24,7.6,24
2025-03-04,jma_seamless,h24,8.2,24
2025-03-04,knmi_seamless,h24,9.0,24
2025-03-04,jma_gsm,h24,8.2,24
2025-03-04,gfs_seamless,h0,8.0,24
2025-03-04,cma_grapes_global,h0,6.7,24
2025-03-04,jma_seamless,h0,7.6,24
2025-03-04,knmi_seamless,h0,8.5,24
2025-03-04,jma_gsm,h0,7.6,24
2025-03-05,gfs_seamless,h24,12.5,24
2025-03-05,cma_grapes_global,h24,11.0,24
2025-03-05,jma_seamless,h24,12.0,24
2025-03-05,knmi_seamless,h24,11.8,24
2025-03-05,jma_gsm,h24,12.0,24
2025-03-05,gfs_seamless,h0,11.5,24
2025-03-05,cma_grapes_global,h0,9.2,24
2025-03-05,jma_seamless,h0,10.3,24
2025-03-05,knmi_seamless,h0,10.2,24
2025-03-05,jma_gsm,h0,10.3,24
2025-03-06,gfs_seamless,h24,14.8,24
2025-03-06,cma_grapes_global,h24,12.7,24
2025-03-06,jma_seamless,h24,14.1,24
2025-03-06,knmi_seamless,h24,14.9,24
2025-03-06,jma_gsm,h24,14.1,24
2025-03-06,gfs_seamless,h0,14.5,24
2025-03-06,cma_grapes_global,h0,12.2,24
2025-03-06,jma_seamless,h0,13.2,24
2025-03-06,knmi_seamless,h0,14.9,24
2025-03-06,jma_gsm,h0,13.2,24
2025-03-07,gfs_seamless,h24,14.6,24
2025-03-07,cma_grapes_global,h24,11.8,24
2025-03-07,jma_seamless,h24,13.3,24
2025-03-07,knmi_seamless,h24,14.0,24
2025-03-07,jma_gsm,h24,13.3,24
2025-03-07,gfs_seamless,h0,13.9,24
2025-03-07,cma_grapes_global,h0,12.4,24
2025-03-07,jma_seamless,h0,13.9,24
2025-03-07,knmi_seamless,h0,15.3,24
2025-03-07,jma_gsm,h0,13.9,24
2025-03-08,gfs_seamless,h24,16.8,24
2025-03-08,cma_grapes_global,h24,15.4,24
2025-03-08,jma_seamless,h24,15.5,24
2025-03-08,knmi_seamless,h24,14.5,24
2025-03-08,jma_gsm,h24,15.5,24
2025-03-08,gfs_seamless,h0,16.7,24
2025-03-08,cma_grapes_global,h0,15.1,24
2025-03-08,jma_seamless,h0,16.3,24
2025-03-08,knmi_seamless,h0,16.9,24
2025-03-08,jma_gsm,h0,16.3,24
2025-03-09,gfs_seamless,h24,12.0,24
2025-03-09,cma_grapes_global,h24,13.3,24
2025-03-09,jma_seamless,h24,13.0,24
2025-03-09,knmi_seamless,h24,12.6,24
2025-03-09,jma_gsm,h24,13.0,24
2025-03-09,gfs_seamless,h0,12.0,24
2025-03-09,cma_grapes_global,h0,14.0,24
2025-03-09,jma_seamless,h0,12.9,24
2025-03-09,knmi_seamless,h0,13.2,24
2025-03-09,jma_gsm,h0,12.9,24
2025-03-10,gfs_seamless,h24,16.7,24
2025-03-10,cma_grapes_global,h24,16.2,24
2025-03-10,jma_seamless,h24,16.8,24
2025-03-10,knmi_seamless,h24,19.1,24
2025-03-10,jma_gsm,h24,16.8,24
2025-03-10,gfs_seamless,h0,16.4,24
2025-03-10,cma_grapes_global,h0,15.1,24
2025-03-10,jma_seamless,h0,14.6,24
2025-03-10,knmi_seamless,h0,16.2,24
2025-03-10,jma_gsm,h0,14.6,24
2025-03-11,gfs_seamless,h24,16.6,24
2025-03-11,cma_grapes_global,h24,21.5,24
2025-03-11,jma_seamless,h24,19.8,24
2025-03-11,knmi_seamless,h24,21.5,24
2025-03-11,jma_gsm,h24,19.8,24
2025-03-11,gfs_seamless,h0,16.4,24
2025-03-11,cma_grapes_global,h0,18.0,24
2025-03-11,jma_seamless,h0,18.7,24
2025-03-11,knmi_seamless,h0,18.2,24
2025-03-11,jma_gsm,h0,18.7,24
2025-03-12,gfs_seamless,h24,19.7,24
2025-03-12,cma_grapes_global,h24,19.9,24
2025-03-12,jma_seamless,h24,19.7,24
2025-03-12,knmi_seamless,h24,18.1,24
2025-03-12,jma_gsm,h24,19.7,24
2025-03-12,gfs_seamless,h0,16.8,24
2025-03-12,cma_grapes_global,h0,17.5,24
2025-03-12,jma_seamless,h0,16.8,24
2025-03-12,knmi_seamless,h0,19.6,24
2025-03-12,jma_gsm,h0,16.8,24
2025-03-13,gfs_seamless,h24,13.9,24
2025-03-13,cma_grapes_global,h24,15.9,24
2025-03-13,jma_seamless,h24,16.3,24
2025-03-13,knmi_seamless,h24,17.7,24
2025-03-13,jma_gsm,h24,16.3,24
2025-03-13,gfs_seamless,h0,13.5,24
2025-03-13,cma_grapes_global,h0,15.8,24
2025-03-13,jma_seamless,h0,15.2,24
2025-03-13,knmi_seamless,h0,17.2,24
2025-03-13,jma_gsm,h0,15.2,24
2025-03-14,gfs_seamless,h24,12.2,24
2025-03-14,cma_grapes_global,h24,12.6,24
2025-03-14,jma_seamless,h24,13.9,24
2025-03-14,knmi_seamless,h24,12.3,24
2025-03-14,jma_gsm,h24,13.9,24
2025-03-14,gfs_seamless,h0,12.1,24
2025-03-14,cma_grapes_global,h0,12.6,24
2025-03-14,jma_seamless,h0,12.5,24
2025-03-14,knmi_seamless,h0,12.5,24
2025-03-14,jma_gsm,h0,12.5,24
2025-03-15,gfs_seamless,h24,10.8,24
2025-03-15,cma_grapes_global,h24,13.9,24
2025-03-15,jma_seamless,h24,12.2,24
2025-03-15,knmi_seamless,h24,13.0,24
2025-03-15,jma_gsm,h24,12.2,24
2025-03-15,gfs_seamless,h0,12.1,24
2025-03-15,cma_grapes_global,h0,12.6,24
2025-03-15,jma_seamless,h0,13.9,24
2025-03-15,knmi_seamless,h0,14.1,24
2025-03-15,jma_gsm,h0,13.9,24
2025-03-16,gfs_seamless,h24,12.0,24
2025-03-16,cma_grapes_global,h24,11.3,24
2025-03-16,jma_seamless,h24,13.0,24
2025-03-16,knmi_seamless,h24,12.9,24
2025-03-16,jma_gsm,h24,13.0,24
2025-03-16,gfs_seamless,h0,11.9,24
2025-03-16,cma_grapes_global,h0,11.3,24
2025-03-16,jma_seamless,h0,12.7,24
2025-03-16,knmi_seamless,h0,13.0,24
2025-03-16,jma_gsm,h0,12.7,24
2025-03-17,gfs_seamless,h24,14.8,24
2025-03-17,cma_grapes_global,h24,13.1,24
2025-03-17,jma_seamless,h24,15.3,24
2025-03-17,knmi_seamless,h24,15.2,24
2025-03-17,jma_gsm,h24,15.3,24
2025-03-17,gfs_seamless,h0,14.7,24
2025-03-17,cma_grapes_global,h0,13.3,24
2025-03-17,jma_seamless,h0,15.6,24
2025-03-17,knmi_seamless,h0,15.3,24
2025-03-17,jma_gsm,h0,15.6,24
2025-03-18,gfs_seamless,h24,16.7,24
2025-03-18,cma_grapes_global,h24,14.7,24
2025-03-18,jma_seamless,h24,16.8,24
2025-03-18,knmi_seamless,h24,17.2,24
2025-03-18,jma_gsm,h24,16.8,24
2025-03-18,gfs_seamless,h0,17.3,24
2025-03-18,cma_grapes_global,h0,16.8,24
2025-03-18,jma_seamless,h0,19.0,24
2025-03-18,knmi_seamless,h0,18.2,24
2025-03-18,jma_gsm,h0,19.0,24
2025-03-19,gfs_seamless,h24,19.5,24
2025-03-19,cma_grapes_global,h24,16.1,24
2025-03-19,jma_seamless,h24,20.3,24
2025-03-19,knmi_seamless,h24,19.0,24
2025-03-19,jma_gsm,h24,20.3,24
2025-03-19,gfs_seamless,h0,19.7,24
2025-03-19,cma_grapes_global,h0,17.6,24
2025-03-19,jma_seamless,h0,21.1,24
2025-03-19,knmi_seamless,h0,19.3,24
2025-03-19,jma_gsm,h0,21.1,24
2025-03-20,gfs_seamless,h24,23.1,24
2025-03-20,cma_grapes_global,h24,19.8,24
2025-03-20,jma_seamless,h24,23.8,24
2025-03-20,knmi_seamless,h24,22.1,24
2025-03-20,jma_gsm,h24,23.8,24
2025-03-20,gfs_seamless,h0,22.9,24
2025-03-20,cma_grapes_global,h0,20.7,24
2025-03-20,jma_seamless,h0,23.9,24
2025-03-20,knmi_seamless,h0,22.1,24
2025-03-20,jma_gsm,h0,23.9,24
2025-03-21,gfs_seamless,h24,24.8,24
2025-03-21,cma_grapes_global,h24,21.4,24
2025-03-21,jma_seamless,h24,25.5,24
2025-03-21,knmi_seamless,h24,23.9,24
2025-03-21,jma_gsm,h24,25.5,24
2025-03-21,gfs_seamless,h0,25.4,24
2025-03-21,cma_grapes_global,h0,22.4,24
2025-03-21,jma_seamless,h0,26.2,24
2025-03-21,knmi_seamless,h0,24.4,24
2025-03-21,jma_gsm,h0,26.2,24
2025-03-22,gfs_seamless,h24,27.3,24
2025-03-22,cma_grapes_global,h24,22.7,24
2025-03-22,jma_seamless,h24,27.0,24
2025-03-22,knmi_seamless,h24,25.3,24
2025-03-22,jma_gsm,h24,27.0,24
2025-03-22,gfs_seamless,h0,27.7,24
2025-03-22,cma_grapes_global,h0,23.7,24
2025-03-22,jma_seamless,h0,27.8,24
2025-03-22,knmi_seamless,h0,26.4,24
2025-03-22,jma_gsm,h0,27.8,24
2025-03-23,gfs_seamless,h24,20.1,24
2025-03-23,cma_grapes_global,h24,20.7,24
2025-03-23,jma_seamless,h24,18.5,24
2025-03-23,knmi_seamless,h24,19.8,24
2025-03-23,jma_gsm,h24,18.5,24
2025-03-23,gfs_seamless,h0,20.4,24
2025-03-23,cma_grapes_global,h0,20.3,24
2025-03-23,jma_seamless,h0,19.6,24
2025-03-23,knmi_seamless,h0,22.4,24
2025-03-23,jma_gsm,h0,19.6,24
2025-03-24,gfs_seamless,h24,28.6,24
2025-03-24,cma_grapes_global,h24,23.6,24
2025-03-24,jma_seamless,h24,29.1,24
2025-03-24,knmi_seamless,h24,27.8,24
2025-03-24,jma_gsm,h24,29.1,24
2025-03-24,gfs_seamless,h0,28.4,24
2025-03-24,cma_grapes_global,h0,24.7,24
2025-03-24,jma_seamless,h0,29.1,24
2025-03-24,knmi_seamless,h0,27.8,24
2025-03-24,jma_gsm,h0,29.1,24
2025-03-25,gfs_seamless,h24,30.8,24
2025-03-25,cma_grapes_global,h24,25.2,24
2025-03-25,jma_seamless,h24,30.7,24
2025-03-25,knmi_seamless,h24,29.7,24
2025-03-25,jma_gsm,h24,30.7,24
2025-03-25,gfs_seamless,h0,31.4,24
2025-03-25,cma_grapes_global,h0,27.5,24
2025-03-25,jma_seamless,h0,31.3,24
2025-03-25,knmi_seamless,h0,30.0,24
2025-03-25,jma_gsm,h0,31.3,24
2025-03-26,icon_seamless,h24,34.3,24
2025-03-26,meteofrance_seamless,h24,35.4,24
2025-03-26,gem_seamless,h24,35.0,24
2025-03-26,ecmwf_ifs025,h24,32.9,24
2025-03-26,ecmwf_aifs025_single,h24,33.1,24
2025-03-26,icon_seamless,h0,34.1,24
2025-03-26,ukmo_seamless,h0,32.9,24
2025-03-26,meteofrance_seamless,h0,34.8,24
2025-03-26,gem_seamless,h0,35.1,24
2025-03-26,ecmwf_ifs025,h0,34.2,24
2025-03-26,ecmwf_aifs025_single,h0,34.0,24
2025-03-27,icon_seamless,h24,25.4,24
2025-03-27,meteofrance_seamless,h24,26.5,24
2025-03-27,gem_seamless,h24,19.0,24
2025-03-27,ecmwf_ifs025,h24,24.5,24
2025-03-27,ecmwf_aifs025_single,h24,24.3,24
2025-03-27,icon_seamless,h0,25.5,24
2025-03-27,ukmo_seamless,h0,24.0,24
2025-03-27,meteofrance_seamless,h0,25.6,24
2025-03-27,gem_seamless,h0,22.7,24
2025-03-27,ecmwf_ifs025,h0,22.4,24
2025-03-27,ecmwf_aifs025_single,h0,24.9,24
2025-03-28,icon_seamless,h24,11.9,24
2025-03-28,meteofrance_seamless,h24,14.9,24
2025-03-28,gem_seamless,h24,12.7,24
2025-03-28,ecmwf_ifs025,h24,13.2,24
2025-03-28,ecmwf_aifs025_single,h24,11.1,24
2025-03-28,icon_seamless,h0,11.9,24
2025-03-28,ukmo_seamless,h0,10.9,24
2025-03-28,meteofrance_seamless,h0,12.3,24
2025-03-28,gem_seamless,h0,12.3,24
2025-03-28,ecmwf_ifs025,h0,11.2,24
2025-03-28,ecmwf_aifs025_single,h0,11.6,24
2025-03-29,icon_seamless,h24,10.7,24
2025-03-29,meteofrance_seamless,h24,14.4,24
2025-03-29,gem_seamless,h24,12.8,24
2025-03-29,ecmwf_ifs025,h24,13.4,24
2025-03-29,ecmwf_aifs025_single,h24,10.9,24
2025-03-29,icon_seamless,h0,9.8,24
2025-03-29,ukmo_seamless,h0,10.7,24
2025-03-29,meteofrance_seamless,h0,11.5,24
2025-03-29,gem_seamless,h0,11.6,24
2025-03-29,ecmwf_ifs025,h0,9.1,24
2025-03-29,ecmwf_aifs025_single,h0,9.1,24
2025-03-30,icon_seamless,h24,14.3,24
2025-03-30,meteofrance_seamless,h24,14.7,24
2025-03-30,gem_seamless,h24,14.4,24
2025-03-30,ecmwf_ifs025,h24,15.5,24
2025-03-30,ecmwf_aifs025_single,h24,13.7,24
2025-03-30,icon_seamless,h0,13.8,24
2025-03-30,ukmo_seamless,h0,13.4,24
2025-03-30,meteofrance_seamless,h0,14.2,24
2025-03-30,gem_seamless,h0,14.2,24
2025-03-30,ecmwf_ifs025,h0,14.3,24
2025-03-30,ecmwf_aifs025_single,h0,13.4,24
2025-03-31,icon_seamless,h24,16.1,24
2025-03-31,meteofrance_seamless,h24,17.2,24
2025-03-31,gem_seamless,h24,16.7,24
2025-03-31,ecmwf_ifs025,h24,15.7,24
2025-03-31,ecmwf_aifs025_single,h24,15.4,24
2025-03-31,icon_seamless,h0,14.8,24
2025-03-31,ukmo_seamless,h0,15.1,24
2025-03-31,meteofrance_seamless,h0,16.4,24
2025-03-31,gem_seamless,h0,15.4,24
2025-03-31,ecmwf_ifs025,h0,16.4,24
2025-03-31,ecmwf_aifs025_single,h0,15.9,24
2025-04-01,icon_seamless,h24,19.8,24
2025-04-01,meteofrance_seamless,h24,22.3,24
2025-04-01,gem_seamless,h24,19.8,24
2025-04-01,ecmwf_ifs025,h24,21.0,24
2025-04-01,ecmwf_aifs025_single,h24,20.7,24
2025-04-01,icon_seamless,h0,20.4,24
2025-04-01,ukmo_seamless,h0,18.9,24
2025-04-01,meteofrance_seamless,h0,21.5,24
2025-04-01,gem_seamless,h0,21.1,24
2025-04-01,ecmwf_ifs025,h0,20.0,24
2025-04-01,ecmwf_aifs025_single,h0,20.1,24
2025-04-02,icon_seamless,h24,23.1,24
2025-04-02,meteofrance_seamless,h24,24.8,24
2025-04-02,gem_seamless,h24,24.2,24
2025-04-02,ecmwf_ifs025,h24,23.1,24
2025-04-02,ecmwf_aifs025_single,h24,23.4,24
2025-04-02,icon_seamless,h0,23.4,24
2025-04-02,ukmo_seamless,h0,22.2,24
2025-04-02,meteofrance_seamless,h0,24.4,24
2025-04-02,gem_seamless,h0,24.2,24
2025-04-02,ecmwf_ifs025,h0,23.5,24
2025-04-02,ecmwf_aifs025_single,h0,23.1,24
2025-04-03,icon_seamless,h24,25.3,24
2025-04-03,meteofrance_seamless,h24,26.6,24
2025-04-03,gem_seamless,h24,25.1,24
2025-04-03,ecmwf_ifs025,h24,24.7,24
2025-04-03,ecmwf_aifs025_single,h24,25.3,24
2025-04-03,icon_seamless,h0,25.3,24
2025-04-03,ukmo_seamless,h0,23.9,24
2025-04-03,meteofrance_seamless,h0,26.5,24
2025-04-03,gem_seamless,h0,25.4,24
2025-04-03,ecmwf_ifs025,h0,25.5,24
2025-04-03,ecmwf_aifs025_single,h0,25.4,24
2025-04-04,icon_seamless,h24,22.0,24
2025-04-04,meteofrance_seamless,h24,24.4,24
2025-04-04,gem_seamless,h24,23.0,24
2025-04-04,ecmwf_ifs025,h24,21.6,24
2025-04-04,ecmwf_aifs025_single,h24,21.7,24
2025-04-04,icon_seamless,h0,21.0,24
2025-04-04,ukmo_seamless,h0,22.4,24
2025-04-04,meteofrance_seamless,h0,24.5,24
2025-04-04,gem_seamless,h0,22.6,24
2025-04-04,ecmwf_ifs025,h0,20.4,24
2025-04-04,ecmwf_aifs025_single,h0,19.6,24
2025-04-05,icon_seamless,h24,23.6,24
2025-04-05,meteofrance_seamless,h24,24.7,24
2025-04-05,gem_seamless,h24,23.0,24
2025-04-05,ecmwf_ifs025,h24,23.7,24
2025-04-05,ecmwf_aifs025_single,h24,24.0,24
2025-04-05,icon_seamless,h0,25.0,24
2025-04-05,ukmo_seamless,h0,25.0,24
2025-04-05,meteofrance_seamless,h0,26.2,24
2025-04-05,gem_seamless,h0,24.9,24
2025-04-05,ecmwf_ifs025,h0,26.0,24
2025-04-05,ecmwf_aifs025_single,h0,25.8,24
2025-04-06,icon_seamless,h24,28.0,24
2025-04-06,meteofrance_seamless,h24,28.8,24
2025-04-06,gem_seamless,h24,26.4,24
2025-04-06,ecmwf_ifs025,h24,27.6,24
2025-04-06,ecmwf_aifs025_single,h24,28.1,24
2025-04-06,icon_seamless,h0,27.7,24
2025-04-06,ukmo_seamless,h0,26.4,24
2025-04-06,meteofrance_seamless,h0,28.6,24
2025-04-06,gem_seamless,h0,27.7,24
2025-04-06,ecmwf_ifs025,h0,27.7,24
2025-04-06,ecmwf_aifs025_single,h0,27.6,24
2025-04-06,ukmo_seamless,h24,18.5,2
2025-04-07,icon_seamless,h24,28.6,24
2025-04-07,ukmo_seamless,h24,27.1,24
2025-04-07,meteofrance_seamless,h24,29.7,24
2025-04-07,gem_seamless,h24,28.7,24
2025-04-07,ecmwf_ifs025,h24,29.1,24
2025-04-07,ecmwf_aifs025_single,h24,28.1,24
2025-04-07,icon_seamless,h0,27.9,24
2025-04-07,ukmo_seamless,h0,26.1,24
2025-04-07,meteofrance_seamless,h0,29.1,24
2025-04-07,gem_seamless,h0,27.6,24
2025-04-07,ecmwf_ifs025,h0,27.2,24
2025-04-07,ecmwf_aifs025_single,h0,27.0,24
2025-04-08,icon_seamless,h24,29.0,24
2025-04-08,ukmo_seamless,h24,27.7,24
2025-04-08,meteofrance_seamless,h24,30.3,24
2025-04-08,gem_seamless,h24,29.3,24
2025-04-08,ecmwf_ifs025,h24,30.3,24
2025-04-08,ecmwf_aifs025_single,h24,29.7,24
2025-04-08,icon_seamless,h0,29.3,24
2025-04-08,ukmo_seamless,h0,27.8,24
2025-04-08,meteofrance_seamless,h0,30.3,24
2025-04-08,gem_seamless,h0,30.2,24
2025-04-08,ecmwf_ifs025,h0,29.9,24
2025-04-08,ecmwf_aifs025_single,h0,29.4,24
2025-04-09,icon_seamless,h24,31.0,24
2025-04-09,ukmo_seamless,h24,29.5,24
2025-04-09,meteofrance_seamless,h24,32.2,24
2025-04-09,gem_seamless,h24,31.6,24
2025-04-09,ecmwf_ifs025,h24,31.2,24
2025-04-09,ecmwf_aifs025_single,h24,30.4,24
2025-04-09,icon_seamless,h0,31.0,24
2025-04-09,ukmo_seamless,h0,29.8,24
2025-04-09,meteofrance_seamless,h0,31.9,24
2025-04-09,gem_seamless,h0,31.5,24
2025-04-09,ecmwf_ifs025,h0,32.0,24
2025-04-09,ecmwf_aifs025_single,h0,31.2,24
2025-04-10,icon_seamless,h24,29.1,24
2025-04-10,ukmo_seamless,h24,26.5,24
2025-04-10,meteofrance_seamless,h24,30.4,24
2025-04-10,gem_seamless,h24,26.5,24
2025-04-10,ecmwf_ifs025,h24,30.2,24
2025-04-10,ecmwf_aifs025_single,h24,29.1,24
2025-04-10,icon_seamless,h0,29.3,24
2025-04-10,ukmo_seamless,h0,28.2,24
2025-04-10,meteofrance_seamless,h0,30.5,24
2025-04-10,gem_seamless,h0,30.3,24
2025-04-10,ecmwf_ifs025,h0,29.4,24
2025-04-10,ecmwf_aifs025_single,h0,28.4,24
2025-04-11,icon_seamless,h24,27.3,24
2025-04-11,ukmo_seamless,h24,27.3,24
2025-04-11,meteofrance_seamless,h24,31.6,24
2025-04-11,gem_seamless,h24,29.9,24
2025-04-11,ecmwf_ifs025,h24,27.0,24
2025-04-11,ecmwf_aifs025_single,h24,28.4,24
2025-04-11,icon_seamless,h0,28.3,24
2025-04-11,ukmo_seamless,h0,24.2,24
2025-04-11,meteofrance_seamless,h0,30.3,24
2025-04-11,gem_seamless,h0,28.9,24
2025-04-11,ecmwf_ifs025,h0,26.8,24
2025-04-11,ecmwf_aifs025_single,h0,22.2,24
2025-04-12,icon_seamless,h24,19.2,24
2025-04-12,ukmo_seamless,h24,18.5,24
2025-04-12,meteofrance_seamless,h24,20.1,24
2025-04-12,gem_seamless,h24,18.8,24
2025-04-12,ecmwf_ifs025,h24,22.1,24
2025-04-12,ecmwf_aifs025_single,h24,18.4,24
2025-04-12,icon_seamless,h0,18.8,24
2025-04-12,ukmo_seamless,h0,18.9,24
2025-04-12,meteofrance_seamless,h0,19.0,24
2025-04-12,gem_seamless,h0,18.9,24
2025-04-12,ecmwf_ifs025,h0,18.6,24
2025-04-12,ecmwf_aifs025_single,h0,18.1,24
2025-04-13,icon_seamless,h24,23.0,24
2025-04-13,ukmo_seamless,h24,23.7,24
2025-04-13,meteofrance_seamless,h24,22.1,24
2025-04-13,gem_seamless,h24,22.4,24
2025-04-13,ecmwf_ifs025,h24,22.7,24
2025-04-13,ecmwf_aifs025_single,h24,25.1,24
2025-04-13,icon_seamless,h0,24.0,24
2025-04-13,ukmo_seamless,h0,23.5,24
2025-04-13,meteofrance_seamless,h0,22.0,24
2025-04-13,gem_seamless,h0,23.7,24
2025-04-13,ecmwf_ifs025,h0,23.5,24
2025-04-13,ecmwf_aifs025_single,h0,24.0,24
2025-04-14,icon_seamless,h24,24.9,24
2025-04-14,ukmo_seamless,h24,25.4,24
2025-04-14,meteofrance_seamless,h24,26.2,24
2025-04-14,gem_seamless,h24,26.5,24
2025-04-14,ecmwf_ifs025,h24,24.2,24
2025-04-14,ecmwf_aifs025_single,h24,27.0,24
2025-04-14,icon_seamless,h0,27.6,24
2025-04-14,ukmo_seamless,h0,26.2,24
2025-04-14,meteofrance_seamless,h0,27.1,24
2025-04-14,gem_seamless,h0,27.2,24
2025-04-14,ecmwf_ifs025,h0,26.4,24
2025-04-14,ecmwf_aifs025_single,h0,26.8,24
2025-04-15,icon_seamless,h24,29.5,24
2025-04-15,ukmo_seamless,h24,28.3,24
2025-04-15,meteofrance_seamless,h24,29.4,24
2025-04-15,gem_seamless,h24,30.3,24
2025-04-15,ecmwf_ifs025,h24,27.9,24
2025-04-15,ecmwf_aifs025_single,h24,29.6,24
2025-04-15,icon_seamless,h0,29.5,24
2025-04-15,ukmo_seamless,h0,28.3,24
2025-04-15,meteofrance_seamless,h0,29.4,24
2025-04-15,gem_seamless,h0,30.9,24
2025-04-15,ecmwf_ifs025,h0,28.9,24
2025-04-15,ecmwf_aifs025_single,h0,29.0,24
2025-04-16,icon_seamless,h24,31.2,24
2025-04-16,ukmo_seamless,h24,28.2,24
2025-04-16,meteofrance_seamless,h24,29.2,24
2025-04-16,gem_seamless,h24,30.8,24
2025-04-16,ecmwf_ifs025,h24,28.0,24
2025-04-16,ecmwf_aifs025_single,h24,30.0,24
2025-04-16,icon_seamless,h0,29.8,24
2025-04-16,ukmo_seamless,h0,28.4,24
2025-04-16,meteofrance_seamless,h0,30.0,24
2025-04-16,gem_seamless,h0,29.9,24
2025-04-16,ecmwf_ifs025,h0,29.8,24
2025-04-16,ecmwf_aifs025_single,h0,29.2,24
2025-04-17,icon_seamless,h24,29.0,24
2025-04-17,ukmo_seamless,h24,28.6,24
2025-04-17,meteofrance_seamless,h24,28.5,24
2025-04-17,gem_seamless,h24,29.2,24
2025-04-17,ecmwf_ifs025,h24,28.2,24
2025-04-17,ecmwf_aifs025_single,h24,28.5,24
2025-04-17,icon_seamless,h0,29.2,24
2025-04-17,ukmo_seamless,h0,27.8,24
2025-04-17,meteofrance_seamless,h0,29.2,24
2025-04-17,gem_seamless,h0,29.4,24
2025-04-17,ecmwf_ifs025,h0,29.1,24
2025-04-17,ecmwf_aifs025_single,h0,28.8,24
2025-04-18,icon_seamless,h24,32.2,24
2025-04-18,ukmo_seamless,h24,31.2,24
2025-04-18,meteofrance_seamless,h24,32.7,24
2025-04-18,gem_seamless,h24,32.7,24
2025-04-18,ecmwf_ifs025,h24,33.0,24
2025-04-18,ecmwf_aifs025_single,h24,31.6,24
2025-04-18,icon_seamless,h0,31.6,24
2025-04-18,ukmo_seamless,h0,30.7,24
2025-04-18,meteofrance_seamless,h0,32.3,24
2025-04-18,gem_seamless,h0,32.2,24
2025-04-18,ecmwf_ifs025,h0,32.5,24
2025-04-18,ecmwf_aifs025_single,h0,32.4,24
2025-04-19,icon_seamless,h24,27.2,24
2025-04-19,ukmo_seamless,h24,28.1,24
2025-04-19,meteofrance_seamless,h24,30.6,24
2025-04-19,gem_seamless,h24,28.9,24
2025-04-19,ecmwf_ifs025,h24,27.9,24
2025-04-19,ecmwf_aifs025_single,h24,25.6,24
2025-04-19,icon_seamless,h0,25.3,24
2025-04-19,ukmo_seamless,h0,24.3,24
2025-04-19,meteofrance_seamless,h0,28.1,24
2025-04-19,gem_seamless,h0,27.7,24
2025-04-19,ecmwf_ifs025,h0,25.4,24
2025-04-19,ecmwf_aifs025_single,h0,25.4,24
2025-04-20,icon_seamless,h24,30.4,24
2025-04-20,ukmo_seamless,h24,29.2,24
2025-04-20,meteofrance_seamless,h24,31.3,24
2025-04-20,gem_seamless,h24,29.9,24
2025-04-20,ecmwf_ifs025,h24,30.5,24
2025-04-20,ecmwf_aifs025_single,h24,28.8,24
2025-04-20,icon_seamless,h0,29.4,24
2025-04-20,ukmo_seamless,h0,28.9,24
2025-04-20,meteofrance_seamless,h0,31.0,24
2025-04-20,gem_seamless,h0,29.3,24
2025-04-20,ecmwf_ifs025,h0,29.5,24
2025-04-20,ecmwf_aifs025_single,h0,29.5,24
2025-04-21,icon_seamless,h24,24.6,24
2025-04-21,ukmo_seamless,h24,26.4,24
2025-04-21,meteofrance_seamless,h24,26.9,24
2025-04-21,gem_seamless,h24,24.8,24
2025-04-21,ecmwf_ifs025,h24,25.1,24
2025-04-21,ecmwf_aifs025_single,h24,24.4,24
2025-04-21,icon_seamless,h0,24.2,24
2025-04-21,ukmo_seamless,h0,23.7,24
2025-04-21,meteofrance_seamless,h0,26.1,24
2025-04-21,gem_seamless,h0,24.7,24
2025-04-21,ecmwf_ifs025,h0,25.1,24
2025-04-21,ecmwf_aifs025_single,h0,24.9,24
2025-04-22,icon_seamless,h24,24.3,24
2025-04-22,ukmo_seamless,h24,24.9,24
2025-04-22,meteofrance_seamless,h24,23.7,24
2025-04-22,gem_seamless,h24,21.4,24
2025-04-22,ecmwf_ifs025,h24,24.2,24
2025-04-22,ecmwf_aifs025_single,h24,23.2,24
2025-04-22,icon_seamless,h0,22.5,24
2025-04-22,ukmo_seamless,h0,21.7,24
2025-04-22,meteofrance_seamless,h0,23.1,24
2025-04-22,gem_seamless,h0,22.5,24
2025-04-22,ecmwf_ifs025,h0,22.9,24
2025-04-22,ecmwf_aifs025_single,h0,22.1,24
2025-04-23,icon_seamless,h24,25.3,24
2025-04-23,ukmo_seamless,h24,26.1,24
2025-04-23,meteofrance_seamless,h24,25.3,24
2025-04-23,gem_seamless,h24,25.1,24
2025-04-23,ecmwf_ifs025,h24,26.7,24
2025-04-23,ecmwf_aifs025_single,h24,26.5,24
2025-04-23,icon_seamless,h0,25.1,24
2025-04-23,ukmo_seamless,h0,25.0,24
2025-04-23,meteofrance_seamless,h0,25.4,24
2025-04-23,gem_seamless,h0,25.2,24
2025-04-23,ecmwf_ifs025,h0,25.4,24
2025-04-23,ecmwf_aifs025_single,h0,25.3,24
2025-04-24,icon_seamless,h24,21.1,24
2025-04-24,ukmo_seamless,h24,22.1,24
2025-04-24,meteofrance_seamless,h24,22.8,24
2025-04-24,gem_seamless,h24,22.1,24
2025-04-24,ecmwf_ifs025,h24,21.2,24
2025-04-24,ecmwf_aifs025_single,h24,20.6,24
2025-04-24,icon_seamless,h0,20.6,24
2025-04-24,ukmo_seamless,h0,22.4,24
2025-04-24,meteofrance_seamless,h0,23.0,24
2025-04-24,gem_seamless,h0,22.6,24
2025-04-24,ecmwf_ifs025,h0,21.2,24
2025-04-24,ecmwf_aifs025_single,h0,21.1,24
2025-04-25,icon_seamless,h24,25.7,24
2025-04-25,ukmo_seamless,h24,25.4,24
2025-04-25,meteofrance_seamless,h24,25.3,24
2025-04-25,gem_seamless,h24,24.9,24
2025-04-25,ecmwf_ifs025,h24,25.8,24
2025-04-25,ecmwf_aifs025_single,h24,25.6,24
2025-04-25,icon_seamless,h0,25.6,24
2025-04-25,ukmo_seamless,h0,25.0,24
2025-04-25,meteofrance_seamless,h0,26.2,24
2025-04-25,gem_seamless,h0,25.9,24
2025-04-25,ecmwf_ifs025,h0,25.8,24
2025-04-25,ecmwf_aifs025_single,h0,25.9,24
2025-04-26,icon_seamless,h24,25.9,24
2025-04-26,ukmo_seamless,h24,25.3,24
2025-04-26,meteofrance_seamless,h24,25.0,24
2025-04-26,gem_seamless,h24,24.2,24
2025-04-26,ecmwf_ifs025,h24,24.9,24
2025-04-26,ecmwf_aifs025_single,h24,26.1,24
2025-04-26,icon_seamless,h0,26.7,24
2025-04-26,ukmo_seamless,h0,25.7,24
2025-04-26,meteofrance_seamless,h0,26.2,24
2025-04-26,gem_seamless,h0,25.8,24
2025-04-26,ecmwf_ifs025,h0,26.4,24
2025-04-26,ecmwf_aifs025_single,h0,26.9,24
2025-04-27,icon_seamless,h24,25.8,24
2025-04-27,ukmo_seamless,h24,26.9,24
2025-04-27,meteofrance_seamless,h24,27.2,24
2025-04-27,gem_seamless,h24,24.1,24
2025-04-27,ecmwf_ifs025,h24,27.2,24
2025-04-27,ecmwf_aifs025_single,h24,25.7,24
2025-04-27,icon_seamless,h0,24.5,24
2025-04-27,ukmo_seamless,h0,25.9,24
2025-04-27,meteofrance_seamless,h0,25.9,24
2025-04-27,gem_seamless,h0,28.5,24
2025-04-27,ecmwf_ifs025,h0,25.4,24
2025-04-27,ecmwf_aifs025_single,h0,24.4,24
2025-04-28,icon_seamless,h24,28.4,24
2025-04-28,ukmo_seamless,h24,27.8,24
2025-04-28,meteofrance_seamless,h24,28.4,24
2025-04-28,gem_seamless,h24,29.2,24
2025-04-28,ecmwf_ifs025,h24,27.2,24
2025-04-28,ecmwf_aifs025_single,h24,27.9,24
2025-04-28,icon_seamless,h0,27.8,24
2025-04-28,ukmo_seamless,h0,27.5,24
2025-04-28,meteofrance_seamless,h0,28.5,24
2025-04-28,gem_seamless,h0,27.9,24
2025-04-28,ecmwf_ifs025,h0,27.8,24
2025-04-28,ecmwf_aifs025_single,h0,27.8,24
2025-04-29,icon_seamless,h24,27.6,24
2025-04-29,ukmo_seamless,h24,27.5,24
2025-04-29,meteofrance_seamless,h24,28.4,24
2025-04-29,gem_seamless,h24,28.1,24
2025-04-29,ecmwf_ifs025,h24,26.7,24
2025-04-29,ecmwf_aifs025_single,h24,27.8,24
2025-04-29,icon_seamless,h0,28.9,24
2025-04-29,ukmo_seamless,h0,28.1,24
2025-04-29,meteofrance_seamless,h0,29.3,24
2025-04-29,gem_seamless,h0,30.5,24
2025-04-29,ecmwf_ifs025,h0,29.7,24
2025-04-29,ecmwf_aifs025_single,h0,29.9,24
2025-04-30,icon_seamless,h24,26.0,24
2025-04-30,ukmo_seamless,h24,28.1,24
2025-04-30,meteofrance_seamless,h24,28.1,24
2025-04-30,gem_seamless,h24,27.5,24
2025-04-30,ecmwf_ifs025,h24,27.2,24
2025-04-30,ecmwf_aifs025_single,h24,26.6,24
2025-04-30,icon_seamless,h0,25.1,24
2025-04-30,ukmo_seamless,h0,25.6,24
2025-04-30,meteofrance_seamless,h0,26.8,24
2025-04-30,gem_seamless,h0,27.7,24
2025-04-30,ecmwf_ifs025,h0,27.0,24
2025-04-30,ecmwf_aifs025_single,h0,26.1,24
2025-05-01,icon_seamless,h24,31.6,24
2025-05-01,ukmo_seamless,h24,21.3,1
2025-05-01,meteofrance_seamless,h24,32.1,24
2025-05-01,gem_seamless,h24,32.1,24
2025-05-01,ecmwf_ifs025,h24,31.2,24
2025-05-01,ecmwf_aifs025_single,h24,30.7,24
2025-05-01,icon_seamless,h0,31.5,24
2025-05-01,ukmo_seamless,h0,31.0,24
2025-05-01,meteofrance_seamless,h0,32.6,24
2025-05-01,gem_seamless,h0,31.4,24
2025-05-01,ecmwf_ifs025,h0,31.4,24
2025-05-01,ecmwf_aifs025_single,h0,31.0,24
2025-05-02,icon_seamless,h24,33.3,24
2025-05-02,meteofrance_seamless,h24,33.5,24
2025-05-02,gem_seamless,h24,32.3,24
2025-05-02,ecmwf_ifs025,h24,33.2,24
2025-05-02,ecmwf_aifs025_single,h24,33.6,24
2025-05-02,icon_seamless,h0,32.9,24
2025-05-02,ukmo_seamless,h0,31.6,24
2025-05-02,meteofrance_seamless,h0,33.6,24
2025-05-02,gem_seamless,h0,32.9,24
2025-05-02,ecmwf_ifs025,h0,33.2,24
2025-05-02,ecmwf_aifs025_single,h0,33.7,24
2025-05-03,icon_seamless,h24,28.2,24
2025-05-03,meteofrance_seamless,h24,29.8,24
2025-05-03,gem_seamless,h24,28.3,24
2025-05-03,ecmwf_ifs025,h24,28.2,24
2025-05-03,ecmwf_aifs025_single,h24,27.1,24
2025-05-03,icon_seamless,h0,27.3,24
2025-05-03,ukmo_seamless,h0,27.1,24
2025-05-03,meteofrance_seamless,h0,29.8,24
2025-05-03,gem_seamless,h0,28.5,24
2025-05-03,ecmwf_ifs025,h0,27.7,24
2025-05-03,ecmwf_aifs025_single,h0,27.4,24
2025-05-04,icon_seamless,h24,26.0,24
2025-05-04,meteofrance_seamless,h24,29.5,24
2025-05-04,gem_seamless,h24,30.1,24
2025-05-04,ecmwf_ifs025,h24,29.4,24
2025-05-04,ecmwf_aifs025_single,h24,25.4,24
2025-05-04,icon_seamless,h0,27.6,24
2025-05-04,ukmo_seamless,h0,26.9,24
2025-05-04,meteofrance_seamless,h0,29.0,24
2025-05-04,gem_seamless,h0,28.9,24
2025-05-04,ecmwf_ifs025,h0,28.7,24
2025-05-04,ecmwf_aifs025_single,h0,26.9,24
2025-05-05,icon_seamless,h24,28.0,24
2025-05-05,meteofrance_seamless,h24,27.3,24
2025-05-05,gem_seamless,h24,26.1,24
2025-05-05,ecmwf_ifs025,h24,27.8,24
2025-05-05,ecmwf_aifs025_single,h24,25.8,24
2025-05-05,icon_seamless,h0,26.0,24
2025-05-05,ukmo_seamless,h0,26.2,24
2025-05-05,meteofrance_seamless,h0,26.3,24
2025-05-05,gem_seamless,h0,25.0,24
2025-05-05,ecmwf_ifs025,h0,26.3,24
2025-05-05,ecmwf_aifs025_single,h0,26.0,24
2025-05-06,icon_seamless,h24,25.6,24
2025-05-06,meteofrance_seamless,h24,25.4,24
2025-05-06,gem_seamless,h24,24.5,24
2025-05-06,ecmwf_ifs025,h24,26.1,24
2025-05-06,ecmwf_aifs025_single,h24,27.5,24
2025-05-06,icon_seamless,h0,26.2,24
2025-05-06,ukmo_seamless,h0,25.7,24
2025-05-06,meteofrance_seamless,h0,26.1,24
2025-05-06,gem_seamless,h0,25.4,24
2025-05-06,ecmwf_ifs025,h0,27.1,24
2025-05-06,ecmwf_aifs025_single,h0,27.3,24
2025-05-07,icon_seamless,h24,30.2,24
2025-05-07,meteofrance_seamless,h24,29.1,24
2025-05-07,gem_seamless,h24,26.9,24
2025-05-07,ecmwf_ifs025,h24,31.5,24
2025-05-07,ecmwf_aifs025_single,h24,30.9,24
2025-05-07,icon_seamless,h0,30.3,24
2025-05-07,ukmo_seamless,h0,28.6,24
2025-05-07,meteofrance_seamless,h0,29.6,24
2025-05-07,gem_seamless,h0,30.6,24
2025-05-07,ecmwf_ifs025,h0,31.2,24
2025-05-07,ecmwf_aifs025_single,h0,30.6,24
2025-05-08,icon_seamless,h24,24.0,24
2025-05-08,meteofrance_seamless,h24,23.8,24
2025-05-08,gem_seamless,h24,23.2,24
2025-05-08,ecmwf_ifs025,h24,23.3,24
2025-05-08,ecmwf_aifs025_single,h24,23.4,24
2025-05-08,icon_seamless,h0,22.9,24
2025-05-08,ukmo_seamless,h0,22.3,24
2025-05-08,meteofrance_seamless,h0,24.4,24
2025-05-08,gem_seamless,h0,24.8,24
2025-05-08,ecmwf_ifs025,h0,24.1,24
2025-05-08,ecmwf_aifs025_single,h0,25.0,24
2025-05-09,icon_seamless,h24,28.0,24
2025-05-09,meteofrance_seamless,h24,27.1,24
2025-05-09,gem_seamless,h24,26.2,24
2025-05-09,ecmwf_ifs025,h24,27.2,24
2025-05-09,ecmwf_aifs025_single,h24,26.7,24
2025-05-09,icon_seamless,h0,27.0,24
2025-05-09,ukmo_seamless,h0,27.2,24
2025-05-09,meteofrance_seamless,h0,26.1,24
2025-05-09,gem_seamless,h0,26.3,24
2025-05-09,ecmwf_ifs025,h0,26.7,24
2025-05-09,ecmwf_aifs025_single,h0,26.8,24
2025-05-09,ukmo_seamless,h24,26.8,22
2025-05-10,icon_seamless,h24,20.2,24
2025-05-10,ukmo_seamless,h24,20.7,24
2025-05-10,meteofrance_seamless,h24,21.6,24
2025-05-10,gem_seamless,h24,22.9,24
2025-05-10,ecmwf_ifs025,h24,22.5,24
2025-05-10,ecmwf_aifs025_single,h24,20.6,24
2025-05-10,icon_seamless,h0,21.4,24
2025-05-10,ukmo_seamless,h0,21.3,24
2025-05-10,meteofrance_seamless,h0,21.6,24
2025-05-10,gem_seamless,h0,22.8,24
2025-05-10,ecmwf_ifs025,h0,20.6,24
2025-05-10,ecmwf_aifs025_single,h0,21.2,24
2025-05-11,icon_seamless,h24,26.8,24
2025-05-11,ukmo_seamless,h24,27.5,24
2025-05-11,meteofrance_seamless,h24,27.0,24
2025-05-11,gem_seamless,h24,28.9,24
2025-05-11,ecmwf_ifs025,h24,27.1,24
2025-05-11,ecmwf_aifs025_single,h24,26.8,24
2025-05-11,icon_seamless,h0,27.3,24
2025-05-11,ukmo_seamless,h0,27.5,24
2025-05-11,meteofrance_seamless,h0,26.7,24
2025-05-11,gem_seamless,h0,28.4,24
2025-05-11,ecmwf_ifs025,h0,27.0,24
2025-05-11,ecmwf_aifs025_single,h0,27.5,24
2025-05-12,icon_seamless,h24,28.7,24
2025-05-12,ukmo_seamless,h24,28.8,24
2025-05-12,meteofrance_seamless,h24,27.6,24
2025-05-12,gem_seamless,h24,29.4,24
2025-05-12,ecmwf_ifs025,h24,28.2,24
2025-05-12,ecmwf_aifs025_single,h24,29.2,24
2025-05-12,icon_seamless,h0,28.6,24
2025-05-12,ukmo_seamless,h0,28.8,24
2025-05-12,meteofrance_seamless,h0,28.6,24
2025-05-12,gem_seamless,h0,29.6,24
2025-05-12,ecmwf_ifs025,h0,28.4,24
2025-05-12,ecmwf_aifs025_single,h0,29.0,24
2025-05-13,icon_seamless,h24,31.5,24
2025-05-13,ukmo_seamless,h24,31.0,24
2025-05-13,meteofrance_seamless,h24,30.9,24
2025-05-13,gem_seamless,h24,31.9,24
2025-05-13,ecmwf_ifs025,h24,30.4,24
2025-05-13,ecmwf_aifs025_single,h24,31.2,24
2025-05-13,icon_seamless,h0,31.2,24
2025-05-13,ukmo_seamless,h0,31.2,24
2025-05-13,meteofrance_seamless,h0,31.1,24
2025-05-13,gem_seamless,h0,33.3,24
2025-05-13,ecmwf_ifs025,h0,31.0,24
2025-05-13,ecmwf_aifs025_single,h0,31.2,24
2025-05-14,icon_seamless,h24,27.0,24
2025-05-14,ukmo_seamless,h24,29.0,24
2025-05-14,meteofrance_seamless,h24,27.4,24
2025-05-14,gem_seamless,h24,29.5,24
2025-05-14,ecmwf_ifs025,h24,25.7,24
2025-05-14,ecmwf_aifs025_single,h24,26.7,24
2025-05-14,icon_seamless,h0,29.0,24
2025-05-14,ukmo_seamless,h0,28.1,24
2025-05-14,meteofrance_seamless,h0,28.7,24
2025-05-14,gem_seamless,h0,30.2,24
2025-05-14,ecmwf_ifs025,h0,29.0,24
2025-05-14,ecmwf_aifs025_single,h0,27.1,24
2025-05-15,icon_seamless,h24,22.5,24
2025-05-15,ukmo_seamless,h24,25.4,24
2025-05-15,meteofrance_seamless,h24,23.6,24
2025-05-15,gem_seamless,h24,20.8,24
2025-05-15,ecmwf_ifs025,h24,26.5,24
2025-05-15,ecmwf_aifs025_single,h24,23.9,24
2025-05-15,icon_seamless,h0,21.5,24
2025-05-15,ukmo_seamless,h0,25.3,24
2025-05-15,meteofrance_seamless,h0,22.3,24
2025-05-15,gem_seamless,h0,22.2,24
2025-05-15,ecmwf_ifs025,h0,22.2,24
2025-05-15,ecmwf_aifs025_single,h0,21.5,24
2025-05-16,icon_seamless,h24,27.0,24
2025-05-16,ukmo_seamless,h24,27.7,24
2025-05-16,meteofrance_seamless,h24,27.3,24
2025-05-16,gem_seamless,h24,27.7,24
2025-05-16,ecmwf_ifs025,h24,28.5,24
2025-05-16,ecmwf_aifs025_single,h24,27.2,24
2025-05-16,icon_seamless,h0,28.2,24
2025-05-16,ukmo_seamless,h0,27.4,24
2025-05-16,meteofrance_seamless,h0,27.6,24
2025-05-16,gem_seamless,h0,28.6,24
2025-05-16,ecmwf_ifs025,h0,28.2,24
2025-05-16,ecmwf_aifs025_single,h0,28.1,24
2025-05-17,icon_seamless,h24,30.0,24
2025-05-17,ukmo_seamless,h24,22.9,3
2025-05-17,meteofrance_seamless,h24,29.4,24
2025-05-17,gem_seamless,h24,29.6,24
2025-05-17,ecmwf_ifs025,h24,30.7,24
2025-05-17,ecmwf_aifs025_single,h24,29.5,24
2025-05-17,icon_seamless,h0,30.4,24
2025-05-17,ukmo_seamless,h0,30.0,24
2025-05-17,meteofrance_seamless,h0,31.3,24
2025-05-17,gem_seamless,h0,29.7,24
2025-05-17,ecmwf_ifs025,h0,30.7,24
2025-05-17,ecmwf_aifs025_single,h0,30.6,24
2025-05-18,icon_seamless,h24,27.5,24
2025-05-18,meteofrance_seamless,h24,28.8,24
2025-05-18,gem_seamless,h24,25.6,24
2025-05-18,ecmwf_ifs025,h24,28.0,24
2025-05-18,ecmwf_aifs025_single,h24,28.3,24
2025-05-18,icon_seamless,h0,29.4,24
2025-05-18,ukmo_seamless,h0,29.1,24
2025-05-18,meteofrance_seamless,h0,27.6,24
2025-05-18,gem_seamless,h0,29.2,24
2025-05-18,ecmwf_ifs025,h0,27.6,24
2025-05-18,ecmwf_aifs025_single,h0,27.4,24
2025-05-19,icon_seamless,h24,31.7,24
2025-05-19,meteofrance_seamless,h24,32.3,24
2025-05-19,gem_seamless,h24,31.4,24
2025-05-19,ecmwf_ifs025,h24,32.0,24
2025-05-19,ecmwf_aifs025_single,h24,32.0,24
2025-05-19,icon_seamless,h0,32.3,24
2025-05-19,ukmo_seamless,h0,32.2,24
2025-05-19,meteofrance_seamless,h0,33.2,24
2025-05-19,gem_seamless,h0,32.6,24
2025-05-19,ecmwf_ifs025,h0,31.7,24
2025-05-19,ecmwf_aifs025_single,h0,31.9,24
2025-05-20,icon_seamless,h24,32.6,24
2025-05-20,meteofrance_seamless,h24,33.8,24
2025-05-20,gem_seamless,h24,32.6,24
2025-05-20,ecmwf_ifs025,h24,31.6,24
2025-05-20,ecmwf_aifs025_single,h24,31.4,24
2025-05-20,icon_seamless,h0,32.2,24
2025-05-20,ukmo_seamless,h0,32.5,24
2025-05-20,meteofrance_seamless,h0,32.2,24
2025-05-20,gem_seamless,h0,33.7,24
2025-05-20,ecmwf_ifs025,h0,31.3,24
2025-05-20,ecmwf_aifs025_single,h0,32.1,24
2025-05-21,icon_seamless,h24,35.0,24
2025-05-21,meteofrance_seamless,h24,33.4,24
2025-05-21,gem_seamless,h24,32.4,24
2025-05-21,ecmwf_ifs025,h24,33.9,24
2025-05-21,ecmwf_aifs025_single,h24,33.8,24
2025-05-21,icon_seamless,h0,34.4,24
2025-05-21,ukmo_seamless,h0,33.9,24
2025-05-21,meteofrance_seamless,h0,33.5,24
2025-05-21,gem_seamless,h0,35.1,24
2025-05-21,ecmwf_ifs025,h0,33.1,24
2025-05-21,ecmwf_aifs025_single,h0,33.6,24
2025-05-22,icon_seamless,h24,28.7,24
2025-05-22,meteofrance_seamless,h24,28.4,24
2025-05-22,gem_seamless,h24,26.3,24
2025-05-22,ecmwf_ifs025,h24,29.5,24
2025-05-22,ecmwf_aifs025_single,h24,27.8,24
2025-05-22,icon_seamless,h0,28.1,24
2025-05-22,ukmo_seamless,h0,28.3,24
2025-05-22,meteofrance_seamless,h0,29.2,24
2025-05-22,gem_seamless,h0,28.8,24
2025-05-22,ecmwf_ifs025,h0,27.2,24
2025-05-22,ecmwf_aifs025_single,h0,28.7,24
2025-05-23,icon_seamless,h24,24.9,24
2025-05-23,meteofrance_seamless,h24,23.6,24
2025-05-23,gem_seamless,h24,23.7,24
2025-05-23,ecmwf_ifs025,h24,24.2,24
2025-05-23,ecmwf_aifs025_single,h24,22.9,24
2025-05-23,icon_seamless,h0,22.8,24
2025-05-23,ukmo_seamless,h0,24.7,24
2025-05-23,meteofrance_seamless,h0,22.8,24
2025-05-23,gem_seamless,h0,23.0,24
2025-05-23,ecmwf_ifs025,h0,22.1,24
2025-05-23,ecmwf_aifs025_single,h0,21.1,24
2025-05-24,icon_seamless,h24,23.8,24
2025-05-24,meteofrance_seamless,h24,24.6,24
2025-05-24,gem_seamless,h24,24.2,24
2025-05-24,ecmwf_ifs025,h24,25.4,24
2025-05-24,ecmwf_aifs025_single,h24,25.3,24
2025-05-24,icon_seamless,h0,24.7,24
2025-05-24,ukmo_seamless,h0,25.3,24
2025-05-24,meteofrance_seamless,h0,25.1,24
2025-05-24,gem_seamless,h0,25.1,24
2025-05-24,ecmwf_ifs025,h0,25.3,24
2025-05-24,ecmwf_aifs025_single,h0,25.7,24
2025-05-25,icon_seamless,h24,25.7,24
2025-05-25,meteofrance_seamless,h24,25.8,24
2025-05-25,gem_seamless,h24,26.0,24
2025-05-25,ecmwf_ifs025,h24,25.9,24
2025-05-25,ecmwf_aifs025_single,h24,26.6,24
2025-05-25,icon_seamless,h0,25.9,24
2025-05-25,ukmo_seamless,h0,25.8,24
2025-05-25,meteofrance_seamless,h0,26.1,24
2025-05-25,gem_seamless,h0,26.6,24
2025-05-25,ecmwf_ifs025,h0,25.8,24
2025-05-25,ecmwf_aifs025_single,h0,26.1,24
2025-05-26,icon_seamless,h24,28.1,24
2025-05-26,meteofrance_seamless,h24,26.0,24
2025-05-26,gem_seamless,h24,27.0,24
2025-05-26,ecmwf_ifs025,h24,27.2,24
2025-05-26,ecmwf_aifs025_single,h24,27.9,24
2025-05-26,icon_seamless,h0,27.2,24
2025-05-26,ukmo_seamless,h0,27.2,24
2025-05-26,meteofrance_seamless,h0,26.5,24
2025-05-26,gem_seamless,h0,26.4,24
2025-05-26,ecmwf_ifs025,h0,27.6,24
2025-05-26,ecmwf_aifs025_single,h0,28.2,24
2025-05-27,icon_seamless,h24,28.7,24
2025-05-27,meteofrance_seamless,h24,29.2,24
2025-05-27,gem_seamless,h24,29.2,24
2025-05-27,ecmwf_ifs025,h24,29.0,24
2025-05-27,ecmwf_aifs025_single,h24,28.5,24
2025-05-27,icon_seamless,h0,28.7,24
2025-05-27,ukmo_seamless,h0,28.8,24
2025-05-27,meteofrance_seamless,h0,29.4,24
2025-05-27,gem_seamless,h0,28.8,24
2025-05-27,ecmwf_ifs025,h0,28.9,24
2025-05-27,ecmwf_aifs025_single,h0,29.2,24
2025-05-28,icon_seamless,h24,24.1,24
2025-05-28,meteofrance_seamless,h24,26.1,24
2025-05-28,gem_seamless,h24,25.0,24
2025-05-28,ecmwf_ifs025,h24,25.4,24
2025-05-28,ecmwf_aifs025_single,h24,25.4,24
2025-05-28,icon_seamless,h0,24.1,24
2025-05-28,ukmo_seamless,h0,24.9,24
2025-05-28,meteofrance_seamless,h0,24.8,24
2025-05-28,gem_seamless,h0,24.6,24
2025-05-28,ecmwf_ifs025,h0,24.5,24
2025-05-28,ecmwf_aifs025_single,h0,24.1,24
2025-05-29,icon_seamless,h24,28.6,24
2025-05-29,meteofrance_seamless,h24,29.1,24
2025-05-29,gem_seamless,h24,28.8,24
2025-05-29,ecmwf_ifs025,h24,28.5,24
2025-05-29,ecmwf_aifs025_single,h24,28.8,24
2025-05-29,icon_seamless,h0,28.4,24
2025-05-29,ukmo_seamless,h0,27.9,24
2025-05-29,meteofrance_seamless,h0,29.8,24
2025-05-29,gem_seamless,h0,29.1,24
2025-05-29,ecmwf_ifs025,h0,28.3,24
2025-05-29,ecmwf_aifs025_single,h0,28.8,24
2025-05-30,icon_seamless,h24,30.0,24
2025-05-30,meteofrance_seamless,h24,31.1,24
2025-05-30,gem_seamless,h24,30.2,24
2025-05-30,ecmwf_ifs025,h24,29.6,24
2025-05-30,ecmwf_aifs025_single,h24,29.6,24
2025-05-30,icon_seamless,h0,29.3,24
2025-05-30,ukmo_seamless,h0,29.6,24
2025-05-30,meteofrance_seamless,h0,30.7,24
2025-05-30,gem_seamless,h0,29.7,24
2025-05-30,ecmwf_ifs025,h0,29.6,24
2025-05-30,ecmwf_aifs025_single,h0,29.4,24
2025-05-31,icon_seamless,h24,24.2,24
2025-05-31,meteofrance_seamless,h24,25.6,24
2025-05-31,gem_seamless,h24,26.5,24
2025-05-31,ecmwf_ifs025,h24,23.6,24
2025-05-31,ecmwf_aifs025_single,h24,24.6,24
2025-05-31,icon_seamless,h0,24.0,24
2025-05-31,ukmo_seamless,h0,23.7,24
2025-05-31,meteofrance_seamless,h0,25.3,24
2025-05-31,gem_seamless,h0,24.6,24
2025-05-31,ecmwf_ifs025,h0,24.0,24
2025-05-31,ecmwf_aifs025_single,h0,25.1,24
2025-06-01,icon_seamless,h24,20.9,24
2025-06-01,meteofrance_seamless,h24,21.6,24
2025-06-01,gem_seamless,h24,22.5,24
2025-06-01,ecmwf_ifs025,h24,22.7,24
2025-06-01,ecmwf_aifs025_single,h24,20.7,24
2025-06-01,icon_seamless,h0,20.9,24
2025-06-01,ukmo_seamless,h0,21.4,24
2025-06-01,meteofrance_seamless,h0,20.7,24
2025-06-01,gem_seamless,h0,21.4,24
2025-06-01,ecmwf_ifs025,h0,22.1,24
2025-06-01,ecmwf_aifs025_single,h0,20.9,24
2025-06-02,icon_seamless,h24,22.9,24
2025-06-02,meteofrance_seamless,h24,22.7,24
2025-06-02,gem_seamless,h24,23.4,24
2025-06-02,ecmwf_ifs025,h24,25.0,24
2025-06-02,ecmwf_aifs025_single,h24,21.7,24
2025-06-02,icon_seamless,h0,23.7,24
2025-06-02,ukmo_seamless,h0,25.7,24
2025-06-02,meteofrance_seamless,h0,22.7,24
2025-06-02,gem_seamless,h0,24.0,24
2025-06-02,ecmwf_ifs025,h0,24.7,24
2025-06-02,ecmwf_aifs025_single,h0,24.3,24
2025-06-02,ukmo_seamless,h24,25.8,19
2025-06-03,icon_seamless,h24,27.6,24
2025-06-03,ukmo_seamless,h24,28.9,24
2025-06-03,meteofrance_seamless,h24,25.6,24
2025-06-03,gem_seamless,h24,28.9,24
2025-06-03,ecmwf_ifs025,h24,28.9,24
2025-06-03,ecmwf_aifs025_single,h24,28.6,24
2025-06-03,icon_seamless,h0,28.1,24
2025-06-03,ukmo_seamless,h0,27.9,24
2025-06-03,meteofrance_seamless,h0,26.3,24
2025-06-03,gem_seamless,h0,28.4,24
2025-06-03,ecmwf_ifs025,h0,27.5,24
2025-06-03,ecmwf_aifs025_single,h0,27.2,24
2025-06-04,icon_seamless,h24,29.1,24
2025-06-04,ukmo_seamless,h24,30.0,24
2025-06-04,meteofrance_seamless,h24,26.9,24
2025-06-04,gem_seamless,h24,29.9,24
2025-06-04,ecmwf_ifs025,h24,28.8,24
2025-06-04,ecmwf_aifs025_single,h24,30.0,24
2025-06-04,icon_seamless,h0,30.1,24
2025-06-04,ukmo_seamless,h0,29.1,24
2025-06-04,meteofrance_seamless,h0,27.9,24
2025-06-04,gem_seamless,h0,29.4,24
2025-06-04,ecmwf_ifs025,h0,29.3,24
2025-06-04,ecmwf_aifs025_single,h0,29.2,24
2025-06-05,icon_seamless,h24,32.4,24
2025-06-05,ukmo_seamless,h24,31.9,24
2025-06-05,meteofrance_seamless,h24,29.3,24
2025-06-05,gem_seamless,h24,31.5,24
2025-06-05,ecmwf_ifs025,h24,31.5,24
2025-06-05,ecmwf_aifs025_single,h24,32.3,24
2025-06-05,icon_seamless,h0,32.4,24
2025-06-05,ukmo_seamless,h0,32.1,24
2025-06-05,meteofrance_seamless,h0,31.9,24
2025-06-05,gem_seamless,h0,32.2,24
2025-06-05,ecmwf_ifs025,h0,31.6,24
2025-06-05,ecmwf_aifs025_single,h0,32.2,24
2025-06-06,icon_seamless,h24,35.2,24
2025-06-06,ukmo_seamless,h24,33.5,24
2025-06-06,meteofrance_seamless,h24,31.4,24
2025-06-06,gem_seamless,h24,35.2,24
2025-06-06,ecmwf_ifs025,h24,30.7,24
2025-06-06,ecmwf_aifs025_single,h24,32.3,24
2025-06-06,icon_seamless,h0,33.6,24
2025-06-06,ukmo_seamless,h0,32.7,24
2025-06-06,meteofrance_seamless,h0,32.1,24
2025-06-06,gem_seamless,h0,34.3,24
2025-06-06,ecmwf_ifs025,h0,33.0,24
2025-06-06,ecmwf_aifs025_single,h0,33.3,24
2025-06-07,icon_seamless,h24,28.1,24
2025-06-07,ukmo_seamless,h24,29.8,24
2025-06-07,meteofrance_seamless,h24,30.0,24
2025-06-07,gem_seamless,h24,27.4,24
2025-06-07,ecmwf_ifs025,h24,29.3,24
2025-06-07,ecmwf_aifs025_single,h24,27.3,24
2025-06-07,icon_seamless,h0,28.4,24
2025-06-07,ukmo_seamless,h0,30.3,24
2025-06-07,meteofrance_seamless,h0,29.3,24
2025-06-07,gem_seamless,h0,27.7,24
2025-06-07,ecmwf_ifs025,h0,28.7,24
2025-06-07,ecmwf_aifs025_single,h0,28.6,24
2025-06-08,icon_seamless,h24,29.1,24
2025-06-08,ukmo_seamless,h24,28.5,24
2025-06-08,meteofrance_seamless,h24,26.9,24
2025-06-08,gem_seamless,h24,27.3,24
2025-06-08,ecmwf_ifs025,h24,29.6,24
2025-06-08,ecmwf_aifs025_single,h24,26.1,24
2025-06-08,icon_seamless,h0,28.3,24
2025-06-08,ukmo_seamless,h0,28.0,24
2025-06-08,meteofrance_seamless,h0,25.6,24
2025-06-08,gem_seamless,h0,26.1,24
2025-06-08,ecmwf_ifs025,h0,25.2,24
2025-06-08,ecmwf_aifs025_single,h0,25.1,24
2025-06-09,icon_seamless,h24,27.3,24
2025-06-09,ukmo_seamless,h24,28.3,24
2025-06-09,meteofrance_seamless,h24,24.1,24
2025-06-09,gem_seamless,h24,27.1,24
2025-06-09,ecmwf_ifs025,h24,29.8,24
2025-06-09,ecmwf_aifs025_single,h24,27.4,24
2025-06-09,icon_seamless,h0,27.0,24
2025-06-09,ukmo_seamless,h0,27.9,24
2025-06-09,meteofrance_seamless,h0,24.6,24
2025-06-09,gem_seamless,h0,28.0,24
2025-06-09,ecmwf_ifs025,h0,26.5,24
2025-06-09,ecmwf_aifs025_single,h0,26.7,24
2025-06-10,icon_seamless,h24,27.6,24
2025-06-10,ukmo_seamless,h24,31.9,24
2025-06-10,meteofrance_seamless,h24,27.1,24
2025-06-10,gem_seamless,h24,30.6,24
2025-06-10,ecmwf_ifs025,h24,29.8,24
2025-06-10,ecmwf_aifs025_single,h24,27.4,24
2025-06-10,icon_seamless,h0,26.0,24
2025-06-10,ukmo_seamless,h0,29.1,24
2025-06-10,meteofrance_seamless,h0,27.2,24
2025-06-10,gem_seamless,h0,27.4,24
2025-06-10,ecmwf_ifs025,h0,28.0,24
2025-06-10,ecmwf_aifs025_single,h0,27.6,24
2025-06-11,icon_seamless,h24,29.0,24
2025-06-11,ukmo_seamless,h24,30.4,24
2025-06-11,meteofrance_seamless,h24,27.1,24
2025-06-11,gem_seamless,h24,27.7,24
2025-06-11,ecmwf_ifs025,h24,28.7,24
2025-06-11,ecmwf_aifs025_single,h24,27.8,24
2025-06-11,icon_seamless,h0,28.2,24
2025-06-11,ukmo_seamless,h0,29.1,24
2025-06-11,meteofrance_seamless,h0,27.3,24
2025-06-11,gem_seamless,h0,28.8,24
2025-06-11,ecmwf_ifs025,h0,28.1,24
2025-06-11,ecmwf_aifs025_single,h0,28.3,24
2025-06-12,icon_seamless,h24,27.6,24
2025-06-12,ukmo_seamless,h24,29.3,24
2025-06-12,meteofrance_seamless,h24,27.4,24
2025-06-12,gem_seamless,h24,29.6,24
2025-06-12,ecmwf_ifs025,h24,28.3,24
2025-06-12,ecmwf_aifs025_single,h24,28.8,24
2025-06-12,icon_seamless,h0,28.7,24
2025-06-12,ukmo_seamless,h0,29.0,24
2025-06-12,meteofrance_seamless,h0,28.1,24
2025-06-12,gem_seamless,h0,28.8,24
2025-06-12,ecmwf_ifs025,h0,28.6,24
2025-06-12,ecmwf_aifs025_single,h0,28.7,24
2025-06-13,icon_seamless,h24,31.7,24
2025-06-13,ukmo_seamless,h24,32.4,24
2025-06-13,meteofrance_seamless,h24,30.7,24
2025-06-13,gem_seamless,h24,32.4,24
2025-06-13,ecmwf_ifs025,h24,31.7,24
2025-06-13,ecmwf_aifs025_single,h24,31.7,24
2025-06-13,icon_seamless,h0,31.8,24
2025-06-13,ukmo_seamless,h0,31.4,24
2025-06-13,meteofrance_seamless,h0,31.3,24
2025-06-13,gem_seamless,h0,31.6,24
2025-06-13,ecmwf_ifs025,h0,31.5,24
2025-06-13,ecmwf_aifs025_single,h0,31.4,24
2025-06-14,icon_seamless,h24,31.7,24
2025-06-14,ukmo_seamless,h24,33.9,24
2025-06-14,meteofrance_seamless,h24,31.5,24
2025-06-14,gem_seamless,h24,34.0,24
2025-06-14,ecmwf_ifs025,h24,32.7,24
2025-06-14,ecmwf_aifs025_single,h24,33.2,24
2025-06-14,icon_seamless,h0,34.4,24
2025-06-14,ukmo_seamless,h0,33.7,24
2025-06-14,meteofrance_seamless,h0,33.2,24
2025-06-14,gem_seamless,h0,34.3,24
2025-06-14,ecmwf_ifs025,h0,33.7,24
2025-06-14,ecmwf_aifs025_single,h0,35.1,24
2025-06-15,icon_seamless,h24,30.2,24
2025-06-15,ukmo_seamless,h24,31.4,24
2025-06-15,meteofrance_seamless,h24,29.8,24
2025-06-15,gem_seamless,h24,28.7,24
2025-06-15,ecmwf_ifs025,h24,30.4,24
2025-06-15,ecmwf_aifs025_single,h24,30.6,24
2025-06-15,icon_seamless,h0,30.0,24
2025-06-15,ukmo_seamless,h0,30.5,24
2025-06-15,meteofrance_seamless,h0,29.8,24
2025-06-15,gem_seamless,h0,29.3,24
2025-06-15,ecmwf_ifs025,h0,30.3,24
2025-06-15,ecmwf_aifs025_single,h0,29.3,24
2025-06-16,icon_seamless,h24,33.4,24
2025-06-16,ukmo_seamless,h24,33.9,24
2025-06-16,meteofrance_seamless,h24,32.1,24
2025-06-16,gem_seamless,h24,33.6,24
2025-06-16,ecmwf_ifs025,h24,32.8,24
2025-06-16,ecmwf_aifs025_single,h24,33.8,24
2025-06-16,icon_seamless,h0,33.5,24
2025-06-16,ukmo_seamless,h0,33.9,24
2025-06-16,meteofrance_seamless,h0,32.3,24
2025-06-16,gem_seamless,h0,34.3,24
2025-06-16,ecmwf_ifs025,h0,33.3,24
2025-06-16,ecmwf_aifs025_single,h0,33.4,24
2025-06-17,icon_seamless,h24,34.8,24
2025-06-17,ukmo_seamless,h24,35.2,24
2025-06-17,meteofrance_seamless,h24,33.1,24
2025-06-17,gem_seamless,h24,35.0,24
2025-06-17,ecmwf_ifs025,h24,33.7,24
2025-06-17,ecmwf_aifs025_single,h24,34.3,24
2025-06-17,icon_seamless,h0,34.4,24
2025-06-17,ukmo_seamless,h0,34.6,24
2025-06-17,meteofrance_seamless,h0,33.6,24
2025-06-17,gem_seamless,h0,35.1,24
2025-06-17,ecmwf_ifs025,h0,33.8,24
2025-06-17,ecmwf_aifs025_single,h0,34.1,24
2025-06-18,icon_seamless,h24,32.9,24
2025-06-18,ukmo_seamless,h24,27.6,7
2025-06-18,meteofrance_seamless,h24,32.2,24
2025-06-18,gem_seamless,h24,32.9,24
2025-06-18,ecmwf_ifs025,h24,32.0,24
2025-06-18,ecmwf_aifs025_single,h24,32.1,24
2025-06-18,icon_seamless,h0,31.6,24
2025-06-18,ukmo_seamless,h0,32.3,24
2025-06-18,meteofrance_seamless,h0,32.3,24
2025-06-18,gem_seamless,h0,32.6,24
2025-06-18,ecmwf_ifs025,h0,30.8,24
2025-06-18,ecmwf_aifs025_single,h0,31.4,24
2025-06-19,icon_seamless,h24,27.1,24
2025-06-19,meteofrance_seamless,h24,27.2,24
2025-06-19,gem_seamless,h24,26.2,24
2025-06-19,ecmwf_ifs025,h24,26.4,24
2025-06-19,ecmwf_aifs025_single,h24,27.1,24
2025-06-19,icon_seamless,h0,26.3,24
2025-06-19,ukmo_seamless,h0,27.1,24
2025-06-19,meteofrance_seamless,h0,26.4,24
2025-06-19,gem_seamless,h0,26.9,24
2025-06-19,ecmwf_ifs025,h0,26.7,24
2025-06-19,ecmwf_aifs025_single,h0,26.3,24
2025-06-20,icon_seamless,h24,25.6,24
2025-06-20,meteofrance_seamless,h24,26.0,24
2025-06-20,gem_seamless,h24,24.9,24
2025-06-20,ecmwf_ifs025,h24,26.5,24
2025-06-20,ecmwf_aifs025_single,h24,25.8,24
2025-06-20,icon_seamless,h0,26.2,24
2025-06-20,ukmo_seamless,h0,26.6,24
2025-06-20,meteofrance_seamless,h0,25.2,24
2025-06-20,gem_seamless,h0,26.8,24
2025-06-20,ecmwf_ifs025,h0,26.2,24
2025-06-20,ecmwf_aifs025_single,h0,26.8,24
2025-06-21,icon_seamless,h24,24.5,24
2025-06-21,meteofrance_seamless,h24,24.4,24
2025-06-21,gem_seamless,h24,25.2,24
2025-06-21,ecmwf_ifs025,h24,24.7,24
2025-06-21,ecmwf_aifs025_single,h24,24.0,24
2025-06-21,icon_seamless,h0,24.1,24
2025-06-21,ukmo_seamless,h0,24.1,24
2025-06-21,meteofrance_seamless,h0,24.7,24
2025-06-21,gem_seamless,h0,23.9,24
2025-06-21,ecmwf_ifs025,h0,24.5,24
2025-06-21,ecmwf_aifs025_single,h0,25.0,24
2025-06-22,icon_seamless,h24,24.2,24
2025-06-22,meteofrance_seamless,h24,22.6,24
2025-06-22,gem_seamless,h24,23.6,24
2025-06-22,ecmwf_ifs025,h24,25.2,24
2025-06-22,ecmwf_aifs025_single,h24,24.9,24
2025-06-22,icon_seamless,h0,25.1,24
2025-06-22,ukmo_seamless,h0,27.7,24
2025-06-22,meteofrance_seamless,h0,24.9,24
2025-06-22,gem_seamless,h0,24.1,24
2025-06-22,ecmwf_ifs025,h0,26.6,24
2025-06-22,ecmwf_aifs025_single,h0,26.3,24
2025-06-23,icon_seamless,h24,27.1,24
2025-06-23,meteofrance_seamless,h24,26.4,24
2025-06-23,gem_seamless,h24,25.4,24
2025-06-23,ecmwf_ifs025,h24,26.9,24
2025-06-23,ecmwf_aifs025_single,h24,25.0,24
2025-06-23,icon_seamless,h0,25.9,24
2025-06-23,ukmo_seamless,h0,26.9,24
2025-06-23,meteofrance_seamless,h0,24.9,24
2025-06-23,gem_seamless,h0,25.3,24
2025-06-23,ecmwf_ifs025,h0,25.2,24
2025-06-23,ecmwf_aifs025_single,h0,25.0,24
2025-03-26,gfs_seamless,h24,36.2,24
2025-03-26,cma_grapes_global,h24,28.2,24
2025-03-26,jma_seamless,h24,32.2,24
2025-03-26,knmi_seamless,h24,32.9,24
2025-03-26,jma_gsm,h24,32.2,24
2025-03-26,gfs_seamless,h0,35.6,24
2025-03-26,cma_grapes_global,h0,31.3,24
2025-03-26,jma_seamless,h0,33.7,24
2025-03-26,knmi_seamless,h0,34.0,24
2025-03-26,jma_gsm,h0,33.7,24
2025-03-27,gfs_seamless,h24,24.9,24
2025-03-27,cma_grapes_global,h24,21.4,24
2025-03-27,jma_seamless,h24,23.9,24
2025-03-27,knmi_seamless,h24,24.5,24
2025-03-27,jma_gsm,h24,23.9,24
2025-03-27,gfs_seamless,h0,22.8,24
2025-03-27,cma_grapes_global,h0,20.3,24
2025-03-27,jma_seamless,h0,24.3,24
2025-03-27,knmi_seamless,h0,22.4,24
2025-03-27,jma_gsm,h0,24.3,24
2025-03-28,gfs_seamless,h24,10.5,24
2025-03-28,cma_grapes_global,h24,12.8,24
2025-03-28,jma_seamless,h24,13.8,24
2025-03-28,knmi_seamless,h24,13.2,24
2025-03-28,jma_gsm,h24,13.8,24
2025-03-28,gfs_seamless,h0,12.4,24
2025-03-28,cma_grapes_global,h0,12.3,24
2025-03-28,jma_seamless,h0,11.6,24
2025-03-28,knmi_seamless,h0,10.9,24
2025-03-28,jma_gsm,h0,11.6,24
2025-03-29,gfs_seamless,h24,12.5,24
2025-03-29,cma_grapes_global,h24,13.0,24
2025-03-29,jma_seamless,h24,13.5,24
2025-03-29,knmi_seamless,h24,13.4,24
2025-03-29,jma_gsm,h24,13.5,24
2025-03-29,gfs_seamless,h0,11.3,24
2025-03-29,cma_grapes_global,h0,9.7,24
2025-03-29,jma_seamless,h0,12.3,24
2025-03-29,knmi_seamless,h0,10.5,24
2025-03-29,jma_gsm,h0,12.3,24
2025-03-30,gfs_seamless,h24,14.8,24
2025-03-30,cma_grapes_global,h24,13.3,24
2025-03-30,jma_seamless,h24,15.8,24
2025-03-30,knmi_seamless,h24,15.5,24
2025-03-30,jma_gsm,h24,15.8,24
2025-03-30,gfs_seamless,h0,13.9,24
2025-03-30,cma_grapes_global,h0,12.9,24
2025-03-30,jma_seamless,h0,14.8,24
2025-03-30,knmi_seamless,h0,14.8,24
2025-03-30,jma_gsm,h0,14.8,24
2025-03-31,gfs_seamless,h24,17.4,24
2025-03-31,cma_grapes_global,h24,14.9,24
2025-03-31,jma_seamless,h24,17.5,24
2025-03-31,knmi_seamless,h24,15.7,24
2025-03-31,jma_gsm,h24,17.5,24
2025-03-31,gfs_seamless,h0,16.9,24
2025-03-31,cma_grapes_global,h0,14.3,24
2025-03-31,jma_seamless,h0,17.1,24
2025-03-31,knmi_seamless,h0,16.7,24
2025-03-31,jma_gsm,h0,17.1,24
2025-04-01,gfs_seamless,h24,21.7,24
2025-04-01,cma_grapes_global,h24,18.0,24
2025-04-01,jma_seamless,h24,22.0,24
2025-04-01,knmi_seamless,h24,21.0,24
2025-04-01,jma_gsm,h24,22.0,24
2025-04-01,gfs_seamless,h0,20.9,24
2025-04-01,cma_grapes_global,h0,18.7,24
2025-04-01,jma_seamless,h0,21.6,24
2025-04-01,knmi_seamless,h0,20.5,24
2025-04-01,jma_gsm,h0,21.6,24
2025-04-02,gfs_seamless,h24,23.0,24
2025-04-02,cma_grapes_global,h24,20.1,24
2025-04-02,jma_seamless,h24,23.9,24
2025-04-02,knmi_seamless,h24,23.1,24
2025-04-02,jma_gsm,h24,23.9,24
2025-04-02,gfs_seamless,h0,23.7,24
2025-04-02,cma_grapes_global,h0,21.3,24
2025-04-02,jma_seamless,h0,23.9,24
2025-04-02,knmi_seamless,h0,23.4,24
2025-04-02,jma_gsm,h0,23.9,24
2025-04-03,gfs_seamless,h24,25.3,24
2025-04-03,cma_grapes_global,h24,21.8,24
2025-04-03,jma_seamless,h24,26.0,24
2025-04-03,knmi_seamless,h24,24.7,24
2025-04-03,jma_gsm,h24,26.0,24
2025-04-03,gfs_seamless,h0,25.9,24
2025-04-03,cma_grapes_global,h0,23.4,24
2025-04-03,jma_seamless,h0,26.5,24
2025-04-03,knmi_seamless,h0,25.5,24
2025-04-03,jma_gsm,h0,26.5,24
2025-04-04,gfs_seamless,h24,24.1,24
2025-04-04,cma_grapes_global,h24,20.2,24
2025-04-04,jma_seamless,h24,20.6,24
2025-04-04,knmi_seamless,h24,21.6,24
2025-04-04,jma_gsm,h24,20.6,24
2025-04-04,gfs_seamless,h0,25.6,24
2025-04-04,cma_grapes_global,h0,21.1,24
2025-04-04,jma_seamless,h0,23.2,24
2025-04-04,knmi_seamless,h0,21.0,24
2025-04-04,jma_gsm,h0,23.2,24
2025-04-05,gfs_seamless,h24,23.0,24
2025-04-05,cma_grapes_global,h24,20.6,24
2025-04-05,jma_seamless,h24,24.3,24
2025-04-05,knmi_seamless,h24,23.7,24
2025-04-05,jma_gsm,h24,24.3,24
2025-04-05,gfs_seamless,h0,25.3,24
2025-04-05,cma_grapes_global,h0,23.6,24
2025-04-05,jma_seamless,h0,25.7,24
2025-04-05,knmi_seamless,h0,26.1,24
2025-04-05,jma_gsm,h0,25.7,24
2025-04-06,gfs_seamless,h24,27.4,24
2025-04-06,cma_grapes_global,h24,24.1,24
2025-04-06,jma_seamless,h24,28.1,24
2025-04-06,knmi_seamless,h24,27.6,24
2025-04-06,jma_gsm,h24,28.1,24
2025-04-06,gfs_seamless,h0,28.6,24
2025-04-06,cma_grapes_global,h0,25.0,24
2025-04-06,jma_seamless,h0,29.0,24
2025-04-06,knmi_seamless,h0,27.7,24
2025-04-06,jma_gsm,h0,29.0,24
2025-04-07,gfs_seamless,h24,29.6,24
2025-04-07,cma_grapes_global,h24,24.3,24
2025-04-07,jma_seamless,h24,28.4,24
2025-04-07,knmi_seamless,h24,29.1,24
2025-04-07,jma_gsm,h24,28.4,24
2025-04-07,gfs_seamless,h0,29.8,24
2025-04-07,cma_grapes_global,h0,25.1,24
2025-04-07,jma_seamless,h0,26.9,24
2025-04-07,knmi_seamless,h0,27.4,24
2025-04-07,jma_gsm,h0,26.9,24
2025-04-08,gfs_seamless,h24,31.4,24
2025-04-08,cma_grapes_global,h24,26.1,24
2025-04-08,jma_seamless,h24,29.2,24
2025-04-08,knmi_seamless,h24,30.3,24
2025-04-08,jma_gsm,h24,29.2,24
2025-04-08,gfs_seamless,h0,30.3,24
2025-04-08,cma_grapes_global,h0,27.2,24
2025-04-08,jma_seamless,h0,29.9,24
2025-04-08,knmi_seamless,h0,30.3,24
2025-04-08,jma_gsm,h0,29.9,24
2025-04-09,gfs_seamless,h24,32.5,24
2025-04-09,cma_grapes_global,h24,27.6,24
2025-04-09,jma_seamless,h24,27.3,24
2025-04-09,knmi_seamless,h24,31.2,24
2025-04-09,jma_gsm,h24,27.3,24
2025-04-09,gfs_seamless,h0,32.3,24
2025-04-09,cma_grapes_global,h0,28.9,24
2025-04-09,jma_seamless,h0,27.2,24
2025-04-09,knmi_seamless,h0,32.1,24
2025-04-09,jma_gsm,h0,27.2,24
2025-04-10,gfs_seamless,h24,30.0,24
2025-04-10,cma_grapes_global,h24,27.1,24
2025-04-10,jma_seamless,h24,29.0,24
2025-04-10,knmi_seamless,h24,30.2,24
2025-04-10,jma_gsm,h24,29.0,24
2025-04-10,gfs_seamless,h0,30.3,24
2025-04-10,cma_grapes_global,h0,26.6,24
2025-04-10,jma_seamless,h0,29.7,24
2025-04-10,knmi_seamless,h0,30.0,24
2025-04-10,jma_gsm,h0,29.7,24
2025-04-11,gfs_seamless,h24,27.3,24
2025-04-11,cma_grapes_global,h24,26.5,24
2025-04-11,jma_seamless,h24,30.7,24
2025-04-11,knmi_seamless,h24,27.0,24
2025-04-11,jma_gsm,h24,30.7,24
2025-04-11,gfs_seamless,h0,28.0,24
2025-04-11,cma_grapes_global,h0,26.2,24
2025-04-11,jma_seamless,h0,22.9,24
2025-04-11,knmi_seamless,h0,27.8,24
2025-04-11,jma_gsm,h0,22.9,24
2025-04-12,gfs_seamless,h24,18.8,24
2025-04-12,cma_grapes_global,h24,17.5,24
2025-04-12,jma_seamless,h24,20.8,24
2025-04-12,knmi_seamless,h24,22.1,24
2025-04-12,jma_gsm,h24,20.8,24
2025-04-12,gfs_seamless,h0,21.1,24
2025-04-12,cma_grapes_global,h0,19.0,24
2025-04-12,jma_seamless,h0,20.2,24
2025-04-12,knmi_seamless,h0,21.2,24
2025-04-12,jma_gsm,h0,20.2,24
2025-04-13,gfs_seamless,h24,24.9,24
2025-04-13,cma_grapes_global,h24,20.9,24
2025-04-13,jma_seamless,h24,26.8,24
2025-04-13,knmi_seamless,h24,22.7,24
2025-04-13,jma_gsm,h24,26.8,24
2025-04-13,gfs_seamless,h0,24.2,24
2025-04-13,cma_grapes_global,h0,22.2,24
2025-04-13,jma_seamless,h0,27.0,24
2025-04-13,knmi_seamless,h0,23.4,24
2025-04-13,jma_gsm,h0,27.0,24
2025-04-14,gfs_seamless,h24,25.6,24
2025-04-14,cma_grapes_global,h24,22.3,24
2025-04-14,jma_seamless,h24,26.6,24
2025-04-14,knmi_seamless,h24,24.2,24
2025-04-14,jma_gsm,h24,26.6,24
2025-04-14,gfs_seamless,h0,25.1,24
2025-04-14,cma_grapes_global,h0,25.2,24
2025-04-14,jma_seamless,h0,27.4,24
2025-04-14,knmi_seamless,h0,25.7,24
2025-04-14,jma_gsm,h0,27.4,24
2025-04-15,gfs_seamless,h24,28.4,24
2025-04-15,cma_grapes_global,h24,25.4,24
2025-04-15,jma_seamless,h24,30.4,24
2025-04-15,knmi_seamless,h24,27.9,24
2025-04-15,jma_gsm,h24,30.4,24
2025-04-15,gfs_seamless,h0,30.7,24
2025-04-15,cma_grapes_global,h0,27.3,24
2025-04-15,jma_seamless,h0,31.7,24
2025-04-15,knmi_seamless,h0,29.0,24
2025-04-15,jma_gsm,h0,31.7,24
2025-04-16,gfs_seamless,h24,30.3,24
2025-04-16,cma_grapes_global,h24,27.1,24
2025-04-16,jma_seamless,h24,31.9,24
2025-04-16,knmi_seamless,h24,28.0,24
2025-04-16,jma_gsm,h24,31.9,24
2025-04-16,gfs_seamless,h0,32.5,24
2025-04-16,cma_grapes_global,h0,28.6,24
2025-04-16,jma_seamless,h0,33.6,24
2025-04-16,knmi_seamless,h0,30.6,24
2025-04-16,jma_gsm,h0,33.6,24
2025-04-17,gfs_seamless,h24,29.8,24
2025-04-17,cma_grapes_global,h24,25.9,24
2025-04-17,jma_seamless,h24,30.7,24
2025-04-17,knmi_seamless,h24,28.2,24
2025-04-17,jma_gsm,h24,30.7,24
2025-04-17,gfs_seamless,h0,31.2,24
2025-04-17,cma_grapes_global,h0,26.9,24
2025-04-17,jma_seamless,h0,30.4,24
2025-04-17,knmi_seamless,h0,29.8,24
2025-04-17,jma_gsm,h0,30.4,24
2025-04-18,gfs_seamless,h24,32.4,24
2025-04-18,cma_grapes_global,h24,28.4,24
2025-04-18,jma_seamless,h24,32.2,24
2025-04-18,knmi_seamless,h24,33.0,24
2025-04-18,jma_gsm,h24,32.2,24
2025-04-18,gfs_seamless,h0,32.7,24
2025-04-18,cma_grapes_global,h0,30.4,24
2025-04-18,jma_seamless,h0,33.3,24
2025-04-18,knmi_seamless,h0,33.1,24
2025-04-18,jma_gsm,h0,33.3,24
2025-04-19,gfs_seamless,h24,26.8,24
2025-04-19,cma_grapes_global,h24,26.3,24
2025-04-19,jma_seamless,h24,25.1,24
2025-04-19,knmi_seamless,h24,27.9,24
2025-04-19,jma_gsm,h24,25.1,24
2025-04-19,gfs_seamless,h0,25.8,24
2025-04-19,cma_grapes_global,h0,23.1,24
2025-04-19,jma_seamless,h0,25.4,24
2025-04-19,knmi_seamless,h0,26.1,24
2025-04-19,jma_gsm,h0,25.4,24
2025-04-20,gfs_seamless,h24,30.5,24
2025-04-20,cma_grapes_global,h24,27.9,24
2025-04-20,jma_seamless,h24,31.5,24
2025-04-20,knmi_seamless,h24,30.5,24
2025-04-20,jma_gsm,h24,31.5,24
2025-04-20,gfs_seamless,h0,31.4,24
2025-04-20,cma_grapes_global,h0,28.1,24
2025-04-20,jma_seamless,h0,29.3,24
2025-04-20,knmi_seamless,h0,30.1,24
2025-04-20,jma_gsm,h0,29.3,24
2025-04-21,gfs_seamless,h24,25.8,24
2025-04-21,cma_grapes_global,h24,26.3,24
2025-04-21,jma_seamless,h24,26.8,24
2025-04-21,knmi_seamless,h24,25.1,24
2025-04-21,jma_gsm,h24,26.8,24
2025-04-21,gfs_seamless,h0,26.7,24
2025-04-21,cma_grapes_global,h0,27.2,24
2025-04-21,jma_seamless,h0,25.3,24
2025-04-21,knmi_seamless,h0,26.0,24
2025-04-21,jma_gsm,h0,25.3,24
2025-04-22,gfs_seamless,h24,23.2,24
2025-04-22,cma_grapes_global,h24,24.5,24
2025-04-22,jma_seamless,h24,27.6,24
2025-04-22,knmi_seamless,h24,24.2,24
2025-04-22,jma_gsm,h24,27.6,24
2025-04-22,gfs_seamless,h0,23.6,24
2025-04-22,cma_grapes_global,h0,22.8,24
2025-04-22,jma_seamless,h0,26.0,24
2025-04-22,knmi_seamless,h0,23.5,24
2025-04-22,jma_gsm,h0,26.0,24
2025-04-23,gfs_seamless,h24,27.3,24
2025-04-23,cma_grapes_global,h24,25.1,24
2025-04-23,jma_seamless,h24,28.5,24
2025-04-23,knmi_seamless,h24,26.7,24
2025-04-23,jma_gsm,h24,28.5,24
2025-04-23,gfs_seamless,h0,27.3,24
2025-04-23,cma_grapes_global,h0,24.9,24
2025-04-23,jma_seamless,h0,28.7,24
2025-04-23,knmi_seamless,h0,25.5,24
2025-04-23,jma_gsm,h0,28.7,24
2025-04-24,gfs_seamless,h24,21.8,24
2025-04-24,cma_grapes_global,h24,21.8,24
2025-04-24,jma_seamless,h24,21.8,24
2025-04-24,knmi_seamless,h24,21.2,24
2025-04-24,jma_gsm,h24,21.8,24
2025-04-24,gfs_seamless,h0,20.7,24
2025-04-24,cma_grapes_global,h0,22.9,24
2025-04-24,jma_seamless,h0,23.4,24
2025-04-24,knmi_seamless,h0,21.1,24
2025-04-24,jma_gsm,h0,23.4,24
2025-04-25,gfs_seamless,h24,26.2,24
2025-04-25,cma_grapes_global,h24,24.4,24
2025-04-25,jma_seamless,h24,27.6,24
2025-04-25,knmi_seamless,h24,25.8,24
2025-04-25,jma_gsm,h24,27.6,24
2025-04-25,gfs_seamless,h0,26.6,24
2025-04-25,cma_grapes_global,h0,25.4,24
2025-04-25,jma_seamless,h0,26.8,24
2025-04-25,knmi_seamless,h0,25.8,24
2025-04-25,jma_gsm,h0,26.8,24
2025-04-26,gfs_seamless,h24,27.4,24
2025-04-26,cma_grapes_global,h24,23.4,24
2025-04-26,jma_seamless,h24,27.8,24
2025-04-26,knmi_seamless,h24,24.9,24
2025-04-26,jma_gsm,h24,27.8,24
2025-04-26,gfs_seamless,h0,27.3,24
2025-04-26,cma_grapes_global,h0,25.2,24
2025-04-26,jma_seamless,h0,28.0,24
2025-04-26,knmi_seamless,h0,26.8,24
2025-04-26,jma_gsm,h0,28.0,24
2025-04-27,gfs_seamless,h24,25.0,24
2025-04-27,cma_grapes_global,h24,25.2,24
2025-04-27,jma_seamless,h24,26.6,24
2025-04-27,knmi_seamless,h24,27.2,24
2025-04-27,jma_gsm,h24,26.6,24
2025-04-27,gfs_seamless,h0,24.7,24
2025-04-27,cma_grapes_global,h0,25.2,24
2025-04-27,jma_seamless,h0,26.8,24
2025-04-27,knmi_seamless,h0,25.9,24
2025-04-27,jma_gsm,h0,26.8,24
2025-04-28,gfs_seamless,h24,27.8,24
2025-04-28,cma_grapes_global,h24,24.4,24
2025-04-28,jma_seamless,h24,28.9,24
2025-04-28,knmi_seamless,h24,27.2,24
2025-04-28,jma_gsm,h24,28.9,24
2025-04-28,gfs_seamless,h0,28.4,24
2025-04-28,cma_grapes_global,h0,25.9,24
2025-04-28,jma_seamless,h0,29.0,24
2025-04-28,knmi_seamless,h0,27.9,24
2025-04-28,jma_gsm,h0,29.0,24
2025-04-29,gfs_seamless,h24,29.8,24
2025-04-29,cma_grapes_global,h24,26.3,24
2025-04-29,jma_seamless,h24,31.3,24
2025-04-29,knmi_seamless,h24,26.7,24
2025-04-29,jma_gsm,h24,31.3,24
2025-04-29,gfs_seamless,h0,30.5,24
2025-04-29,cma_grapes_global,h0,27.3,24
2025-04-29,jma_seamless,h0,32.0,24
2025-04-29,knmi_seamless,h0,30.0,24
2025-04-29,jma_gsm,h0,32.0,24
2025-04-30,gfs_seamless,h24,29.2,24
2025-04-30,cma_grapes_global,h24,27.3,24
2025-04-30,jma_seamless,h24,28.9,24
2025-04-30,knmi_seamless,h24,27.2,24
2025-04-30,jma_gsm,h24,28.9,24
2025-04-30,gfs_seamless,h0,26.8,24
2025-04-30,cma_grapes_global,h0,24.8,24
2025-04-30,jma_seamless,h0,29.6,24
2025-04-30,knmi_seamless,h0,27.9,24
2025-04-30,jma_gsm,h0,29.6,24
2025-05-01,gfs_seamless,h24,32.1,24
2025-05-01,cma_grapes_global,h24,29.9,24
2025-05-01,jma_seamless,h24,33.0,24
2025-05-01,knmi_seamless,h24,31.2,24
2025-05-01,jma_gsm,h24,33.0,24
2025-05-01,gfs_seamless,h0,32.9,24
2025-05-01,cma_grapes_global,h0,30.7,24
2025-05-01,jma_seamless,h0,33.6,24
2025-05-01,knmi_seamless,h0,31.1,24
2025-05-01,jma_gsm,h0,33.6,24
2025-05-02,gfs_seamless,h24,34.2,24
2025-05-02,cma_grapes_global,h24,29.6,24
2025-05-02,jma_seamless,h24,35.8,24
2025-05-02,knmi_seamless,h24,33.2,24
2025-05-02,jma_gsm,h24,35.8,24
2025-05-02,gfs_seamless,h0,34.6,24
2025-05-02,cma_grapes_global,h0,31.0,24
2025-05-02,jma_seamless,h0,35.5,24
2025-05-02,knmi_seamless,h0,33.6,24
2025-05-02,jma_gsm,h0,35.5,24
2025-05-03,gfs_seamless,h24,26.8,24
2025-05-03,cma_grapes_global,h24,23.3,24
2025-05-03,jma_seamless,h24,27.9,24
2025-05-03,knmi_seamless,h24,28.2,24
2025-05-03,jma_gsm,h24,27.9,24
2025-05-03,gfs_seamless,h0,27.4,24
2025-05-03,cma_grapes_global,h0,24.5,24
2025-05-03,jma_seamless,h0,26.7,24
2025-05-03,knmi_seamless,h0,28.4,24
2025-05-03,jma_gsm,h0,26.7,24
2025-05-04,gfs_seamless,h24,28.2,24
2025-05-04,cma_grapes_global,h24,25.2,24
2025-05-04,jma_seamless,h24,28.9,24
2025-05-04,knmi_seamless,h24,29.4,24
2025-05-04,jma_gsm,h24,28.9,24
2025-05-04,gfs_seamless,h0,29.5,24
2025-05-04,cma_grapes_global,h0,26.8,24
2025-05-04,jma_seamless,h0,28.0,24
2025-05-04,knmi_seamless,h0,29.0,24
2025-05-04,jma_gsm,h0,28.0,24
2025-05-05,gfs_seamless,h24,28.9,24
2025-05-05,cma_grapes_global,h24,27.1,24
2025-05-05,jma_seamless,h24,29.7,24
2025-05-05,knmi_seamless,h24,27.8,24
2025-05-05,jma_gsm,h24,29.7,24
2025-05-05,gfs_seamless,h0,27.9,24
2025-05-05,cma_grapes_global,h0,25.1,24
2025-05-05,jma_seamless,h0,28.6,24
2025-05-05,knmi_seamless,h0,26.8,24
2025-05-05,jma_gsm,h0,28.6,24
2025-05-06,gfs_seamless,h24,26.0,24
2025-05-06,cma_grapes_global,h24,25.6,24
2025-05-06,jma_seamless,h24,29.6,24
2025-05-06,knmi_seamless,h24,26.1,24
2025-05-06,jma_gsm,h24,29.6,24
2025-05-06,gfs_seamless,h0,26.4,24
2025-05-06,cma_grapes_global,h0,25.6,24
2025-05-06,jma_seamless,h0,29.0,24
2025-05-06,knmi_seamless,h0,27.4,24
2025-05-06,jma_gsm,h0,29.0,24
2025-05-07,gfs_seamless,h24,30.6,24
2025-05-07,cma_grapes_global,h24,27.1,24
2025-05-07,jma_seamless,h24,30.6,24
2025-05-07,knmi_seamless,h24,31.5,24
2025-05-07,jma_gsm,h24,30.6,24
2025-05-07,gfs_seamless,h0,30.7,24
2025-05-07,cma_grapes_global,h0,28.4,24
2025-05-07,jma_seamless,h0,32.7,24
2025-05-07,knmi_seamless,h0,31.4,24
2025-05-07,jma_gsm,h0,32.7,24
2025-05-08,gfs_seamless,h24,23.4,24
2025-05-08,cma_grapes_global,h24,22.2,24
2025-05-08,jma_seamless,h24,26.1,24
2025-05-08,knmi_seamless,h24,23.3,24
2025-05-08,jma_gsm,h24,26.1,24
2025-05-08,gfs_seamless,h0,23.7,24
2025-05-08,cma_grapes_global,h0,22.4,24
2025-05-08,jma_seamless,h0,26.5,24
2025-05-08,knmi_seamless,h0,24.6,24
2025-05-08,jma_gsm,h0,26.5,24
2025-05-09,gfs_seamless,h24,27.8,24
2025-05-09,cma_grapes_global,h24,28.3,24
2025-05-09,jma_seamless,h24,30.5,24
2025-05-09,knmi_seamless,h24,27.2,24
2025-05-09,jma_gsm,h24,30.5,24
2025-05-09,gfs_seamless,h0,27.3,24
2025-05-09,cma_grapes_global,h0,26.6,24
2025-05-09,jma_seamless,h0,29.3,24
2025-05-09,knmi_seamless,h0,26.6,24
2025-05-09,jma_gsm,h0,29.3,24
2025-05-10,gfs_seamless,h24,21.6,24
2025-05-10,cma_grapes_global,h24,23.0,24
2025-05-10,jma_seamless,h24,25.8,24
2025-05-10,knmi_seamless,h24,22.5,24
2025-05-10,jma_gsm,h24,25.8,24
2025-05-10,gfs_seamless,h0,21.7,24
2025-05-10,cma_grapes_global,h0,21.7,24
2025-05-10,jma_seamless,h0,25.0,24
2025-05-10,knmi_seamless,h0,22.3,24
2025-05-10,jma_gsm,h0,25.0,24
2025-05-11,gfs_seamless,h24,27.9,24
2025-05-11,cma_grapes_global,h24,26.1,24
2025-05-11,jma_seamless,h24,30.8,24
2025-05-11,knmi_seamless,h24,27.1,24
2025-05-11,jma_gsm,h24,30.8,24
2025-05-11,gfs_seamless,h0,27.6,24
2025-05-11,cma_grapes_global,h0,25.9,24
2025-05-11,jma_seamless,h0,30.3,24
2025-05-11,knmi_seamless,h0,27.0,24
2025-05-11,jma_gsm,h0,30.3,24
2025-05-12,gfs_seamless,h24,29.1,24
2025-05-12,cma_grapes_global,h24,26.9,24
2025-05-12,jma_seamless,h24,32.3,24
2025-05-12,knmi_seamless,h24,28.2,24
2025-05-12,jma_gsm,h24,32.3,24
2025-05-12,gfs_seamless,h0,29.8,24
2025-05-12,cma_grapes_global,h0,27.8,24
2025-05-12,jma_seamless,h0,32.4,24
2025-05-12,knmi_seamless,h0,28.4,24
2025-05-12,jma_gsm,h0,32.4,24
2025-05-13,gfs_seamless,h24,31.3,24
2025-05-13,cma_grapes_global,h24,28.9,24
2025-05-13,jma_seamless,h24,34.0,24
2025-05-13,knmi_seamless,h24,30.4,24
2025-05-13,jma_gsm,h24,34.0,24
2025-05-13,gfs_seamless,h0,32.8,24
2025-05-13,cma_grapes_global,h0,31.0,24
2025-05-13,jma_seamless,h0,34.7,24
2025-05-13,knmi_seamless,h0,31.0,24
2025-05-13,jma_gsm,h0,34.7,24
2025-05-14,gfs_seamless,h24,29.4,24
2025-05-14,cma_grapes_global,h24,25.8,24
2025-05-14,jma_seamless,h24,26.1,24
2025-05-14,knmi_seamless,h24,25.7,24
2025-05-14,jma_gsm,h24,26.1,24
2025-05-14,gfs_seamless,h0,29.2,24
2025-05-14,cma_grapes_global,h0,27.2,24
2025-05-14,jma_seamless,h0,26.3,24
2025-05-14,knmi_seamless,h0,28.9,24
2025-05-14,jma_gsm,h0,26.3,24
2025-05-15,gfs_seamless,h24,25.6,24
2025-05-15,cma_grapes_global,h24,24.1,24
2025-05-15,jma_seamless,h24,24.7,24
2025-05-15,knmi_seamless,h24,26.5,24
2025-05-15,jma_gsm,h24,24.7,24
2025-05-15,gfs_seamless,h0,22.7,24
2025-05-15,cma_grapes_global,h0,23.9,24
2025-05-15,jma_seamless,h0,25.4,24
2025-05-15,knmi_seamless,h0,23.3,24
2025-05-15,jma_gsm,h0,25.4,24
2025-05-16,gfs_seamless,h24,30.1,24
2025-05-16,cma_grapes_global,h24,28.4,24
2025-05-16,jma_seamless,h24,31.6,24
2025-05-16,knmi_seamless,h24,28.5,24
2025-05-16,jma_gsm,h24,31.6,24
2025-05-16,gfs_seamless,h0,28.7,24
2025-05-16,cma_grapes_global,h0,27.6,24
2025-05-16,jma_seamless,h0,31.3,24
2025-05-16,knmi_seamless,h0,28.9,24
2025-05-16,jma_gsm,h0,31.3,24
2025-05-17,gfs_seamless,h24,33.5,24
2025-05-17,cma_grapes_global,h24,29.9,24
2025-05-17,jma_seamless,h24,35.4,24
2025-05-17,knmi_seamless,h24,30.7,24
2025-05-17,jma_gsm,h24,35.4,24
2025-05-17,gfs_seamless,h0,33.5,24
2025-05-17,cma_grapes_global,h0,29.3,24
2025-05-17,jma_seamless,h0,32.7,24
2025-05-17,knmi_seamless,h0,31.0,24
2025-05-17,jma_gsm,h0,32.7,24
2025-05-18,gfs_seamless,h24,28.9,24
2025-05-18,cma_grapes_global,h24,26.7,24
2025-05-18,jma_seamless,h24,27.7,24
2025-05-18,knmi_seamless,h24,28.0,24
2025-05-18,jma_gsm,h24,27.7,24
2025-05-18,gfs_seamless,h0,29.2,24
2025-05-18,cma_grapes_global,h0,30.3,24
2025-05-18,jma_seamless,h0,31.2,24
2025-05-18,knmi_seamless,h0,27.3,24
2025-05-18,jma_gsm,h0,31.2,24
2025-05-19,gfs_seamless,h24,33.4,24
2025-05-19,cma_grapes_global,h24,32.1,24
2025-05-19,jma_seamless,h24,35.7,24
2025-05-19,knmi_seamless,h24,32.0,24
2025-05-19,jma_gsm,h24,35.7,24
2025-05-19,gfs_seamless,h0,33.7,24
2025-05-19,cma_grapes_global,h0,32.2,24
2025-05-19,jma_seamless,h0,35.0,24
2025-05-19,knmi_seamless,h0,32.0,24
2025-05-19,jma_gsm,h0,35.0,24
2025-05-20,gfs_seamless,h24,34.1,24
2025-05-20,cma_grapes_global,h24,33.7,24
2025-05-20,jma_seamless,h24,29.6,24
2025-05-20,knmi_seamless,h24,31.6,24
2025-05-20,jma_gsm,h24,29.6,24
2025-05-20,gfs_seamless,h0,34.4,24
2025-05-20,cma_grapes_global,h0,34.1,24
2025-05-20,jma_seamless,h0,30.4,24
2025-05-20,knmi_seamless,h0,32.6,24
2025-05-20,jma_gsm,h0,30.4,24
2025-05-21,gfs_seamless,h24,35.1,24
2025-05-21,cma_grapes_global,h24,33.9,24
2025-05-21,jma_seamless,h24,35.2,24
2025-05-21,knmi_seamless,h24,33.9,24
2025-05-21,jma_gsm,h24,35.2,24
2025-05-21,gfs_seamless,h0,34.3,24
2025-05-21,cma_grapes_global,h0,34.3,24
2025-05-21,jma_seamless,h0,35.0,24
2025-05-21,knmi_seamless,h0,33.4,24
2025-05-21,jma_gsm,h0,35.0,24
2025-05-22,gfs_seamless,h24,30.3,24
2025-05-22,cma_grapes_global,h24,30.6,24
2025-05-22,jma_seamless,h24,29.6,24
2025-05-22,knmi_seamless,h24,29.5,24
2025-05-22,jma_gsm,h24,29.6,24
2025-05-22,gfs_seamless,h0,30.1,24
2025-05-22,cma_grapes_global,h0,28.8,24
2025-05-22,jma_seamless,h0,28.1,24
2025-05-22,knmi_seamless,h0,27.2,24
2025-05-22,jma_gsm,h0,28.1,24
2025-05-23,gfs_seamless,h24,24.7,24
2025-05-23,cma_grapes_global,h24,24.5,24
2025-05-23,jma_seamless,h24,29.3,24
2025-05-23,knmi_seamless,h24,24.2,24
2025-05-23,jma_gsm,h24,29.3,24
2025-05-23,gfs_seamless,h0,22.0,24
2025-05-23,cma_grapes_global,h0,22.1,24
2025-05-23,jma_seamless,h0,26.0,24
2025-05-23,knmi_seamless,h0,22.9,24
2025-05-23,jma_gsm,h0,26.0,24
2025-05-24,gfs_seamless,h24,25.5,24
2025-05-24,cma_grapes_global,h24,23.8,24
2025-05-24,jma_seamless,h24,27.8,24
2025-05-24,knmi_seamless,h24,25.4,24
2025-05-24,jma_gsm,h24,27.8,24
2025-05-24,gfs_seamless,h0,24.6,24
2025-05-24,cma_grapes_global,h0,24.6,24
2025-05-24,jma_seamless,h0,27.1,24
2025-05-24,knmi_seamless,h0,25.3,24
2025-05-24,jma_gsm,h0,27.1,24
2025-05-25,gfs_seamless,h24,27.1,24
2025-05-25,cma_grapes_global,h24,25.2,24
2025-05-25,jma_seamless,h24,28.5,24
2025-05-25,knmi_seamless,h24,25.9,24
2025-05-25,jma_gsm,h24,28.5,24
2025-05-25,gfs_seamless,h0,26.5,24
2025-05-25,cma_grapes_global,h0,25.6,24
2025-05-25,jma_seamless,h0,27.7,24
2025-05-25,knmi_seamless,h0,26.5,24
2025-05-25,jma_gsm,h0,27.7,24
2025-05-26,gfs_seamless,h24,27.9,24
2025-05-26,cma_grapes_global,h24,27.8,24
2025-05-26,jma_seamless,h24,28.4,24
2025-05-26,knmi_seamless,h24,27.2,24
2025-05-26,jma_gsm,h24,28.4,24
2025-05-26,gfs_seamless,h0,27.9,24
2025-05-26,cma_grapes_global,h0,27.1,24
2025-05-26,jma_seamless,h0,25.4,24
2025-05-26,knmi_seamless,h0,27.8,24
2025-05-26,jma_gsm,h0,25.4,24
2025-05-27,gfs_seamless,h24,29.4,24
2025-05-27,cma_grapes_global,h24,27.9,24
2025-05-27,jma_seamless,h24,31.1,24
2025-05-27,knmi_seamless,h24,29.0,24
2025-05-27,jma_gsm,h24,31.1,24
2025-05-27,gfs_seamless,h0,29.8,24
2025-05-27,cma_grapes_global,h0,28.7,24
2025-05-27,jma_seamless,h0,31.4,24
2025-05-27,knmi_seamless,h0,29.1,24
2025-05-27,jma_gsm,h0,31.4,24
2025-05-28,gfs_seamless,h24,25.3,24
2025-05-28,cma_grapes_global,h24,24.5,24
2025-05-28,jma_seamless,h24,26.2,24
2025-05-28,knmi_seamless,h24,25.4,24
2025-05-28,jma_gsm,h24,26.2,24
2025-05-28,gfs_seamless,h0,23.8,24
2025-05-28,cma_grapes_global,h0,25.2,24
2025-05-28,jma_seamless,h0,27.5,24
2025-05-28,knmi_seamless,h0,25.5,24
2025-05-28,jma_gsm,h0,27.5,24
2025-05-29,gfs_seamless,h24,29.2,24
2025-05-29,cma_grapes_global,h24,28.7,24
2025-05-29,jma_seamless,h24,31.5,24
2025-05-29,knmi_seamless,h24,28.5,24
2025-05-29,jma_gsm,h24,31.5,24
2025-05-29,gfs_seamless,h0,29.9,24
2025-05-29,cma_grapes_global,h0,29.3,24
2025-05-29,jma_seamless,h0,31.1,24
2025-05-29,knmi_seamless,h0,28.7,24
2025-05-29,jma_gsm,h0,31.1,24
2025-05-30,gfs_seamless,h24,30.3,24
2025-05-30,cma_grapes_global,h24,28.0,24
2025-05-30,jma_seamless,h24,32.1,24
2025-05-30,knmi_seamless,h24,29.6,24
2025-05-30,jma_gsm,h24,32.1,24
2025-05-30,gfs_seamless,h0,29.9,24
2025-05-30,cma_grapes_global,h0,28.6,24
2025-05-30,jma_seamless,h0,31.9,24
2025-05-30,knmi_seamless,h0,29.9,24
2025-05-30,jma_gsm,h0,31.9,24
2025-05-31,gfs_seamless,h24,24.3,24
2025-05-31,cma_grapes_global,h24,23.9,24
2025-05-31,jma_seamless,h24,26.6,24
2025-05-31,knmi_seamless,h24,23.6,24
2025-05-31,jma_gsm,h24,26.6,24
2025-05-31,gfs_seamless,h0,24.3,24
2025-05-31,cma_grapes_global,h0,25.6,24
2025-05-31,jma_seamless,h0,25.1,24
2025-05-31,knmi_seamless,h0,24.0,24
2025-05-31,jma_gsm,h0,25.1,24
2025-06-01,gfs_seamless,h24,19.0,24
2025-06-01,cma_grapes_global,h24,23.0,24
2025-06-01,jma_seamless,h24,22.3,24
2025-06-01,knmi_seamless,h24,22.7,24
2025-06-01,jma_gsm,h24,22.3,24
2025-06-01,gfs_seamless,h0,19.9,24
2025-06-01,cma_grapes_global,h0,23.8,24
2025-06-01,jma_seamless,h0,20.8,24
2025-06-01,knmi_seamless,h0,22.1,24
2025-06-01,jma_gsm,h0,20.8,24
2025-06-02,gfs_seamless,h24,23.6,24
2025-06-02,cma_grapes_global,h24,26.2,24
2025-06-02,jma_seamless,h24,24.7,24
2025-06-02,knmi_seamless,h24,25.0,24
2025-06-02,jma_gsm,h24,24.7,24
2025-06-02,gfs_seamless,h0,22.9,24
2025-06-02,cma_grapes_global,h0,25.2,24
2025-06-02,jma_seamless,h0,24.7,24
2025-06-02,knmi_seamless,h0,24.9,24
2025-06-02,jma_gsm,h0,24.7,24
2025-06-03,gfs_seamless,h24,25.3,24
2025-06-03,cma_grapes_global,h24,29.8,24
2025-06-03,jma_seamless,h24,27.9,24
2025-06-03,knmi_seamless,h24,28.9,24
2025-06-03,jma_gsm,h24,27.9,24
2025-06-03,gfs_seamless,h0,25.6,24
2025-06-03,cma_grapes_global,h0,28.1,24
2025-06-03,jma_seamless,h0,27.2,24
2025-06-03,knmi_seamless,h0,27.7,24
2025-06-03,jma_gsm,h0,27.2,24
2025-06-04,gfs_seamless,h24,24.2,24
2025-06-04,cma_grapes_global,h24,32.7,24
2025-06-04,jma_seamless,h24,28.8,24
2025-06-04,knmi_seamless,h24,28.8,24
2025-06-04,jma_gsm,h24,28.8,24
2025-06-04,gfs_seamless,h0,26.9,24
2025-06-04,cma_grapes_global,h0,30.4,24
2025-06-04,jma_seamless,h0,28.4,24
2025-06-04,knmi_seamless,h0,28.7,24
2025-06-04,jma_gsm,h0,28.4,24
2025-06-05,gfs_seamless,h24,32.2,24
2025-06-05,cma_grapes_global,h24,32.2,24
2025-06-05,jma_seamless,h24,33.8,24
2025-06-05,knmi_seamless,h24,31.5,24
2025-06-05,jma_gsm,h24,33.8,24
2025-06-05,gfs_seamless,h0,32.3,24
2025-06-05,cma_grapes_global,h0,32.9,24
2025-06-05,jma_seamless,h0,30.6,24
2025-06-05,knmi_seamless,h0,31.8,24
2025-06-05,jma_gsm,h0,30.6,24
2025-06-06,gfs_seamless,h24,32.6,24
2025-06-06,cma_grapes_global,h24,34.0,24
2025-06-06,jma_seamless,h24,34.2,24
2025-06-06,knmi_seamless,h24,30.7,24
2025-06-06,jma_gsm,h24,34.2,24
2025-06-06,gfs_seamless,h0,34.1,24
2025-06-06,cma_grapes_global,h0,34.7,24
2025-06-06,jma_seamless,h0,31.6,24
2025-06-06,knmi_seamless,h0,33.6,24
2025-06-06,jma_gsm,h0,31.6,24
2025-06-07,gfs_seamless,h24,28.1,24
2025-06-07,cma_grapes_global,h24,32.0,24
2025-06-07,jma_seamless,h24,28.6,24
2025-06-07,knmi_seamless,h24,29.3,24
2025-06-07,jma_gsm,h24,28.6,24
2025-06-07,gfs_seamless,h0,32.1,24
2025-06-07,cma_grapes_global,h0,30.4,24
2025-06-07,jma_seamless,h0,29.9,24
2025-06-07,knmi_seamless,h0,30.2,24
2025-06-07,jma_gsm,h0,29.9,24
2025-06-08,gfs_seamless,h24,28.7,24
2025-06-08,cma_grapes_global,h24,29.5,24
2025-06-08,jma_seamless,h24,28.4,24
2025-06-08,knmi_seamless,h24,29.6,24
2025-06-08,jma_gsm,h24,28.4,24
2025-06-08,gfs_seamless,h0,25.0,24
2025-06-08,cma_grapes_global,h0,27.6,24
2025-06-08,jma_seamless,h0,27.8,24
2025-06-08,knmi_seamless,h0,28.7,24
2025-06-08,jma_gsm,h0,27.8,24
2025-06-09,gfs_seamless,h24,26.6,24
2025-06-09,cma_grapes_global,h24,27.7,24
2025-06-09,jma_seamless,h24,28.9,24
2025-06-09,knmi_seamless,h24,29.8,24
2025-06-09,jma_gsm,h24,28.9,24
2025-06-09,gfs_seamless,h0,25.3,24
2025-06-09,cma_grapes_global,h0,29.9,24
2025-06-09,jma_seamless,h0,26.8,24
2025-06-09,knmi_seamless,h0,28.6,24
2025-06-09,jma_gsm,h0,26.8,24
2025-06-10,gfs_seamless,h24,31.1,24
2025-06-10,cma_grapes_global,h24,31.0,24
2025-06-10,jma_seamless,h24,29.0,24
2025-06-10,knmi_seamless,h24,29.8,24
2025-06-10,jma_gsm,h24,29.0,24
2025-06-10,gfs_seamless,h0,26.0,24
2025-06-10,cma_grapes_global,h0,28.5,24
2025-06-10,jma_seamless,h0,27.6,24
2025-06-10,knmi_seamless,h0,28.8,24
2025-06-10,jma_gsm,h0,27.6,24
2025-06-11,gfs_seamless,h24,30.7,24
2025-06-11,cma_grapes_global,h24,28.5,24
2025-06-11,jma_seamless,h24,32.4,24
2025-06-11,knmi_seamless,h24,28.7,24
2025-06-11,jma_gsm,h24,32.4,24
2025-06-11,gfs_seamless,h0,29.5,24
2025-06-11,cma_grapes_global,h0,31.0,24
2025-06-11,jma_seamless,h0,31.1,24
2025-06-11,knmi_seamless,h0,28.4,24
2025-06-11,jma_gsm,h0,31.1,24
2025-06-12,gfs_seamless,h24,30.6,24
2025-06-12,cma_grapes_global,h24,29.1,24
2025-06-12,jma_seamless,h24,31.4,24
2025-06-12,knmi_seamless,h24,28.3,24
2025-06-12,jma_gsm,h24,31.4,24
2025-06-12,gfs_seamless,h0,30.0,24
2025-06-12,cma_grapes_global,h0,29.4,24
2025-06-12,jma_seamless,h0,30.1,24
2025-06-12,knmi_seamless,h0,29.3,24
2025-06-12,jma_gsm,h0,30.1,24
2025-06-13,gfs_seamless,h24,33.2,24
2025-06-13,cma_grapes_global,h24,33.7,24
2025-06-13,jma_seamless,h24,34.3,24
2025-06-13,knmi_seamless,h24,31.7,24
2025-06-13,jma_gsm,h24,34.3,24
2025-06-13,gfs_seamless,h0,33.0,24
2025-06-13,cma_grapes_global,h0,32.3,24
2025-06-13,jma_seamless,h0,33.8,24
2025-06-13,knmi_seamless,h0,31.3,24
2025-06-13,jma_gsm,h0,33.8,24
2025-06-14,gfs_seamless,h24,35.3,24
2025-06-14,cma_grapes_global,h24,36.0,24
2025-06-14,jma_seamless,h24,35.6,24
2025-06-14,knmi_seamless,h24,32.7,24
2025-06-14,jma_gsm,h24,35.6,24
2025-06-14,gfs_seamless,h0,35.5,24
2025-06-14,cma_grapes_global,h0,35.6,24
2025-06-14,jma_seamless,h0,35.6,24
2025-06-14,knmi_seamless,h0,33.5,24
2025-06-14,jma_gsm,h0,35.6,24
2025-06-15,gfs_seamless,h24,32.4,24
2025-06-15,cma_grapes_global,h24,32.2,24
2025-06-15,jma_seamless,h24,33.1,24
2025-06-15,knmi_seamless,h24,30.4,24
2025-06-15,jma_gsm,h24,33.1,24
2025-06-15,gfs_seamless,h0,31.7,24
2025-06-15,cma_grapes_global,h0,32.0,24
2025-06-15,jma_seamless,h0,32.9,24
2025-06-15,knmi_seamless,h0,30.1,24
2025-06-15,jma_gsm,h0,32.9,24
2025-06-16,gfs_seamless,h24,34.9,24
2025-06-16,cma_grapes_global,h24,35.0,24
2025-06-16,jma_seamless,h24,36.6,24
2025-06-16,knmi_seamless,h24,32.8,24
2025-06-16,jma_gsm,h24,36.6,24
2025-06-16,gfs_seamless,h0,33.8,24
2025-06-16,cma_grapes_global,h0,35.9,24
2025-06-16,jma_seamless,h0,36.5,24
2025-06-16,knmi_seamless,h0,33.1,24
2025-06-16,jma_gsm,h0,36.5,24
2025-06-17,gfs_seamless,h24,35.1,24
2025-06-17,cma_grapes_global,h24,36.2,24
2025-06-17,jma_seamless,h24,35.2,24
2025-06-17,knmi_seamless,h24,33.7,24
2025-06-17,jma_gsm,h24,35.2,24
2025-06-17,gfs_seamless,h0,35.0,24
2025-06-17,cma_grapes_global,h0,36.0,24
2025-06-17,jma_seamless,h0,35.5,24
2025-06-17,knmi_seamless,h0,34.0,24
2025-06-17,jma_gsm,h0,35.5,24
2025-06-18,gfs_seamless,h24,33.0,24
2025-06-18,cma_grapes_global,h24,31.2,24
2025-06-18,jma_seamless,h24,30.8,24
2025-06-18,knmi_seamless,h24,32.0,24
2025-06-18,jma_gsm,h24,30.8,24
2025-06-18,gfs_seamless,h0,33.2,24
2025-06-18,cma_grapes_global,h0,31.9,24
2025-06-18,jma_seamless,h0,30.7,24
2025-06-18,knmi_seamless,h0,31.8,24
2025-06-18,jma_gsm,h0,30.7,24
2025-06-19,gfs_seamless,h24,25.5,24
2025-06-19,cma_grapes_global,h24,26.5,24
2025-06-19,jma_seamless,h24,27.0,24
2025-06-19,knmi_seamless,h24,26.4,24
2025-06-19,jma_gsm,h24,27.0,24
2025-06-19,gfs_seamless,h0,24.9,24
2025-06-19,cma_grapes_global,h0,30.4,24
2025-06-19,jma_seamless,h0,25.8,24
2025-06-19,knmi_seamless,h0,26.8,24
2025-06-19,jma_gsm,h0,25.8,24
2025-06-20,gfs_seamless,h24,25.2,24
2025-06-20,cma_grapes_global,h24,26.8,24
2025-06-20,jma_seamless,h24,26.7,24
2025-06-20,knmi_seamless,h24,26.5,24
2025-06-20,jma_gsm,h24,26.7,24
2025-06-20,gfs_seamless,h0,25.4,24
2025-06-20,cma_grapes_global,h0,27.9,24
2025-06-20,jma_seamless,h0,25.5,24
2025-06-20,knmi_seamless,h0,27.1,24
2025-06-20,jma_gsm,h0,25.5,24
2025-06-21,gfs_seamless,h24,25.0,24
2025-06-21,cma_grapes_global,h24,24.6,24
2025-06-21,jma_seamless,h24,25.9,24
2025-06-21,knmi_seamless,h24,24.7,24
2025-06-21,jma_gsm,h24,25.9,24
2025-06-21,gfs_seamless,h0,24.2,24
2025-06-21,cma_grapes_global,h0,25.5,24
2025-06-21,jma_seamless,h0,23.8,24
2025-06-21,knmi_seamless,h0,24.3,24
2025-06-21,jma_gsm,h0,23.8,24
2025-06-22,gfs_seamless,h24,25.0,24
2025-06-22,cma_grapes_global,h24,26.1,24
2025-06-22,jma_seamless,h24,26.4,24
2025-06-22,knmi_seamless,h24,25.2,24
2025-06-22,jma_gsm,h24,26.4,24
2025-06-22,gfs_seamless,h0,27.0,24
2025-06-22,cma_grapes_global,h0,28.2,24
2025-06-22,jma_seamless,h0,26.9,24
2025-06-22,knmi_seamless,h0,27.2,24
2025-06-22,jma_gsm,h0,26.9,24
2025-06-23,gfs_seamless,h24,28.0,24
2025-06-23,cma_grapes_global,h24,24.4,24
2025-06-23,jma_seamless,h24,24.8,24
2025-06-23,knmi_seamless,h24,26.9,24
2025-06-23,jma_gsm,h24,24.8,24
2025-06-23,gfs_seamless,h0,25.9,24
2025-06-23,cma_grapes_global,h0,26.9,24
2025-06-23,jma_seamless,h0,23.5,24
2025-06-23,knmi_seamless,h0,27.1,24
2025-06-23,jma_gsm,h0,23.5,24
2025-06-24,icon_seamless,h24,29.2,24
2025-06-24,meteofrance_seamless,h24,27.6,24
2025-06-24,gem_seamless,h24,28.9,24
2025-06-24,ecmwf_ifs025,h24,28.2,24
2025-06-24,ecmwf_aifs025_single,h24,28.1,24
2025-06-24,icon_seamless,h0,28.6,24
2025-06-24,ukmo_seamless,h0,28.3,24
2025-06-24,meteofrance_seamless,h0,28.3,24
2025-06-24,gem_seamless,h0,28.7,24
2025-06-24,ecmwf_ifs025,h0,28.2,24
2025-06-24,ecmwf_aifs025_single,h0,28.5,24
2025-06-25,icon_seamless,h24,25.7,24
2025-06-25,meteofrance_seamless,h24,26.1,24
2025-06-25,gem_seamless,h24,25.9,24
2025-06-25,ecmwf_ifs025,h24,30.5,24
2025-06-25,ecmwf_aifs025_single,h24,27.3,24
2025-06-25,icon_seamless,h0,27.3,24
2025-06-25,ukmo_seamless,h0,29.6,24
2025-06-25,meteofrance_seamless,h0,25.7,24
2025-06-25,gem_seamless,h0,27.8,24
2025-06-25,ecmwf_ifs025,h0,27.5,24
2025-06-25,ecmwf_aifs025_single,h0,26.5,24
2025-06-26,icon_seamless,h24,25.8,24
2025-06-26,meteofrance_seamless,h24,28.0,24
2025-06-26,gem_seamless,h24,27.7,24
2025-06-26,ecmwf_ifs025,h24,29.6,24
2025-06-26,ecmwf_aifs025_single,h24,27.8,24
2025-06-26,icon_seamless,h0,27.1,24
2025-06-26,ukmo_seamless,h0,28.2,24
2025-06-26,meteofrance_seamless,h0,26.1,24
2025-06-26,gem_seamless,h0,26.5,24
2025-06-26,ecmwf_ifs025,h0,28.1,24
2025-06-26,ecmwf_aifs025_single,h0,27.8,24
2025-06-26,ukmo_seamless,h24,28.7,16
2025-06-27,icon_seamless,h24,27.4,24
2025-06-27,ukmo_seamless,h24,31.8,24
2025-06-27,meteofrance_seamless,h24,27.7,24
2025-06-27,gem_seamless,h24,27.5,24
2025-06-27,ecmwf_ifs025,h24,29.2,24
2025-06-27,ecmwf_aifs025_single,h24,27.3,24
2025-06-27,icon_seamless,h0,26.3,24
2025-06-27,ukmo_seamless,h0,29.4,24
2025-06-27,meteofrance_seamless,h0,26.8,24
2025-06-27,gem_seamless,h0,29.2,24
2025-06-27,ecmwf_ifs025,h0,26.0,24
2025-06-27,ecmwf_aifs025_single,h0,26.4,24
2025-06-28,icon_seamless,h24,29.6,24
2025-06-28,ukmo_seamless,h24,31.4,24
2025-06-28,meteofrance_seamless,h24,30.0,24
2025-06-28,gem_seamless,h24,28.5,24
2025-06-28,ecmwf_ifs025,h24,30.4,24
2025-06-28,ecmwf_aifs025_single,h24,28.9,24
2025-06-28,icon_seamless,h0,29.9,24
2025-06-28,ukmo_seamless,h0,32.3,24
2025-06-28,meteofrance_seamless,h0,30.2,24
2025-06-28,gem_seamless,h0,30.1,24
2025-06-28,ecmwf_ifs025,h0,29.8,24
2025-06-28,ecmwf_aifs025_single,h0,29.0,24
2025-06-29,icon_seamless,h24,28.1,24
2025-06-29,ukmo_seamless,h24,31.3,24
2025-06-29,meteofrance_seamless,h24,28.8,24
2025-06-29,gem_seamless,h24,26.9,24
2025-06-29,ecmwf_ifs025,h24,28.3,24
2025-06-29,ecmwf_aifs025_single,h24,28.5,24
2025-06-29,icon_seamless,h0,27.6,24
2025-06-29,ukmo_seamless,h0,27.1,24
2025-06-29,meteofrance_seamless,h0,27.1,24
2025-06-29,gem_seamless,h0,27.3,24
2025-06-29,ecmwf_ifs025,h0,28.1,24
2025-06-29,ecmwf_aifs025_single,h0,27.6,24
2025-06-30,icon_seamless,h24,33.5,24
2025-06-30,ukmo_seamless,h24,34.5,24
2025-06-30,meteofrance_seamless,h24,31.5,24
2025-06-30,gem_seamless,h24,32.4,24
2025-06-30,ecmwf_ifs025,h24,33.1,24
2025-06-30,ecmwf_aifs025_single,h24,33.9,24
2025-06-30,icon_seamless,h0,34.2,24
2025-06-30,ukmo_seamless,h0,32.8,24
2025-06-30,meteofrance_seamless,h0,31.9,24
2025-06-30,gem_seamless,h0,33.1,24
2025-06-30,ecmwf_ifs025,h0,31.9,24
2025-06-30,ecmwf_aifs025_single,h0,33.6,24
2025-07-01,icon_seamless,h24,34.7,24
2025-07-01,ukmo_seamless,h24,35.0,24
2025-07-01,meteofrance_seamless,h24,32.7,24
2025-07-01,gem_seamless,h24,33.7,24
2025-07-01,ecmwf_ifs025,h24,32.8,24
2025-07-01,ecmwf_aifs025_single,h24,34.9,24
2025-07-01,icon_seamless,h0,35.3,24
2025-07-01,ukmo_seamless,h0,34.7,24
2025-07-01,meteofrance_seamless,h0,32.6,24
2025-07-01,gem_seamless,h0,34.0,24
2025-07-01,ecmwf_ifs025,h0,33.6,24
2025-07-01,ecmwf_aifs025_single,h0,34.7,24
2025-07-02,icon_seamless,h24,36.3,24
2025-07-02,ukmo_seamless,h24,35.9,24
2025-07-02,meteofrance_seamless,h24,33.6,24
2025-07-02,gem_seamless,h24,34.6,24
2025-07-02,ecmwf_ifs025,h24,34.4,24
2025-07-02,ecmwf_aifs025_single,h24,35.8,24
2025-07-02,icon_seamless,h0,35.9,24
2025-07-02,ukmo_seamless,h0,35.3,24
2025-07-02,meteofrance_seamless,h0,34.3,24
2025-07-02,gem_seamless,h0,34.5,24
2025-07-02,ecmwf_ifs025,h0,34.4,24
2025-07-02,ecmwf_aifs025_single,h0,35.0,24
2025-07-03,icon_seamless,h24,36.8,24
2025-07-03,ukmo_seamless,h24,36.1,24
2025-07-03,meteofrance_seamless,h24,33.8,24
2025-07-03,gem_seamless,h24,35.1,24
2025-07-03,ecmwf_ifs025,h24,34.7,24
2025-07-03,ecmwf_aifs025_single,h24,36.5,24
2025-07-03,icon_seamless,h0,36.1,24
2025-07-03,ukmo_seamless,h0,36.3,24
2025-07-03,meteofrance_seamless,h0,34.1,24
2025-07-03,gem_seamless,h0,35.2,24
2025-07-03,ecmwf_ifs025,h0,34.8,24
2025-07-03,ecmwf_aifs025_single,h0,35.3,24
2025-07-04,icon_seamless,h24,37.2,24
2025-07-04,ukmo_seamless,h24,37.2,24
2025-07-04,meteofrance_seamless,h24,34.4,24
2025-07-04,gem_seamless,h24,35.7,24
2025-07-04,ecmwf_ifs025,h24,35.5,24
2025-07-04,ecmwf_aifs025_single,h24,37.0,24
2025-07-04,icon_seamless,h0,36.7,24
2025-07-04,ukmo_seamless,h0,37.0,24
2025-07-04,meteofrance_seamless,h0,35.0,24
2025-07-04,gem_seamless,h0,35.9,24
2025-07-04,ecmwf_ifs025,h0,35.7,24
2025-07-04,ecmwf_aifs025_single,h0,36.2,24
2025-07-05,icon_seamless,h24,38.0,24
2025-07-05,ukmo_seamless,h24,38.3,24
2025-07-05,meteofrance_seamless,h24,35.4,24
2025-07-05,gem_seamless,h24,37.0,24
2025-07-05,ecmwf_ifs025,h24,36.5,24
2025-07-05,ecmwf_aifs025_single,h24,37.2,24
2025-07-05,icon_seamless,h0,37.2,24
2025-07-05,ukmo_seamless,h0,38.2,24
2025-07-05,meteofrance_seamless,h0,36.2,24
2025-07-05,gem_seamless,h0,36.8,24
2025-07-05,ecmwf_ifs025,h0,36.5,24
2025-07-05,ecmwf_aifs025_single,h0,36.9,24
2025-07-06,icon_seamless,h24,37.6,24
2025-07-06,ukmo_seamless,h24,38.0,24
2025-07-06,meteofrance_seamless,h24,35.7,24
2025-07-06,gem_seamless,h24,37.0,24
2025-07-06,ecmwf_ifs025,h24,36.0,24
2025-07-06,ecmwf_aifs025_single,h24,36.7,24
2025-07-06,icon_seamless,h0,37.1,24
2025-07-06,ukmo_seamless,h0,36.9,24
2025-07-06,meteofrance_seamless,h0,36.0,24
2025-07-06,gem_seamless,h0,36.9,24
2025-07-06,ecmwf_ifs025,h0,36.1,24
2025-07-06,ecmwf_aifs025_single,h0,36.9,24
2025-07-07,icon_seamless,h24,36.6,24
2025-07-07,ukmo_seamless,h24,37.2,24
2025-07-07,meteofrance_seamless,h24,35.6,24
2025-07-07,gem_seamless,h24,36.7,24
2025-07-07,ecmwf_ifs025,h24,35.8,24
2025-07-07,ecmwf_aifs025_single,h24,36.4,24
2025-07-07,icon_seamless,h0,36.3,24
2025-07-07,ukmo_seamless,h0,36.2,24
2025-07-07,meteofrance_seamless,h0,35.8,24
2025-07-07,gem_seamless,h0,36.4,24
2025-07-07,ecmwf_ifs025,h0,35.9,24
2025-07-07,ecmwf_aifs025_single,h0,36.0,24
2025-07-08,icon_seamless,h24,36.4,24
2025-07-08,ukmo_seamless,h24,36.8,24
2025-07-08,meteofrance_seamless,h24,35.9,24
2025-07-08,gem_seamless,h24,36.7,24
2025-07-08,ecmwf_ifs025,h24,35.6,24
2025-07-08,ecmwf_aifs025_single,h24,35.8,24
2025-07-08,icon_seamless,h0,35.9,24
2025-07-08,ukmo_seamless,h0,35.5,24
2025-07-08,meteofrance_seamless,h0,35.2,24
2025-07-08,gem_seamless,h0,37.2,24
2025-07-08,ecmwf_ifs025,h0,35.8,24
2025-07-08,ecmwf_aifs025_single,h0,36.0,24
2025-07-09,icon_seamless,h24,34.4,24
2025-07-09,ukmo_seamless,h24,34.9,24
2025-07-09,meteofrance_seamless,h24,33.5,24
2025-07-09,gem_seamless,h24,35.5,24
2025-07-09,ecmwf_ifs025,h24,33.6,24
2025-07-09,ecmwf_aifs025_single,h24,35.0,24
2025-07-09,icon_seamless,h0,34.8,24
2025-07-09,ukmo_seamless,h0,34.8,24
2025-07-09,meteofrance_seamless,h0,34.3,24
2025-07-09,gem_seamless,h0,35.2,24
2025-07-09,ecmwf_ifs025,h0,33.8,24
2025-07-09,ecmwf_aifs025_single,h0,34.1,24
2025-07-10,icon_seamless,h24,35.6,24
2025-07-10,ukmo_seamless,h24,34.7,24
2025-07-10,meteofrance_seamless,h24,34.9,24
2025-07-10,gem_seamless,h24,35.0,24
2025-07-10,ecmwf_ifs025,h24,33.8,24
2025-07-10,ecmwf_aifs025_single,h24,35.4,24
2025-07-10,icon_seamless,h0,35.9,24
2025-07-10,ukmo_seamless,h0,34.5,24
2025-07-10,meteofrance_seamless,h0,34.6,24
2025-07-10,gem_seamless,h0,35.2,24
2025-07-10,ecmwf_ifs025,h0,33.5,24
2025-07-10,ecmwf_aifs025_single,h0,34.3,24
2025-07-11,icon_seamless,h24,34.3,24
2025-07-11,ukmo_seamless,h24,34.5,24
2025-07-11,meteofrance_seamless,h24,34.3,24
2025-07-11,gem_seamless,h24,33.6,24
2025-07-11,ecmwf_ifs025,h24,33.7,24
2025-07-11,ecmwf_aifs025_single,h24,35.1,24
2025-07-11,icon_seamless,h0,34.2,24
2025-07-11,ukmo_seamless,h0,33.6,24
2025-07-11,meteofrance_seamless,h0,33.4,24
2025-07-11,gem_seamless,h0,33.4,24
2025-07-11,ecmwf_ifs025,h0,32.7,24
2025-07-11,ecmwf_aifs025_single,h0,33.7,24
2025-07-12,icon_seamless,h24,33.1,24
2025-07-12,ukmo_seamless,h24,29.3,10
2025-07-12,meteofrance_seamless,h24,32.7,24
2025-07-12,gem_seamless,h24,33.0,24
2025-07-12,ecmwf_ifs025,h24,32.3,24
2025-07-12,ecmwf_aifs025_single,h24,32.9,24
2025-07-12,icon_seamless,h0,32.3,24
2025-07-12,ukmo_seamless,h0,32.0,24
2025-07-12,meteofrance_seamless,h0,31.3,24
2025-07-12,gem_seamless,h0,31.6,24
2025-07-12,ecmwf_ifs025,h0,32.5,24
2025-07-12,ecmwf_aifs025_single,h0,31.9,24
2025-07-13,icon_seamless,h24,34.3,24
2025-07-13,meteofrance_seamless,h24,34.2,24
2025-07-13,gem_seamless,h24,34.6,24
2025-07-13,ecmwf_ifs025,h24,33.3,24
2025-07-13,ecmwf_aifs025_single,h24,34.5,24
2025-07-13,icon_seamless,h0,34.3,24
2025-07-13,ukmo_seamless,h0,32.9,24
2025-07-13,meteofrance_seamless,h0,34.8,24
2025-07-13,gem_seamless,h0,35.5,24
2025-07-13,ecmwf_ifs025,h0,32.9,24
2025-07-13,ecmwf_aifs025_single,h0,33.7,24
2025-07-14,icon_seamless,h24,35.6,24
2025-07-14,meteofrance_seamless,h24,37.4,24
2025-07-14,gem_seamless,h24,36.0,24
2025-07-14,ecmwf_ifs025,h24,34.0,24
2025-07-14,ecmwf_aifs025_single,h24,35.8,24
2025-07-14,icon_seamless,h0,34.8,24
2025-07-14,ukmo_seamless,h0,34.2,24
2025-07-14,meteofrance_seamless,h0,36.1,24
2025-07-14,gem_seamless,h0,36.5,24
2025-07-14,ecmwf_ifs025,h0,34.2,24
2025-07-14,ecmwf_aifs025_single,h0,34.5,24
2025-07-15,icon_seamless,h24,36.9,24
2025-07-15,meteofrance_seamless,h24,37.9,24
2025-07-15,gem_seamless,h24,37.6,24
2025-07-15,ecmwf_ifs025,h24,35.7,24
2025-07-15,ecmwf_aifs025_single,h24,36.5,24
2025-07-15,icon_seamless,h0,36.2,24
2025-07-15,ukmo_seamless,h0,35.7,24
2025-07-15,meteofrance_seamless,h0,37.2,24
2025-07-15,gem_seamless,h0,36.9,24
2025-07-15,ecmwf_ifs025,h0,35.7,24
2025-07-15,ecmwf_aifs025_single,h0,35.5,24
2025-07-16,icon_seamless,h24,38.4,24
2025-07-16,meteofrance_seamless,h24,38.8,24
2025-07-16,gem_seamless,h24,38.7,24
2025-07-16,ecmwf_ifs025,h24,37.2,24
2025-07-16,ecmwf_aifs025_single,h24,38.1,24
2025-07-16,icon_seamless,h0,37.8,24
2025-07-16,ukmo_seamless,h0,38.0,24
2025-07-16,meteofrance_seamless,h0,38.5,24
2025-07-16,gem_seamless,h0,37.9,24
2025-07-16,ecmwf_ifs025,h0,37.1,24
2025-07-16,ecmwf_aifs025_single,h0,36.9,24
2025-07-17,icon_seamless,h24,36.4,24
2025-07-17,meteofrance_seamless,h24,36.2,24
2025-07-17,gem_seamless,h24,35.6,24
2025-07-17,ecmwf_ifs025,h24,36.5,24
2025-07-17,ecmwf_aifs025_single,h24,33.1,24
2025-07-17,icon_seamless,h0,34.8,24
2025-07-17,ukmo_seamless,h0,36.4,24
2025-07-17,meteofrance_seamless,h0,36.0,24
2025-07-17,gem_seamless,h0,36.5,24
2025-07-17,ecmwf_ifs025,h0,34.0,24
2025-07-17,ecmwf_aifs025_single,h0,33.2,24
2025-07-18,icon_seamless,h24,36.0,24
2025-07-18,meteofrance_seamless,h24,34.0,24
2025-07-18,gem_seamless,h24,34.8,24
2025-07-18,ecmwf_ifs025,h24,35.0,24
2025-07-18,ecmwf_aifs025_single,h24,35.9,24
2025-07-18,icon_seamless,h0,36.6,24
2025-07-18,ukmo_seamless,h0,37.0,24
2025-07-18,meteofrance_seamless,h0,35.7,24
2025-07-18,gem_seamless,h0,35.7,24
2025-07-18,ecmwf_ifs025,h0,35.5,24
2025-07-18,ecmwf_aifs025_single,h0,35.3,24
2025-07-19,icon_seamless,h24,35.0,24
2025-07-19,meteofrance_seamless,h24,36.0,24
2025-07-19,gem_seamless,h24,35.6,24
2025-07-19,ecmwf_ifs025,h24,34.2,24
2025-07-19,ecmwf_aifs025_single,h24,35.3,24
2025-07-19,icon_seamless,h0,34.9,24
2025-07-19,ukmo_seamless,h0,35.6,24
2025-07-19,meteofrance_seamless,h0,35.9,24
2025-07-19,gem_seamless,h0,36.1,24
2025-07-19,ecmwf_ifs025,h0,34.4,24
2025-07-19,ecmwf_aifs025_single,h0,34.2,24
2025-07-20,icon_seamless,h24,36.8,24
2025-07-20,meteofrance_seamless,h24,37.1,24
2025-07-20,gem_seamless,h24,37.3,24
2025-07-20,ecmwf_ifs025,h24,35.9,24
2025-07-20,ecmwf_aifs025_single,h24,36.7,24
2025-07-20,icon_seamless,h0,35.9,24
2025-07-20,ukmo_seamless,h0,36.8,24
2025-07-20,meteofrance_seamless,h0,35.5,24
2025-07-20,gem_seamless,h0,35.6,24
2025-07-20,ecmwf_ifs025,h0,35.2,24
2025-07-20,ecmwf_aifs025_single,h0,35.5,24
2025-07-20,ukmo_seamless,h24,36.3,13
2025-07-21,icon_seamless,h24,35.4,24
2025-07-21,ukmo_seamless,h24,36.1,24
2025-07-21,meteofrance_seamless,h24,37.4,24
2025-07-21,gem_seamless,h24,36.0,24
2025-07-21,ecmwf_ifs025,h24,34.8,24
2025-07-21,ecmwf_aifs025_single,h24,36.1,24
2025-07-21,icon_seamless,h0,36.9,24
2025-07-21,ukmo_seamless,h0,35.5,24
2025-07-21,meteofrance_seamless,h0,36.6,24
2025-07-21,gem_seamless,h0,36.1,24
2025-07-21,ecmwf_ifs025,h0,34.7,24
2025-07-21,ecmwf_aifs025_single,h0,35.2,24
2025-07-22,icon_seamless,h24,30.6,24
2025-07-22,ukmo_seamless,h24,31.8,24
2025-07-22,meteofrance_seamless,h24,29.9,24
2025-07-22,gem_seamless,h24,30.6,24
2025-07-22,ecmwf_ifs025,h24,31.4,24
2025-07-22,ecmwf_aifs025_single,h24,31.5,24
2025-07-22,icon_seamless,h0,31.3,24
2025-07-22,ukmo_seamless,h0,31.8,24
2025-07-22,meteofrance_seamless,h0,31.4,24
2025-07-22,gem_seamless,h0,30.2,24
2025-07-22,ecmwf_ifs025,h0,30.6,24
2025-07-22,ecmwf_aifs025_single,h0,31.0,24
2025-07-23,icon_seamless,h24,33.6,24
2025-07-23,ukmo_seamless,h24,33.4,24
2025-07-23,meteofrance_seamless,h24,34.0,24
2025-07-23,gem_seamless,h24,31.5,24
2025-07-23,ecmwf_ifs025,h24,34.2,24
2025-07-23,ecmwf_aifs025_single,h24,34.3,24
2025-07-23,icon_seamless,h0,32.6,24
2025-07-23,ukmo_seamless,h0,34.1,24
2025-07-23,meteofrance_seamless,h0,33.1,24
2025-07-23,gem_seamless,h0,33.5,24
2025-07-23,ecmwf_ifs025,h0,33.7,24
2025-07-23,ecmwf_aifs025_single,h0,33.2,24
2025-07-24,icon_seamless,h24,36.0,24
2025-07-24,ukmo_seamless,h24,35.7,24
2025-07-24,meteofrance_seamless,h24,38.5,24
2025-07-24,gem_seamless,h24,36.1,24
2025-07-24,ecmwf_ifs025,h24,35.3,24
2025-07-24,ecmwf_aifs025_single,h24,36.2,24
2025-07-24,icon_seamless,h0,35.5,24
2025-07-24,ukmo_seamless,h0,35.2,24
2025-07-24,meteofrance_seamless,h0,37.8,24
2025-07-24,gem_seamless,h0,36.3,24
2025-07-24,ecmwf_ifs025,h0,35.0,24
2025-07-24,ecmwf_aifs025_single,h0,35.4,24
2025-07-25,icon_seamless,h24,37.2,24
2025-07-25,ukmo_seamless,h24,36.4,24
2025-07-25,meteofrance_seamless,h24,40.0,24
2025-07-25,gem_seamless,h24,37.4,24
2025-07-25,ecmwf_ifs025,h24,35.3,24
2025-07-25,ecmwf_aifs025_single,h24,36.5,24
2025-07-25,icon_seamless,h0,36.4,24
2025-07-25,ukmo_seamless,h0,36.2,24
2025-07-25,meteofrance_seamless,h0,39.3,24
2025-07-25,gem_seamless,h0,37.8,24
2025-07-25,ecmwf_ifs025,h0,35.1,24
2025-07-25,ecmwf_aifs025_single,h0,34.8,24
2025-07-26,icon_seamless,h24,36.0,24
2025-07-26,ukmo_seamless,h24,35.1,24
2025-07-26,meteofrance_seamless,h24,37.8,24
2025-07-26,gem_seamless,h24,36.7,24
2025-07-26,ecmwf_ifs025,h24,35.1,24
2025-07-26,ecmwf_aifs025_single,h24,35.7,24
2025-07-26,icon_seamless,h0,35.6,24
2025-07-26,ukmo_seamless,h0,35.1,24
2025-07-26,meteofrance_seamless,h0,37.0,24
2025-07-26,gem_seamless,h0,35.6,24
2025-07-26,ecmwf_ifs025,h0,34.9,24
2025-07-26,ecmwf_aifs025_single,h0,35.2,24
2025-07-27,icon_seamless,h24,35.0,24
2025-07-27,ukmo_seamless,h24,33.5,24
2025-07-27,meteofrance_seamless,h24,36.5,24
2025-07-27,gem_seamless,h24,35.7,24
2025-07-27,ecmwf_ifs025,h24,34.1,24
2025-07-27,ecmwf_aifs025_single,h24,34.7,24
2025-07-27,icon_seamless,h0,36.9,24
2025-07-27,ukmo_seamless,h0,35.5,24
2025-07-27,meteofrance_seamless,h0,37.1,24
2025-07-27,gem_seamless,h0,33.6,24
2025-07-27,ecmwf_ifs025,h0,34.4,24
2025-07-27,ecmwf_aifs025_single,h0,35.6,24
2025-07-28,icon_seamless,h24,35.2,24
2025-07-28,ukmo_seamless,h24,34.1,24
2025-07-28,meteofrance_seamless,h24,37.6,24
2025-07-28,gem_seamless,h24,35.0,24
2025-07-28,ecmwf_ifs025,h24,34.5,24
2025-07-28,ecmwf_aifs025_single,h24,35.9,24
2025-07-28,icon_seamless,h0,35.4,24
2025-07-28,ukmo_seamless,h0,33.9,24
2025-07-28,meteofrance_seamless,h0,36.7,24
2025-07-28,gem_seamless,h0,34.4,24
2025-07-28,ecmwf_ifs025,h0,33.1,24
2025-07-28,ecmwf_aifs025_single,h0,32.5,24
2025-07-29,icon_seamless,h24,34.2,24
2025-07-29,ukmo_seamless,h24,36.0,24
2025-07-29,meteofrance_seamless,h24,38.4,24
2025-07-29,gem_seamless,h24,35.1,24
2025-07-29,ecmwf_ifs025,h24,34.3,24
2025-07-29,ecmwf_aifs025_single,h24,36.3,24
2025-07-29,icon_seamless,h0,36.3,24
2025-07-29,ukmo_seamless,h0,35.5,24
2025-07-29,meteofrance_seamless,h0,38.5,24
2025-07-29,gem_seamless,h0,37.2,24
2025-07-29,ecmwf_ifs025,h0,35.8,24
2025-07-29,ecmwf_aifs025_single,h0,36.3,24
2025-07-30,icon_seamless,h24,36.6,24
2025-07-30,ukmo_seamless,h24,36.2,24
2025-07-30,meteofrance_seamless,h24,38.7,24
2025-07-30,gem_seamless,h24,36.4,24
2025-07-30,ecmwf_ifs025,h24,34.5,24
2025-07-30,ecmwf_aifs025_single,h24,36.5,24
2025-07-30,icon_seamless,h0,37.0,24
2025-07-30,ukmo_seamless,h0,34.7,24
2025-07-30,meteofrance_seamless,h0,38.0,24
2025-07-30,gem_seamless,h0,35.0,24
2025-07-30,ecmwf_ifs025,h0,36.2,24
2025-07-30,ecmwf_aifs025_single,h0,36.2,24
2025-07-31,icon_seamless,h24,36.7,24
2025-07-31,ukmo_seamless,h24,35.2,24
2025-07-31,meteofrance_seamless,h24,38.5,24
2025-07-31,gem_seamless,h24,35.0,24
2025-07-31,ecmwf_ifs025,h24,36.3,24
2025-07-31,ecmwf_aifs025_single,h24,35.4,24
2025-07-31,icon_seamless,h0,35.5,24
2025-07-31,ukmo_seamless,h0,34.9,24
2025-07-31,meteofrance_seamless,h0,36.6,24
2025-07-31,gem_seamless,h0,35.7,24
2025-07-31,ecmwf_ifs025,h0,35.7,24
2025-07-31,ecmwf_aifs025_single,h0,35.1,24
2025-08-01,icon_seamless,h24,35.4,24
2025-08-01,ukmo_seamless,h24,34.2,24
2025-08-01,meteofrance_seamless,h24,38.3,24
2025-08-01,gem_seamless,h24,35.9,24
2025-08-01,ecmwf_ifs025,h24,35.9,24
2025-08-01,ecmwf_aifs025_single,h24,35.1,24
2025-08-01,icon_seamless,h0,34.1,24
2025-08-01,ukmo_seamless,h0,33.7,24
2025-08-01,meteofrance_seamless,h0,36.9,24
2025-08-01,gem_seamless,h0,35.0,24
2025-08-01,ecmwf_ifs025,h0,33.9,24
2025-08-01,ecmwf_aifs025_single,h0,33.7,24
2025-08-02,icon_seamless,h24,36.3,24
2025-08-02,ukmo_seamless,h24,36.0,24
2025-08-02,meteofrance_seamless,h24,38.8,24
2025-08-02,gem_seamless,h24,36.7,24
2025-08-02,ecmwf_ifs025,h24,35.0,24
2025-08-02,ecmwf_aifs025_single,h24,36.2,24
2025-08-02,icon_seamless,h0,35.4,24
2025-08-02,ukmo_seamless,h0,35.0,24
2025-08-02,meteofrance_seamless,h0,38.8,24
2025-08-02,gem_seamless,h0,35.3,24
2025-08-02,ecmwf_ifs025,h0,34.0,24
2025-08-02,ecmwf_aifs025_single,h0,34.6,24
2025-08-03,icon_seamless,h24,37.9,24
2025-08-03,ukmo_seamless,h24,36.4,24
2025-08-03,meteofrance_seamless,h24,40.6,24
2025-08-03,gem_seamless,h24,37.1,24
2025-08-03,ecmwf_ifs025,h24,36.7,24
2025-08-03,ecmwf_aifs025_single,h24,37.2,24
2025-08-03,icon_seamless,h0,37.9,24
2025-08-03,ukmo_seamless,h0,36.5,24
2025-08-03,meteofrance_seamless,h0,39.9,24
2025-08-03,gem_seamless,h0,37.3,24
2025-08-03,ecmwf_ifs025,h0,36.7,24
2025-08-03,ecmwf_aifs025_single,h0,37.4,24
2025-08-04,icon_seamless,h24,37.4,24
2025-08-04,ukmo_seamless,h24,37.8,24
2025-08-04,meteofrance_seamless,h24,40.3,24
2025-08-04,gem_seamless,h24,36.8,24
2025-08-04,ecmwf_ifs025,h24,37.4,24
2025-08-04,ecmwf_aifs025_single,h24,38.0,24
2025-08-04,icon_seamless,h0,38.1,24
2025-08-04,ukmo_seamless,h0,37.6,24
2025-08-04,meteofrance_seamless,h0,39.9,24
2025-08-04,gem_seamless,h0,37.6,24
2025-08-04,ecmwf_ifs025,h0,37.4,24
2025-08-04,ecmwf_aifs025_single,h0,37.9,24
2025-08-05,icon_seamless,h24,38.1,24
2025-08-05,ukmo_seamless,h24,37.9,24
2025-08-05,meteofrance_seamless,h24,39.8,24
2025-08-05,gem_seamless,h24,37.3,24
2025-08-05,ecmwf_ifs025,h24,37.5,24
2025-08-05,ecmwf_aifs025_single,h24,38.4,24
2025-08-05,icon_seamless,h0,37.7,24
2025-08-05,ukmo_seamless,h0,37.5,24
2025-08-05,meteofrance_seamless,h0,39.6,24
2025-08-05,gem_seamless,h0,38.3,24
2025-08-05,ecmwf_ifs025,h0,36.5,24
2025-08-05,ecmwf_aifs025_single,h0,37.1,24
2025-08-06,icon_seamless,h24,34.7,24
2025-08-06,ukmo_seamless,h24,36.3,24
2025-08-06,meteofrance_seamless,h24,36.4,24
2025-08-06,gem_seamless,h24,33.6,24
2025-08-06,ecmwf_ifs025,h24,35.3,24
2025-08-06,ecmwf_aifs025_single,h24,35.8,24
2025-08-06,icon_seamless,h0,34.7,24
2025-08-06,ukmo_seamless,h0,33.9,24
2025-08-06,meteofrance_seamless,h0,34.2,24
2025-08-06,gem_seamless,h0,33.2,24
2025-08-06,ecmwf_ifs025,h0,34.5,24
2025-08-06,ecmwf_aifs025_single,h0,34.0,24
2025-08-07,icon_seamless,h24,32.5,24
2025-08-07,ukmo_seamless,h24,33.3,24
2025-08-07,meteofrance_seamless,h24,32.1,24
2025-08-07,gem_seamless,h24,31.9,24
2025-08-07,ecmwf_ifs025,h24,31.9,24
2025-08-07,ecmwf_aifs025_single,h24,33.3,24
2025-08-07,icon_seamless,h0,30.1,24
2025-08-07,ukmo_seamless,h0,31.8,24
2025-08-07,meteofrance_seamless,h0,30.9,24
2025-08-07,gem_seamless,h0,29.8,24
2025-08-07,ecmwf_ifs025,h0,31.8,24
2025-08-07,ecmwf_aifs025_single,h0,32.3,24
2025-08-08,icon_seamless,h24,34.7,24
2025-08-08,ukmo_seamless,h24,35.0,24
2025-08-08,meteofrance_seamless,h24,33.6,24
2025-08-08,gem_seamless,h24,33.5,24
2025-08-08,ecmwf_ifs025,h24,33.7,24
2025-08-08,ecmwf_aifs025_single,h24,33.5,24
2025-08-08,icon_seamless,h0,34.3,24
2025-08-08,ukmo_seamless,h0,33.8,24
2025-08-08,meteofrance_seamless,h0,33.1,24
2025-08-08,gem_seamless,h0,33.5,24
2025-08-08,ecmwf_ifs025,h0,32.9,24
2025-08-08,ecmwf_aifs025_single,h0,33.5,24
2025-08-09,icon_seamless,h24,36.2,24
2025-08-09,ukmo_seamless,h24,35.8,24
2025-08-09,meteofrance_seamless,h24,37.4,24
2025-08-09,gem_seamless,h24,36.8,24
2025-08-09,ecmwf_ifs025,h24,35.4,24
2025-08-09,ecmwf_aifs025_single,h24,35.6,24
2025-08-09,icon_seamless,h0,36.1,24
2025-08-09,ukmo_seamless,h0,35.6,24
2025-08-09,meteofrance_seamless,h0,36.6,24
2025-08-09,gem_seamless,h0,37.0,24
2025-08-09,ecmwf_ifs025,h0,35.0,24
2025-08-09,ecmwf_aifs025_single,h0,34.2,24
2025-08-10,icon_seamless,h24,30.7,24
2025-08-10,ukmo_seamless,h24,29.2,24
2025-08-10,meteofrance_seamless,h24,32.5,24
2025-08-10,gem_seamless,h24,27.3,24
2025-08-10,ecmwf_ifs025,h24,29.4,24
2025-08-10,ecmwf_aifs025_single,h24,29.1,24
2025-08-10,icon_seamless,h0,29.5,24
2025-08-10,ukmo_seamless,h0,31.9,24
2025-08-10,meteofrance_seamless,h0,33.1,24
2025-08-10,gem_seamless,h0,30.8,24
2025-08-10,ecmwf_ifs025,h0,31.6,24
2025-08-10,ecmwf_aifs025_single,h0,30.8,24
2025-08-11,icon_seamless,h24,25.9,24
2025-08-11,ukmo_seamless,h24,29.2,24
2025-08-11,meteofrance_seamless,h24,25.2,24
2025-08-11,gem_seamless,h24,26.3,24
2025-08-11,ecmwf_ifs025,h24,27.0,24
2025-08-11,ecmwf_aifs025_single,h24,26.2,24
2025-08-11,icon_seamless,h0,27.0,24
2025-08-11,ukmo_seamless,h0,27.1,24
2025-08-11,meteofrance_seamless,h0,27.1,24
2025-08-11,gem_seamless,h0,26.4,24
2025-08-11,ecmwf_ifs025,h0,26.4,24
2025-08-11,ecmwf_aifs025_single,h0,25.9,24
2025-08-12,icon_seamless,h24,26.7,24
2025-08-12,ukmo_seamless,h24,27.8,24
2025-08-12,meteofrance_seamless,h24,26.0,24
2025-08-12,gem_seamless,h24,26.9,24
2025-08-12,ecmwf_ifs025,h24,27.1,24
2025-08-12,ecmwf_aifs025_single,h24,26.9,24
2025-08-12,icon_seamless,h0,26.9,24
2025-08-12,ukmo_seamless,h0,28.8,24
2025-08-12,meteofrance_seamless,h0,28.5,24
2025-08-12,gem_seamless,h0,27.2,24
2025-08-12,ecmwf_ifs025,h0,29.3,24
2025-08-12,ecmwf_aifs025_single,h0,26.6,24
2025-08-13,icon_seamless,h24,28.1,24
2025-08-13,ukmo_seamless,h24,27.8,24
2025-08-13,meteofrance_seamless,h24,28.0,24
2025-08-13,gem_seamless,h24,28.6,24
2025-08-13,ecmwf_ifs025,h24,29.1,24
2025-08-13,ecmwf_aifs025_single,h24,28.8,24
2025-08-13,icon_seamless,h0,29.7,24
2025-08-13,ukmo_seamless,h0,30.2,24
2025-08-13,meteofrance_seamless,h0,28.7,24
2025-08-13,gem_seamless,h0,28.5,24
2025-08-13,ecmwf_ifs025,h0,30.0,24
2025-08-13,ecmwf_aifs025_single,h0,30.0,24
2025-08-14,icon_seamless,h24,35.4,24
2025-08-14,ukmo_seamless,h24,35.3,24
2025-08-14,meteofrance_seamless,h24,33.0,24
2025-08-14,gem_seamless,h24,34.0,24
2025-08-14,ecmwf_ifs025,h24,33.9,24
2025-08-14,ecmwf_aifs025_single,h24,33.6,24
2025-08-14,icon_seamless,h0,34.6,24
2025-08-14,ukmo_seamless,h0,34.8,24
2025-08-14,meteofrance_seamless,h0,33.9,24
2025-08-14,gem_seamless,h0,34.4,24
2025-08-14,ecmwf_ifs025,h0,33.7,24
2025-08-14,ecmwf_aifs025_single,h0,34.3,24
2025-08-15,icon_seamless,h24,35.3,24
2025-08-15,ukmo_seamless,h24,34.9,24
2025-08-15,meteofrance_seamless,h24,34.1,24
2025-08-15,gem_seamless,h24,34.3,24
2025-08-15,ecmwf_ifs025,h24,33.6,24
2025-08-15,ecmwf_aifs025_single,h24,34.1,24
2025-08-15,icon_seamless,h0,35.5,24
2025-08-15,ukmo_seamless,h0,35.4,24
2025-08-15,meteofrance_seamless,h0,34.6,24
2025-08-15,gem_seamless,h0,35.2,24
2025-08-15,ecmwf_ifs025,h0,34.4,24
2025-08-15,ecmwf_aifs025_single,h0,34.6,24
2025-08-16,icon_seamless,h24,36.8,24
2025-08-16,ukmo_seamless,h24,36.2,24
2025-08-16,meteofrance_seamless,h24,35.8,24
2025-08-16,gem_seamless,h24,36.4,24
2025-08-16,ecmwf_ifs025,h24,35.1,24
2025-08-16,ecmwf_aifs025_single,h24,35.7,24
2025-08-16,icon_seamless,h0,35.8,24
2025-08-16,ukmo_seamless,h0,36.3,24
2025-08-16,meteofrance_seamless,h0,36.0,24
2025-08-16,gem_seamless,h0,36.8,24
2025-08-16,ecmwf_ifs025,h0,34.5,24
2025-08-16,ecmwf_aifs025_single,h0,35.7,24
2025-08-17,icon_seamless,h24,37.5,24
2025-08-17,ukmo_seamless,h24,37.0,24
2025-08-17,meteofrance_seamless,h24,37.5,24
2025-08-17,gem_seamless,h24,37.5,24
2025-08-17,ecmwf_ifs025,h24,35.6,24
2025-08-17,ecmwf_aifs025_single,h24,36.3,24
2025-08-17,icon_seamless,h0,36.7,24
2025-08-17,ukmo_seamless,h0,36.9,24
2025-08-17,meteofrance_seamless,h0,37.7,24
2025-08-17,gem_seamless,h0,37.3,24
2025-08-17,ecmwf_ifs025,h0,35.8,24
2025-08-17,ecmwf_aifs025_single,h0,36.4,24
2025-08-18,icon_seamless,h24,37.5,24
2025-08-18,ukmo_seamless,h24,37.0,24
2025-08-18,meteofrance_seamless,h24,38.6,24
2025-08-18,gem_seamless,h24,38.1,24
2025-08-18,ecmwf_ifs025,h24,35.8,24
2025-08-18,ecmwf_aifs025_single,h24,36.2,24
2025-08-18,icon_seamless,h0,37.0,24
2025-08-18,ukmo_seamless,h0,36.5,24
2025-08-18,meteofrance_seamless,h0,38.2,24
2025-08-18,gem_seamless,h0,37.8,24
2025-08-18,ecmwf_ifs025,h0,35.5,24
2025-08-18,ecmwf_aifs025_single,h0,36.1,24
2025-08-19,icon_seamless,h24,35.9,24
2025-08-19,ukmo_seamless,h24,35.8,24
2025-08-19,meteofrance_seamless,h24,37.7,24
2025-08-19,gem_seamless,h24,37.5,24
2025-08-19,ecmwf_ifs025,h24,34.7,24
2025-08-19,ecmwf_aifs025_single,h24,35.3,24
2025-08-19,icon_seamless,h0,35.7,24
2025-08-19,ukmo_seamless,h0,35.8,24
2025-08-19,meteofrance_seamless,h0,37.1,24
2025-08-19,gem_seamless,h0,36.3,24
2025-08-19,ecmwf_ifs025,h0,34.5,24
2025-08-19,ecmwf_aifs025_single,h0,35.1,24
2025-08-20,icon_seamless,h24,36.0,24
2025-08-20,ukmo_seamless,h24,35.2,24
2025-08-20,meteofrance_seamless,h24,37.0,24
2025-08-20,gem_seamless,h24,36.6,24
2025-08-20,ecmwf_ifs025,h24,34.5,24
2025-08-20,ecmwf_aifs025_single,h24,35.2,24
2025-08-20,icon_seamless,h0,35.7,24
2025-08-20,ukmo_seamless,h0,35.7,24
2025-08-20,meteofrance_seamless,h0,36.7,24
2025-08-20,gem_seamless,h0,35.9,24
2025-08-20,ecmwf_ifs025,h0,34.8,24
2025-08-20,ecmwf_aifs025_single,h0,34.5,24
2025-08-21,icon_seamless,h24,35.8,24
2025-08-21,ukmo_seamless,h24,35.8,24
2025-08-21,meteofrance_seamless,h24,35.8,24
2025-08-21,gem_seamless,h24,34.0,24
2025-08-21,ecmwf_ifs025,h24,35.0,24
2025-08-21,ecmwf_aifs025_single,h24,35.0,24
2025-08-21,icon_seamless,h0,35.4,24
2025-08-21,ukmo_seamless,h0,35.0,24
2025-08-21,meteofrance_seamless,h0,35.8,24
2025-08-21,gem_seamless,h0,35.2,24
2025-08-21,ecmwf_ifs025,h0,34.9,24
2025-08-21,ecmwf_aifs025_single,h0,35.6,24
2025-08-22,icon_seamless,h24,34.2,24
2025-08-22,ukmo_seamless,h24,35.8,24
2025-08-22,meteofrance_seamless,h24,34.3,24
2025-08-22,gem_seamless,h24,32.1,24
2025-08-22,ecmwf_ifs025,h24,34.2,24
2025-08-22,ecmwf_aifs025_single,h24,34.1,24
2025-08-22,icon_seamless,h0,35.3,24
2025-08-22,ukmo_seamless,h0,34.8,24
2025-08-22,meteofrance_seamless,h0,33.6,24
2025-08-22,gem_seamless,h0,34.4,24
2025-08-22,ecmwf_ifs025,h0,33.2,24
2025-08-22,ecmwf_aifs025_single,h0,34.5,24
2025-08-23,icon_seamless,h24,35.7,24
2025-08-23,ukmo_seamless,h24,36.1,24
2025-08-23,meteofrance_seamless,h24,35.1,24
2025-08-23,gem_seamless,h24,35.1,24
2025-08-23,ecmwf_ifs025,h24,34.0,24
2025-08-23,ecmwf_aifs025_single,h24,33.9,24
2025-08-23,icon_seamless,h0,35.2,24
2025-08-23,ukmo_seamless,h0,33.8,24
2025-08-23,meteofrance_seamless,h0,36.0,24
2025-08-23,gem_seamless,h0,35.1,24
2025-08-23,ecmwf_ifs025,h0,32.8,24
2025-08-23,ecmwf_aifs025_single,h0,33.0,24
2025-08-24,icon_seamless,h24,37.8,24
2025-08-24,ukmo_seamless,h24,37.7,24
2025-08-24,meteofrance_seamless,h24,37.7,24
2025-08-24,gem_seamless,h24,37.0,24
2025-08-24,ecmwf_ifs025,h24,35.8,24
2025-08-24,ecmwf_aifs025_single,h24,36.3,24
2025-08-24,icon_seamless,h0,37.7,24
2025-08-24,ukmo_seamless,h0,37.0,24
2025-08-24,meteofrance_seamless,h0,38.0,24
2025-08-24,gem_seamless,h0,36.2,24
2025-08-24,ecmwf_ifs025,h0,36.7,24
2025-08-24,ecmwf_aifs025_single,h0,37.2,24
2025-08-25,icon_seamless,h24,38.4,24
2025-08-25,ukmo_seamless,h24,37.8,24
2025-08-25,meteofrance_seamless,h24,39.3,24
2025-08-25,gem_seamless,h24,37.8,24
2025-08-25,ecmwf_ifs025,h24,36.6,24
2025-08-25,ecmwf_aifs025_single,h24,37.0,24
2025-08-25,icon_seamless,h0,38.2,24
2025-08-25,ukmo_seamless,h0,37.5,24
2025-08-25,meteofrance_seamless,h0,39.5,24
2025-08-25,gem_seamless,h0,37.7,24
2025-08-25,ecmwf_ifs025,h0,35.4,24
2025-08-25,ecmwf_aifs025_single,h0,37.7,24
2025-08-26,icon_seamless,h24,37.7,24
2025-08-26,ukmo_seamless,h24,36.8,24
2025-08-26,meteofrance_seamless,h24,40.0,24
2025-08-26,gem_seamless,h24,36.9,24
2025-08-26,ecmwf_ifs025,h24,36.9,24
2025-08-26,ecmwf_aifs025_single,h24,36.1,24
2025-08-26,icon_seamless,h0,36.7,24
2025-08-26,ukmo_seamless,h0,35.5,24
2025-08-26,meteofrance_seamless,h0,38.3,24
2025-08-26,gem_seamless,h0,35.2,24
2025-08-26,ecmwf_ifs025,h0,35.8,24
2025-08-26,ecmwf_aifs025_single,h0,35.5,24
2025-08-27,icon_seamless,h24,37.3,24
2025-08-27,ukmo_seamless,h24,36.9,24
2025-08-27,meteofrance_seamless,h24,39.2,24
2025-08-27,gem_seamless,h24,36.2,24
2025-08-27,ecmwf_ifs025,h24,36.5,24
2025-08-27,ecmwf_aifs025_single,h24,36.7,24
2025-08-27,icon_seamless,h0,36.9,24
2025-08-27,ukmo_seamless,h0,36.6,24
2025-08-27,meteofrance_seamless,h0,38.0,24
2025-08-27,gem_seamless,h0,36.3,24
2025-08-27,ecmwf_ifs025,h0,36.4,24
2025-08-27,ecmwf_aifs025_single,h0,36.9,24
2025-08-28,icon_seamless,h24,38.7,24
2025-08-28,ukmo_seamless,h24,37.2,24
2025-08-28,meteofrance_seamless,h24,39.8,24
2025-08-28,gem_seamless,h24,36.7,24
2025-08-28,ecmwf_ifs025,h24,37.5,24
2025-08-28,ecmwf_aifs025_single,h24,37.7,24
2025-08-28,icon_seamless,h0,37.4,24
2025-08-28,ukmo_seamless,h0,36.5,24
2025-08-28,meteofrance_seamless,h0,37.6,24
2025-08-28,gem_seamless,h0,37.6,24
2025-08-28,ecmwf_ifs025,h0,36.7,24
2025-08-28,ecmwf_aifs025_single,h0,36.7,24
2025-08-29,icon_seamless,h24,38.0,24
2025-08-29,ukmo_seamless,h24,35.7,24
2025-08-29,meteofrance_seamless,h24,34.9,24
2025-08-29,gem_seamless,h24,37.2,24
2025-08-29,ecmwf_ifs025,h24,35.3,24
2025-08-29,ecmwf_aifs025_single,h24,34.6,24
2025-08-29,icon_seamless,h0,35.7,24
2025-08-29,ukmo_seamless,h0,34.9,24
2025-08-29,meteofrance_seamless,h0,35.0,24
2025-08-29,gem_seamless,h0,36.0,24
2025-08-29,ecmwf_ifs025,h0,34.6,24
2025-08-29,ecmwf_aifs025_single,h0,34.1,24
2025-08-30,icon_seamless,h24,33.3,24
2025-08-30,ukmo_seamless,h24,34.7,24
2025-08-30,meteofrance_seamless,h24,34.1,24
2025-08-30,gem_seamless,h24,34.6,24
2025-08-30,ecmwf_ifs025,h24,32.7,24
2025-08-30,ecmwf_aifs025_single,h24,33.9,24
2025-08-30,icon_seamless,h0,34.8,24
2025-08-30,ukmo_seamless,h0,34.6,24
2025-08-30,meteofrance_seamless,h0,33.8,24
2025-08-30,gem_seamless,h0,35.3,24
2025-08-30,ecmwf_ifs025,h0,33.0,24
2025-08-30,ecmwf_aifs025_single,h0,34.4,24
2025-08-31,icon_seamless,h24,29.1,24
2025-08-31,ukmo_seamless,h24,31.6,24
2025-08-31,meteofrance_seamless,h24,29.5,24
2025-08-31,gem_seamless,h24,28.8,24
2025-08-31,ecmwf_ifs025,h24,30.5,24
2025-08-31,ecmwf_aifs025_single,h24,28.8,24
2025-08-31,icon_seamless,h0,28.9,24
2025-08-31,ukmo_seamless,h0,29.4,24
2025-08-31,meteofrance_seamless,h0,31.4,24
2025-08-31,gem_seamless,h0,29.0,24
2025-08-31,ecmwf_ifs025,h0,29.1,24
2025-08-31,ecmwf_aifs025_single,h0,26.5,24
2025-09-01,icon_seamless,h24,30.6,24
2025-09-01,ukmo_seamless,h24,32.2,24
2025-09-01,meteofrance_seamless,h24,30.1,24
2025-09-01,gem_seamless,h24,31.5,24
2025-09-01,ecmwf_ifs025,h24,28.8,24
2025-09-01,ecmwf_aifs025_single,h24,30.0,24
2025-09-01,icon_seamless,h0,31.8,24
2025-09-01,ukmo_seamless,h0,32.1,24
2025-09-01,meteofrance_seamless,h0,31.8,24
2025-09-01,gem_seamless,h0,29.1,24
2025-09-01,ecmwf_ifs025,h0,30.1,24
2025-09-01,ecmwf_aifs025_single,h0,30.7,24
2025-09-02,icon_seamless,h24,34.0,24
2025-09-02,ukmo_seamless,h24,32.8,24
2025-09-02,meteofrance_seamless,h24,33.1,24
2025-09-02,gem_seamless,h24,33.4,24
2025-09-02,ecmwf_ifs025,h24,32.0,24
2025-09-02,ecmwf_aifs025_single,h24,32.9,24
2025-09-02,icon_seamless,h0,33.2,24
2025-09-02,ukmo_seamless,h0,32.8,24
2025-09-02,meteofrance_seamless,h0,33.6,24
2025-09-02,gem_seamless,h0,33.8,24
2025-09-02,ecmwf_ifs025,h0,32.4,24
2025-09-02,ecmwf_aifs025_single,h0,32.3,24
2025-09-03,icon_seamless,h24,35.0,24
2025-09-03,ukmo_seamless,h24,33.6,24
2025-09-03,meteofrance_seamless,h24,34.6,24
2025-09-03,gem_seamless,h24,33.5,24
2025-09-03,ecmwf_ifs025,h24,32.8,24
2025-09-03,ecmwf_aifs025_single,h24,33.6,24
2025-09-03,icon_seamless,h0,34.8,24
2025-09-03,ukmo_seamless,h0,34.4,24
2025-09-03,meteofrance_seamless,h0,35.8,24
2025-09-03,gem_seamless,h0,34.5,24
2025-09-03,ecmwf_ifs025,h0,33.1,24
2025-09-03,ecmwf_aifs025_single,h0,34.2,24
2025-09-04,icon_seamless,h24,31.9,24
2025-09-04,ukmo_seamless,h24,34.6,24
2025-09-04,meteofrance_seamless,h24,35.6,24
2025-09-04,gem_seamless,h24,32.2,24
2025-09-04,ecmwf_ifs025,h24,32.5,24
2025-09-04,ecmwf_aifs025_single,h24,32.7,24
2025-09-04,icon_seamless,h0,34.6,24
2025-09-04,ukmo_seamless,h0,33.6,24
2025-09-04,meteofrance_seamless,h0,33.7,24
2025-09-04,gem_seamless,h0,34.9,24
2025-09-04,ecmwf_ifs025,h0,33.2,24
2025-09-04,ecmwf_aifs025_single,h0,34.7,24
2025-09-05,icon_seamless,h24,35.2,24
2025-09-05,ukmo_seamless,h24,36.0,24
2025-09-05,meteofrance_seamless,h24,38.2,24
2025-09-05,gem_seamless,h24,36.4,24
2025-09-05,ecmwf_ifs025,h24,34.2,24
2025-09-05,ecmwf_aifs025_single,h24,35.0,24
2025-09-05,icon_seamless,h0,36.3,24
2025-09-05,ukmo_seamless,h0,35.7,24
2025-09-05,meteofrance_seamless,h0,37.7,24
2025-09-05,gem_seamless,h0,36.5,24
2025-09-05,ecmwf_ifs025,h0,33.4,24
2025-09-05,ecmwf_aifs025_single,h0,35.6,24
2025-09-06,icon_seamless,h24,27.8,24
2025-09-06,ukmo_seamless,h24,31.6,24
2025-09-06,meteofrance_seamless,h24,33.3,24
2025-09-06,gem_seamless,h24,28.5,24
2025-09-06,ecmwf_ifs025,h24,31.2,24
2025-09-06,ecmwf_aifs025_single,h24,29.8,24
2025-09-06,icon_seamless,h0,28.2,24
2025-09-06,ukmo_seamless,h0,32.0,24
2025-09-06,meteofrance_seamless,h0,31.9,24
2025-09-06,gem_seamless,h0,29.1,24
2025-09-06,ecmwf_ifs025,h0,29.0,24
2025-09-06,ecmwf_aifs025_single,h0,28.4,24
2025-09-07,icon_seamless,h24,32.8,24
2025-09-07,ukmo_seamless,h24,32.4,24
2025-09-07,meteofrance_seamless,h24,34.9,24
2025-09-07,gem_seamless,h24,32.7,24
2025-09-07,ecmwf_ifs025,h24,32.2,24
2025-09-07,ecmwf_aifs025_single,h24,32.1,24
2025-09-07,icon_seamless,h0,32.2,24
2025-09-07,ukmo_seamless,h0,32.2,24
2025-09-07,meteofrance_seamless,h0,35.7,24
2025-09-07,gem_seamless,h0,33.4,24
2025-09-07,ecmwf_ifs025,h0,32.2,24
2025-09-07,ecmwf_aifs025_single,h0,33.1,24
2025-09-08,icon_seamless,h24,32.1,24
2025-09-08,ukmo_seamless,h24,33.4,24
2025-09-08,meteofrance_seamless,h24,30.0,24
2025-09-08,gem_seamless,h24,33.6,24
2025-09-08,ecmwf_ifs025,h24,32.2,24
2025-09-08,ecmwf_aifs025_single,h24,30.6,24
2025-09-08,icon_seamless,h0,32.6,24
2025-09-08,ukmo_seamless,h0,30.9,24
2025-09-08,meteofrance_seamless,h0,31.3,24
2025-09-08,gem_seamless,h0,30.8,24
2025-09-08,ecmwf_ifs025,h0,31.5,24
2025-09-08,ecmwf_aifs025_single,h0,28.8,24
2025-09-09,icon_seamless,h24,27.7,24
2025-09-09,ukmo_seamless,h24,28.9,24
2025-09-09,meteofrance_seamless,h24,26.1,24
2025-09-09,gem_seamless,h24,25.5,24
2025-09-09,ecmwf_ifs025,h24,28.8,24
2025-09-09,ecmwf_aifs025_single,h24,27.1,24
2025-09-09,icon_seamless,h0,27.3,24
2025-09-09,ukmo_seamless,h0,28.5,24
2025-09-09,meteofrance_seamless,h0,28.8,24
2025-09-09,gem_seamless,h0,26.7,24
2025-09-09,ecmwf_ifs025,h0,28.6,24
2025-09-09,ecmwf_aifs025_single,h0,27.1,24
2025-09-10,icon_seamless,h24,28.3,24
2025-09-10,ukmo_seamless,h24,28.9,24
2025-09-10,meteofrance_seamless,h24,26.5,24
2025-09-10,gem_seamless,h24,27.9,24
2025-09-10,ecmwf_ifs025,h24,29.4,24
2025-09-10,ecmwf_aifs025_single,h24,27.9,24
2025-09-10,icon_seamless,h0,27.1,24
2025-09-10,ukmo_seamless,h0,28.1,24
2025-09-10,meteofrance_seamless,h0,28.4,24
2025-09-10,gem_seamless,h0,25.8,24
2025-09-10,ecmwf_ifs025,h0,28.2,24
2025-09-10,ecmwf_aifs025_single,h0,28.2,24
2025-09-11,icon_seamless,h24,28.8,24
2025-09-11,ukmo_seamless,h24,31.5,24
2025-09-11,meteofrance_seamless,h24,29.2,24
2025-09-11,gem_seamless,h24,29.5,24
2025-09-11,ecmwf_ifs025,h24,29.5,24
2025-09-11,ecmwf_aifs025_single,h24,30.7,24
2025-09-11,icon_seamless,h0,29.6,24
2025-09-11,ukmo_seamless,h0,31.1,24
2025-09-11,meteofrance_seamless,h0,30.4,24
2025-09-11,gem_seamless,h0,31.7,24
2025-09-11,ecmwf_ifs025,h0,31.4,24
2025-09-11,ecmwf_aifs025_single,h0,31.9,24
2025-09-12,icon_seamless,h24,29.0,24
2025-09-12,ukmo_seamless,h24,29.9,24
2025-09-12,meteofrance_seamless,h24,28.0,24
2025-09-12,gem_seamless,h24,28.4,24
2025-09-12,ecmwf_ifs025,h24,28.4,24
2025-09-12,ecmwf_aifs025_single,h24,28.0,24
2025-09-12,icon_seamless,h0,27.1,24
2025-09-12,ukmo_seamless,h0,27.7,24
2025-09-12,meteofrance_seamless,h0,26.8,24
2025-09-12,gem_seamless,h0,27.5,24
2025-09-12,ecmwf_ifs025,h0,28.5,24
2025-09-12,ecmwf_aifs025_single,h0,26.0,24
2025-09-13,icon_seamless,h24,26.1,24
2025-09-13,ukmo_seamless,h24,26.5,24
2025-09-13,meteofrance_seamless,h24,25.7,24
2025-09-13,gem_seamless,h24,26.6,24
2025-09-13,ecmwf_ifs025,h24,27.5,24
2025-09-13,ecmwf_aifs025_single,h24,24.7,24
2025-09-13,icon_seamless,h0,27.2,24
2025-09-13,ukmo_seamless,h0,28.7,24
2025-09-13,meteofrance_seamless,h0,25.9,24
2025-09-13,gem_seamless,h0,27.5,24
2025-09-13,ecmwf_ifs025,h0,27.9,24
2025-09-13,ecmwf_aifs025_single,h0,26.6,24
2025-09-14,icon_seamless,h24,27.0,24
2025-09-14,ukmo_seamless,h24,27.8,24
2025-09-14,meteofrance_seamless,h24,26.3,24
2025-09-14,gem_seamless,h24,28.1,24
2025-09-14,ecmwf_ifs025,h24,28.3,24
2025-09-14,ecmwf_aifs025_single,h24,26.4,24
2025-09-14,icon_seamless,h0,25.6,24
2025-09-14,ukmo_seamless,h0,27.8,24
2025-09-14,meteofrance_seamless,h0,25.5,24
2025-09-14,gem_seamless,h0,25.5,24
2025-09-14,ecmwf_ifs025,h0,25.9,24
2025-09-14,ecmwf_aifs025_single,h0,24.9,24
2025-09-15,icon_seamless,h24,31.4,24
2025-09-15,ukmo_seamless,h24,34.3,24
2025-09-15,meteofrance_seamless,h24,31.9,24
2025-09-15,gem_seamless,h24,33.4,24
2025-09-15,ecmwf_ifs025,h24,32.4,24
2025-09-15,ecmwf_aifs025_single,h24,32.5,24
2025-09-15,icon_seamless,h0,32.5,24
2025-09-15,ukmo_seamless,h0,33.2,24
2025-09-15,meteofrance_seamless,h0,32.3,24
2025-09-15,gem_seamless,h0,33.0,24
2025-09-15,ecmwf_ifs025,h0,32.5,24
2025-09-15,ecmwf_aifs025_single,h0,32.5,24
2025-09-16,icon_seamless,h24,35.4,24
2025-09-16,ukmo_seamless,h24,34.8,24
2025-09-16,meteofrance_seamless,h24,33.3,24
2025-09-16,gem_seamless,h24,34.4,24
2025-09-16,ecmwf_ifs025,h24,34.1,24
2025-09-16,ecmwf_aifs025_single,h24,35.2,24
2025-09-16,icon_seamless,h0,35.3,24
2025-09-16,ukmo_seamless,h0,35.3,24
2025-09-16,meteofrance_seamless,h0,34.2,24
2025-09-16,gem_seamless,h0,34.8,24
2025-09-16,ecmwf_ifs025,h0,34.4,24
2025-09-16,ecmwf_aifs025_single,h0,35.3,24
2025-09-17,icon_seamless,h24,32.6,24
2025-09-17,ukmo_seamless,h24,31.2,24
2025-09-17,meteofrance_seamless,h24,29.4,24
2025-09-17,gem_seamless,h24,27.9,24
2025-09-17,ecmwf_ifs025,h24,28.7,24
2025-09-17,ecmwf_aifs025_single,h24,28.0,24
2025-09-17,icon_seamless,h0,29.3,24
2025-09-17,ukmo_seamless,h0,29.8,24
2025-09-17,meteofrance_seamless,h0,27.8,24
2025-09-17,gem_seamless,h0,27.8,24
2025-09-17,ecmwf_ifs025,h0,29.7,24
2025-09-17,ecmwf_aifs025_single,h0,28.1,24
2025-09-18,icon_seamless,h24,25.6,24
2025-09-18,ukmo_seamless,h24,26.8,24
2025-09-18,meteofrance_seamless,h24,24.6,24
2025-09-18,gem_seamless,h24,24.0,24
2025-09-18,ecmwf_ifs025,h24,27.5,24
2025-09-18,ecmwf_aifs025_single,h24,24.5,24
2025-09-18,icon_seamless,h0,24.8,24
2025-09-18,ukmo_seamless,h0,26.2,24
2025-09-18,meteofrance_seamless,h0,24.7,24
2025-09-18,gem_seamless,h0,25.9,24
2025-09-18,ecmwf_ifs025,h0,25.8,24
2025-09-18,ecmwf_aifs025_single,h0,24.2,24
2025-09-19,icon_seamless,h24,21.1,24
2025-09-19,ukmo_seamless,h24,25.9,24
2025-09-19,meteofrance_seamless,h24,21.1,24
2025-09-19,gem_seamless,h24,22.6,24
2025-09-19,ecmwf_ifs025,h24,25.0,24
2025-09-19,ecmwf_aifs025_single,h24,20.5,24
2025-09-19,icon_seamless,h0,21.2,24
2025-09-19,ukmo_seamless,h0,21.9,24
2025-09-19,meteofrance_seamless,h0,21.0,24
2025-09-19,gem_seamless,h0,21.2,24
2025-09-19,ecmwf_ifs025,h0,22.1,24
2025-09-19,ecmwf_aifs025_single,h0,20.8,24
2025-09-20,icon_seamless,h24,22.6,24
2025-09-20,ukmo_seamless,h24,25.5,24
2025-09-20,meteofrance_seamless,h24,21.7,24
2025-09-20,gem_seamless,h24,23.8,24
2025-09-20,ecmwf_ifs025,h24,24.6,24
2025-09-20,ecmwf_aifs025_single,h24,22.9,24
2025-09-20,icon_seamless,h0,22.6,24
2025-09-20,ukmo_seamless,h0,24.1,24
2025-09-20,meteofrance_seamless,h0,22.0,24
2025-09-20,gem_seamless,h0,23.9,24
2025-09-20,ecmwf_ifs025,h0,23.7,24
2025-09-20,ecmwf_aifs025_single,h0,22.6,24
2025-09-21,icon_seamless,h24,24.5,24
2025-09-21,ukmo_seamless,h24,26.9,24
2025-09-21,meteofrance_seamless,h24,25.0,24
2025-09-21,gem_seamless,h24,26.6,24
2025-09-21,ecmwf_ifs025,h24,25.6,24
2025-09-21,ecmwf_aifs025_single,h24,24.5,24
2025-09-21,icon_seamless,h0,25.2,24
2025-09-21,ukmo_seamless,h0,24.2,24
2025-09-21,meteofrance_seamless,h0,24.1,24
2025-09-21,gem_seamless,h0,26.6,24
2025-09-21,ecmwf_ifs025,h0,25.1,24
2025-09-21,ecmwf_aifs025_single,h0,23.5,24
2025-06-24,gfs_seamless,h24,28.0,24
2025-06-24,cma_grapes_global,h24,30.8,24
2025-06-24,jma_seamless,h24,26.0,24
2025-06-24,knmi_seamless,h24,28.2,24
2025-06-24,jma_gsm,h24,26.0,24
2025-06-24,gfs_seamless,h0,28.4,24
2025-06-24,cma_grapes_global,h0,28.6,24
2025-06-24,jma_seamless,h0,26.1,24
2025-06-24,knmi_seamless,h0,28.9,24
2025-06-24,jma_gsm,h0,26.1,24
2025-06-25,gfs_seamless,h24,27.3,24
2025-06-25,cma_grapes_global,h24,28.1,24
2025-06-25,jma_seamless,h24,28.1,24
2025-06-25,knmi_seamless,h24,30.5,24
2025-06-25,jma_gsm,h24,28.1,24
2025-06-25,gfs_seamless,h0,26.4,24
2025-06-25,cma_grapes_global,h0,29.6,24
2025-06-25,jma_seamless,h0,24.8,24
2025-06-25,knmi_seamless,h0,28.3,24
2025-06-25,jma_gsm,h0,24.8,24
2025-06-26,gfs_seamless,h24,27.5,24
2025-06-26,cma_grapes_global,h24,28.6,24
2025-06-26,jma_seamless,h24,26.4,24
2025-06-26,knmi_seamless,h24,29.6,24
2025-06-26,jma_gsm,h24,26.4,24
2025-06-26,gfs_seamless,h0,27.1,24
2025-06-26,cma_grapes_global,h0,29.0,24
2025-06-26,jma_seamless,h0,28.4,24
2025-06-26,knmi_seamless,h0,28.5,24
2025-06-26,jma_gsm,h0,28.4,24
2025-06-27,gfs_seamless,h24,27.7,24
2025-06-27,cma_grapes_global,h24,28.3,24
2025-06-27,jma_seamless,h24,28.2,24
2025-06-27,knmi_seamless,h24,29.2,24
2025-06-27,jma_gsm,h24,28.2,24
2025-06-27,gfs_seamless,h0,26.2,24
2025-06-27,cma_grapes_global,h0,30.3,24
2025-06-27,jma_seamless,h0,28.3,24
2025-06-27,knmi_seamless,h0,29.5,24
2025-06-27,jma_gsm,h0,28.3,24
2025-06-28,gfs_seamless,h24,31.9,24
2025-06-28,cma_grapes_global,h24,30.0,24
2025-06-28,jma_seamless,h24,28.7,24
2025-06-28,knmi_seamless,h24,30.4,24
2025-06-28,jma_gsm,h24,28.7,24
2025-06-28,gfs_seamless,h0,32.3,24
2025-06-28,cma_grapes_global,h0,31.8,24
2025-06-28,jma_seamless,h0,28.3,24
2025-06-28,knmi_seamless,h0,30.2,24
2025-06-28,jma_gsm,h0,28.3,24
2025-06-29,gfs_seamless,h24,26.1,24
2025-06-29,cma_grapes_global,h24,29.0,24
2025-06-29,jma_seamless,h24,29.2,24
2025-06-29,knmi_seamless,h24,28.3,24
2025-06-29,jma_gsm,h24,29.2,24
2025-06-29,gfs_seamless,h0,26.9,24
2025-06-29,cma_grapes_global,h0,28.6,24
2025-06-29,jma_seamless,h0,28.1,24
2025-06-29,knmi_seamless,h0,28.7,24
2025-06-29,jma_gsm,h0,28.1,24
2025-06-30,gfs_seamless,h24,34.4,24
2025-06-30,cma_grapes_global,h24,35.9,24
2025-06-30,jma_seamless,h24,32.4,24
2025-06-30,knmi_seamless,h24,33.1,24
2025-06-30,jma_gsm,h24,32.4,24
2025-06-30,gfs_seamless,h0,34.6,24
2025-06-30,cma_grapes_global,h0,33.7,24
2025-06-30,jma_seamless,h0,32.5,24
2025-06-30,knmi_seamless,h0,32.8,24
2025-06-30,jma_gsm,h0,32.5,24
2025-07-01,gfs_seamless,h24,35.4,24
2025-07-01,cma_grapes_global,h24,35.9,24
2025-07-01,jma_seamless,h24,33.3,24
2025-07-01,knmi_seamless,h24,32.8,24
2025-07-01,jma_gsm,h24,33.3,24
2025-07-01,gfs_seamless,h0,35.5,24
2025-07-01,cma_grapes_global,h0,35.5,24
2025-07-01,jma_seamless,h0,32.2,24
2025-07-01,knmi_seamless,h0,33.8,24
2025-07-01,jma_gsm,h0,32.2,24
2025-07-02,gfs_seamless,h24,36.3,24
2025-07-02,cma_grapes_global,h24,37.0,24
2025-07-02,jma_seamless,h24,35.5,24
2025-07-02,knmi_seamless,h24,34.4,24
2025-07-02,jma_gsm,h24,35.5,24
2025-07-02,gfs_seamless,h0,36.4,24
2025-07-02,cma_grapes_global,h0,37.0,24
2025-07-02,jma_seamless,h0,35.9,24
2025-07-02,knmi_seamless,h0,34.6,24
2025-07-02,jma_gsm,h0,35.9,24
2025-07-03,gfs_seamless,h24,36.7,24
2025-07-03,cma_grapes_global,h24,38.3,24
2025-07-03,jma_seamless,h24,37.0,24
2025-07-03,knmi_seamless,h24,34.7,24
2025-07-03,jma_gsm,h24,37.0,24
2025-07-03,gfs_seamless,h0,36.6,24
2025-07-03,cma_grapes_global,h0,36.6,24
2025-07-03,jma_seamless,h0,36.4,24
2025-07-03,knmi_seamless,h0,34.7,24
2025-07-03,jma_gsm,h0,36.4,24
2025-07-04,gfs_seamless,h24,37.4,24
2025-07-04,cma_grapes_global,h24,37.9,24
2025-07-04,jma_seamless,h24,38.5,24
2025-07-04,knmi_seamless,h24,35.5,24
2025-07-04,jma_gsm,h24,38.5,24
2025-07-04,gfs_seamless,h0,38.1,24
2025-07-04,cma_grapes_global,h0,38.6,24
2025-07-04,jma_seamless,h0,38.7,24
2025-07-04,knmi_seamless,h0,35.7,24
2025-07-04,jma_gsm,h0,38.7,24
2025-07-05,gfs_seamless,h24,38.5,24
2025-07-05,cma_grapes_global,h24,39.2,24
2025-07-05,jma_seamless,h24,39.3,24
2025-07-05,knmi_seamless,h24,36.5,24
2025-07-05,jma_gsm,h24,39.3,24
2025-07-05,gfs_seamless,h0,38.8,24
2025-07-05,cma_grapes_global,h0,37.9,24
2025-07-05,jma_seamless,h0,39.2,24
2025-07-05,knmi_seamless,h0,36.4,24
2025-07-05,jma_gsm,h0,39.2,24
2025-07-06,gfs_seamless,h24,38.0,24
2025-07-06,cma_grapes_global,h24,38.4,24
2025-07-06,jma_seamless,h24,37.6,24
2025-07-06,knmi_seamless,h24,36.0,24
2025-07-06,jma_gsm,h24,37.6,24
2025-07-06,gfs_seamless,h0,37.5,24
2025-07-06,cma_grapes_global,h0,39.4,24
2025-07-06,jma_seamless,h0,37.6,24
2025-07-06,knmi_seamless,h0,35.9,24
2025-07-06,jma_gsm,h0,37.6,24
2025-07-07,gfs_seamless,h24,37.7,24
2025-07-07,cma_grapes_global,h24,38.3,24
2025-07-07,jma_seamless,h24,35.2,24
2025-07-07,knmi_seamless,h24,35.8,24
2025-07-07,jma_gsm,h24,35.2,24
2025-07-07,gfs_seamless,h0,37.3,24
2025-07-07,cma_grapes_global,h0,37.1,24
2025-07-07,jma_seamless,h0,37.6,24
2025-07-07,knmi_seamless,h0,35.8,24
2025-07-07,jma_gsm,h0,37.6,24
2025-07-08,gfs_seamless,h24,37.1,24
2025-07-08,cma_grapes_global,h24,37.9,24
2025-07-08,jma_seamless,h24,36.7,24
2025-07-08,knmi_seamless,h24,35.6,24
2025-07-08,jma_gsm,h24,36.7,24
2025-07-08,gfs_seamless,h0,37.1,24
2025-07-08,cma_grapes_global,h0,37.3,24
2025-07-08,jma_seamless,h0,36.0,24
2025-07-08,knmi_seamless,h0,36.2,24
2025-07-08,jma_gsm,h0,36.0,24
2025-07-09,gfs_seamless,h24,35.8,24
2025-07-09,cma_grapes_global,h24,35.6,24
2025-07-09,jma_seamless,h24,33.5,24
2025-07-09,knmi_seamless,h24,33.6,24
2025-07-09,jma_gsm,h24,33.5,24
2025-07-09,gfs_seamless,h0,36.4,24
2025-07-09,cma_grapes_global,h0,35.6,24
2025-07-09,jma_seamless,h0,33.2,24
2025-07-09,knmi_seamless,h0,34.2,24
2025-07-09,jma_gsm,h0,33.2,24
2025-07-10,gfs_seamless,h24,36.1,24
2025-07-10,cma_grapes_global,h24,35.2,24
2025-07-10,jma_seamless,h24,33.6,24
2025-07-10,knmi_seamless,h24,33.8,24
2025-07-10,jma_gsm,h24,33.6,24
2025-07-10,gfs_seamless,h0,35.8,24
2025-07-10,cma_grapes_global,h0,34.2,24
2025-07-10,jma_seamless,h0,33.5,24
2025-07-10,knmi_seamless,h0,34.0,24
2025-07-10,jma_gsm,h0,33.5,24
2025-07-11,gfs_seamless,h24,35.0,24
2025-07-11,cma_grapes_global,h24,33.8,24
2025-07-11,jma_seamless,h24,32.2,24
2025-07-11,knmi_seamless,h24,33.7,24
2025-07-11,jma_gsm,h24,32.2,24
2025-07-11,gfs_seamless,h0,35.4,24
2025-07-11,cma_grapes_global,h0,34.9,24
2025-07-11,jma_seamless,h0,31.6,24
2025-07-11,knmi_seamless,h0,33.5,24
2025-07-11,jma_gsm,h0,31.6,24
2025-07-12,gfs_seamless,h24,34.2,24
2025-07-12,cma_grapes_global,h24,33.5,24
2025-07-12,jma_seamless,h24,31.5,24
2025-07-12,knmi_seamless,h24,32.3,24
2025-07-12,jma_gsm,h24,31.5,24
2025-07-12,gfs_seamless,h0,33.4,24
2025-07-12,cma_grapes_global,h0,33.9,24
2025-07-12,jma_seamless,h0,30.1,24
2025-07-12,knmi_seamless,h0,32.8,24
2025-07-12,jma_gsm,h0,30.1,24
2025-07-13,gfs_seamless,h24,35.1,24
2025-07-13,cma_grapes_global,h24,35.3,24
2025-07-13,jma_seamless,h24,33.3,24
2025-07-13,knmi_seamless,h24,33.3,24
2025-07-13,jma_gsm,h24,33.3,24
2025-07-13,gfs_seamless,h0,34.8,24
2025-07-13,cma_grapes_global,h0,35.1,24
2025-07-13,jma_seamless,h0,32.1,24
2025-07-13,knmi_seamless,h0,33.2,24
2025-07-13,jma_gsm,h0,32.1,24
2025-07-14,gfs_seamless,h24,36.7,24
2025-07-14,cma_grapes_global,h24,36.5,24
2025-07-14,jma_seamless,h24,35.2,24
2025-07-14,knmi_seamless,h24,34.0,24
2025-07-14,jma_gsm,h24,35.2,24
2025-07-14,gfs_seamless,h0,36.2,24
2025-07-14,cma_grapes_global,h0,34.8,24
2025-07-14,jma_seamless,h0,35.3,24
2025-07-14,knmi_seamless,h0,34.3,24
2025-07-14,jma_gsm,h0,35.3,24
2025-07-15,gfs_seamless,h24,36.8,24
2025-07-15,cma_grapes_global,h24,37.3,24
2025-07-15,jma_seamless,h24,36.9,24
2025-07-15,knmi_seamless,h24,35.7,24
2025-07-15,jma_gsm,h24,36.9,24
2025-07-15,gfs_seamless,h0,37.9,24
2025-07-15,cma_grapes_global,h0,36.4,24
2025-07-15,jma_seamless,h0,37.4,24
2025-07-15,knmi_seamless,h0,35.8,24
2025-07-15,jma_gsm,h0,37.4,24
2025-07-16,gfs_seamless,h24,38.1,24
2025-07-16,cma_grapes_global,h24,38.1,24
2025-07-16,jma_seamless,h24,38.4,24
2025-07-16,knmi_seamless,h24,37.2,24
2025-07-16,jma_gsm,h24,38.4,24
2025-07-16,gfs_seamless,h0,38.4,24
2025-07-16,cma_grapes_global,h0,38.4,24
2025-07-16,jma_seamless,h0,38.2,24
2025-07-16,knmi_seamless,h0,37.1,24
2025-07-16,jma_gsm,h0,38.2,24
2025-07-17,gfs_seamless,h24,37.9,24
2025-07-17,cma_grapes_global,h24,38.3,24
2025-07-17,jma_seamless,h24,33.4,24
2025-07-17,knmi_seamless,h24,36.5,24
2025-07-17,jma_gsm,h24,33.4,24
2025-07-17,gfs_seamless,h0,37.8,24
2025-07-17,cma_grapes_global,h0,38.3,24
2025-07-17,jma_seamless,h0,32.1,24
2025-07-17,knmi_seamless,h0,33.8,24
2025-07-17,jma_gsm,h0,32.1,24
2025-07-18,gfs_seamless,h24,36.4,24
2025-07-18,cma_grapes_global,h24,37.4,24
2025-07-18,jma_seamless,h24,36.7,24
2025-07-18,knmi_seamless,h24,35.0,24
2025-07-18,jma_gsm,h24,36.7,24
2025-07-18,gfs_seamless,h0,36.2,24
2025-07-18,cma_grapes_global,h0,37.4,24
2025-07-18,jma_seamless,h0,36.3,24
2025-07-18,knmi_seamless,h0,35.1,24
2025-07-18,jma_gsm,h0,36.3,24
2025-07-19,gfs_seamless,h24,35.0,24
2025-07-19,cma_grapes_global,h24,38.2,24
2025-07-19,jma_seamless,h24,35.5,24
2025-07-19,knmi_seamless,h24,34.2,24
2025-07-19,jma_gsm,h24,35.5,24
2025-07-19,gfs_seamless,h0,35.1,24
2025-07-19,cma_grapes_global,h0,36.1,24
2025-07-19,jma_seamless,h0,35.5,24
2025-07-19,knmi_seamless,h0,34.2,24
2025-07-19,jma_gsm,h0,35.5,24
2025-07-20,gfs_seamless,h24,35.5,24
2025-07-20,cma_grapes_global,h24,35.8,24
2025-07-20,jma_seamless,h24,30.7,24
2025-07-20,knmi_seamless,h24,35.9,24
2025-07-20,jma_gsm,h24,30.7,24
2025-07-20,gfs_seamless,h0,35.8,24
2025-07-20,cma_grapes_global,h0,37.5,24
2025-07-20,jma_seamless,h0,32.5,24
2025-07-20,knmi_seamless,h0,34.9,24
2025-07-20,jma_gsm,h0,32.5,24
2025-07-21,gfs_seamless,h24,35.7,24
2025-07-21,cma_grapes_global,h24,36.3,24
2025-07-21,jma_seamless,h24,32.7,24
2025-07-21,knmi_seamless,h24,34.8,24
2025-07-21,jma_gsm,h24,32.7,24
2025-07-21,gfs_seamless,h0,36.8,24
2025-07-21,cma_grapes_global,h0,36.4,24
2025-07-21,jma_seamless,h0,32.1,24
2025-07-21,knmi_seamless,h0,34.3,24
2025-07-21,jma_gsm,h0,32.1,24
2025-07-22,gfs_seamless,h24,32.7,24
2025-07-22,cma_grapes_global,h24,32.7,24
2025-07-22,jma_seamless,h24,29.6,24
2025-07-22,knmi_seamless,h24,31.4,24
2025-07-22,jma_gsm,h24,29.6,24
2025-07-22,gfs_seamless,h0,31.7,24
2025-07-22,cma_grapes_global,h0,30.5,24
2025-07-22,jma_seamless,h0,28.5,24
2025-07-22,knmi_seamless,h0,32.5,24
2025-07-22,jma_gsm,h0,28.5,24
2025-07-23,gfs_seamless,h24,33.8,24
2025-07-23,cma_grapes_global,h24,31.5,24
2025-07-23,jma_seamless,h24,29.3,24
2025-07-23,knmi_seamless,h24,34.2,24
2025-07-23,jma_gsm,h24,29.3,24
2025-07-23,gfs_seamless,h0,33.5,24
2025-07-23,cma_grapes_global,h0,32.8,24
2025-07-23,jma_seamless,h0,28.4,24
2025-07-23,knmi_seamless,h0,33.3,24
2025-07-23,jma_gsm,h0,28.4,24
2025-07-24,gfs_seamless,h24,36.0,24
2025-07-24,cma_grapes_global,h24,35.6,24
2025-07-24,jma_seamless,h24,35.0,24
2025-07-24,knmi_seamless,h24,35.3,24
2025-07-24,jma_gsm,h24,35.0,24
2025-07-24,gfs_seamless,h0,36.4,24
2025-07-24,cma_grapes_global,h0,35.5,24
2025-07-24,jma_seamless,h0,35.0,24
2025-07-24,knmi_seamless,h0,35.2,24
2025-07-24,jma_gsm,h0,35.0,24
2025-07-25,gfs_seamless,h24,37.1,24
2025-07-25,cma_grapes_global,h24,36.4,24
2025-07-25,jma_seamless,h24,36.2,24
2025-07-25,knmi_seamless,h24,35.3,24
2025-07-25,jma_gsm,h24,36.2,24
2025-07-25,gfs_seamless,h0,37.6,24
2025-07-25,cma_grapes_global,h0,36.6,24
2025-07-25,jma_seamless,h0,37.0,24
2025-07-25,knmi_seamless,h0,35.3,24
2025-07-25,jma_gsm,h0,37.0,24
2025-07-26,gfs_seamless,h24,36.1,24
2025-07-26,cma_grapes_global,h24,35.0,24
2025-07-26,jma_seamless,h24,32.1,24
2025-07-26,knmi_seamless,h24,35.1,24
2025-07-26,jma_gsm,h24,32.1,24
2025-07-26,gfs_seamless,h0,36.5,24
2025-07-26,cma_grapes_global,h0,34.6,24
2025-07-26,jma_seamless,h0,32.7,24
2025-07-26,knmi_seamless,h0,35.3,24
2025-07-26,jma_gsm,h0,32.7,24
2025-07-27,gfs_seamless,h24,36.0,24
2025-07-27,cma_grapes_global,h24,35.5,24
2025-07-27,jma_seamless,h24,31.6,24
2025-07-27,knmi_seamless,h24,34.1,24
2025-07-27,jma_gsm,h24,31.6,24
2025-07-27,gfs_seamless,h0,35.9,24
2025-07-27,cma_grapes_global,h0,35.1,24
2025-07-27,jma_seamless,h0,32.0,24
2025-07-27,knmi_seamless,h0,34.8,24
2025-07-27,jma_gsm,h0,32.0,24
2025-07-28,gfs_seamless,h24,35.6,24
2025-07-28,cma_grapes_global,h24,34.3,24
2025-07-28,jma_seamless,h24,31.7,24
2025-07-28,knmi_seamless,h24,34.5,24
2025-07-28,jma_gsm,h24,31.7,24
2025-07-28,gfs_seamless,h0,35.5,24
2025-07-28,cma_grapes_global,h0,34.4,24
2025-07-28,jma_seamless,h0,32.0,24
2025-07-28,knmi_seamless,h0,33.9,24
2025-07-28,jma_gsm,h0,32.0,24
2025-07-29,gfs_seamless,h24,34.9,24
2025-07-29,cma_grapes_global,h24,35.4,24
2025-07-29,jma_seamless,h24,30.4,24
2025-07-29,knmi_seamless,h24,34.3,24
2025-07-29,jma_gsm,h24,30.4,24
2025-07-29,gfs_seamless,h0,35.6,24
2025-07-29,cma_grapes_global,h0,36.1,24
2025-07-29,jma_seamless,h0,30.5,24
2025-07-29,knmi_seamless,h0,35.9,24
2025-07-29,jma_gsm,h0,30.5,24
2025-07-30,gfs_seamless,h24,35.7,24
2025-07-30,cma_grapes_global,h24,36.1,24
2025-07-30,jma_seamless,h24,32.9,24
2025-07-30,knmi_seamless,h24,34.5,24
2025-07-30,jma_gsm,h24,32.9,24
2025-07-30,gfs_seamless,h0,35.9,24
2025-07-30,cma_grapes_global,h0,36.0,24
2025-07-30,jma_seamless,h0,33.5,24
2025-07-30,knmi_seamless,h0,36.4,24
2025-07-30,jma_gsm,h0,33.5,24
2025-07-31,gfs_seamless,h24,32.5,24
2025-07-31,cma_grapes_global,h24,34.8,24
2025-07-31,jma_seamless,h24,33.7,24
2025-07-31,knmi_seamless,h24,36.3,24
2025-07-31,jma_gsm,h24,33.7,24
2025-07-31,gfs_seamless,h0,34.8,24
2025-07-31,cma_grapes_global,h0,33.9,24
2025-07-31,jma_seamless,h0,33.5,24
2025-07-31,knmi_seamless,h0,35.5,24
2025-07-31,jma_gsm,h0,33.5,24
2025-08-01,gfs_seamless,h24,34.1,24
2025-08-01,cma_grapes_global,h24,34.7,24
2025-08-01,jma_seamless,h24,33.7,24
2025-08-01,knmi_seamless,h24,35.9,24
2025-08-01,jma_gsm,h24,33.7,24
2025-08-01,gfs_seamless,h0,33.8,24
2025-08-01,cma_grapes_global,h0,32.2,24
2025-08-01,jma_seamless,h0,31.5,24
2025-08-01,knmi_seamless,h0,35.5,24
2025-08-01,jma_gsm,h0,31.5,24
2025-08-02,gfs_seamless,h24,35.8,24
2025-08-02,cma_grapes_global,h24,35.2,24
2025-08-02,jma_seamless,h24,32.4,24
2025-08-02,knmi_seamless,h24,35.0,24
2025-08-02,jma_gsm,h24,32.4,24
2025-08-02,gfs_seamless,h0,34.5,24
2025-08-02,cma_grapes_global,h0,35.0,24
2025-08-02,jma_seamless,h0,32.2,24
2025-08-02,knmi_seamless,h0,34.3,24
2025-08-02,jma_gsm,h0,32.2,24
2025-08-03,gfs_seamless,h24,37.5,24
2025-08-03,cma_grapes_global,h24,37.1,24
2025-08-03,jma_seamless,h24,37.5,24
2025-08-03,knmi_seamless,h24,36.7,24
2025-08-03,jma_gsm,h24,37.5,24
2025-08-03,gfs_seamless,h0,37.5,24
2025-08-03,cma_grapes_global,h0,37.0,24
2025-08-03,jma_seamless,h0,37.7,24
2025-08-03,knmi_seamless,h0,37.0,24
2025-08-03,jma_gsm,h0,37.7,24
2025-08-04,gfs_seamless,h24,37.3,24
2025-08-04,cma_grapes_global,h24,38.0,24
2025-08-04,jma_seamless,h24,36.7,24
2025-08-04,knmi_seamless,h24,37.4,24
2025-08-04,jma_gsm,h24,36.7,24
2025-08-04,gfs_seamless,h0,38.1,24
2025-08-04,cma_grapes_global,h0,37.5,24
2025-08-04,jma_seamless,h0,35.5,24
2025-08-04,knmi_seamless,h0,37.7,24
2025-08-04,jma_gsm,h0,35.5,24
2025-08-05,gfs_seamless,h24,38.4,24
2025-08-05,cma_grapes_global,h24,37.4,24
2025-08-05,jma_seamless,h24,36.5,24
2025-08-05,knmi_seamless,h24,37.5,24
2025-08-05,jma_gsm,h24,36.5,24
2025-08-05,gfs_seamless,h0,38.2,24
2025-08-05,cma_grapes_global,h0,37.6,24
2025-08-05,jma_seamless,h0,37.8,24
2025-08-05,knmi_seamless,h0,37.7,24
2025-08-05,jma_gsm,h0,37.8,24
2025-08-06,gfs_seamless,h24,35.8,24
2025-08-06,cma_grapes_global,h24,36.0,24
2025-08-06,jma_seamless,h24,34.0,24
2025-08-06,knmi_seamless,h24,35.3,24
2025-08-06,jma_gsm,h24,34.0,24
2025-08-06,gfs_seamless,h0,35.2,24
2025-08-06,cma_grapes_global,h0,36.0,24
2025-08-06,jma_seamless,h0,33.0,24
2025-08-06,knmi_seamless,h0,34.9,24
2025-08-06,jma_gsm,h0,33.0,24
2025-08-07,gfs_seamless,h24,32.8,24
2025-08-07,cma_grapes_global,h24,33.8,24
2025-08-07,jma_seamless,h24,32.5,24
2025-08-07,knmi_seamless,h24,31.9,24
2025-08-07,jma_gsm,h24,32.5,24
2025-08-07,gfs_seamless,h0,33.9,24
2025-08-07,cma_grapes_global,h0,33.8,24
2025-08-07,jma_seamless,h0,31.5,24
2025-08-07,knmi_seamless,h0,32.9,24
2025-08-07,jma_gsm,h0,31.5,24
2025-08-08,gfs_seamless,h24,33.7,24
2025-08-08,cma_grapes_global,h24,36.0,24
2025-08-08,jma_seamless,h24,33.3,24
2025-08-08,knmi_seamless,h24,33.7,24
2025-08-08,jma_gsm,h24,33.3,24
2025-08-08,gfs_seamless,h0,34.0,24
2025-08-08,cma_grapes_global,h0,36.0,24
2025-08-08,jma_seamless,h0,33.0,24
2025-08-08,knmi_seamless,h0,33.8,24
2025-08-08,jma_gsm,h0,33.0,24
2025-08-09,gfs_seamless,h24,35.6,24
2025-08-09,cma_grapes_global,h24,36.1,24
2025-08-09,jma_seamless,h24,36.8,24
2025-08-09,knmi_seamless,h24,35.4,24
2025-08-09,jma_gsm,h24,36.8,24
2025-08-09,gfs_seamless,h0,34.7,24
2025-08-09,cma_grapes_global,h0,35.0,24
2025-08-09,jma_seamless,h0,32.7,24
2025-08-09,knmi_seamless,h0,35.2,24
2025-08-09,jma_gsm,h0,32.7,24
2025-08-10,gfs_seamless,h24,26.9,24
2025-08-10,cma_grapes_global,h24,30.9,24
2025-08-10,jma_seamless,h24,28.9,24
2025-08-10,knmi_seamless,h24,29.4,24
2025-08-10,jma_gsm,h24,28.9,24
2025-08-10,gfs_seamless,h0,29.7,24
2025-08-10,cma_grapes_global,h0,32.2,24
2025-08-10,jma_seamless,h0,28.8,24
2025-08-10,knmi_seamless,h0,32.7,24
2025-08-10,jma_gsm,h0,28.8,24
2025-08-11,gfs_seamless,h24,25.3,24
2025-08-11,cma_grapes_global,h24,27.8,24
2025-08-11,jma_seamless,h24,25.6,24
2025-08-11,knmi_seamless,h24,27.0,24
2025-08-11,jma_gsm,h24,25.6,24
2025-08-11,gfs_seamless,h0,25.2,24
2025-08-11,cma_grapes_global,h0,27.2,24
2025-08-11,jma_seamless,h0,27.6,24
2025-08-11,knmi_seamless,h0,26.6,24
2025-08-11,jma_gsm,h0,27.6,24
2025-08-12,gfs_seamless,h24,25.0,24
2025-08-12,cma_grapes_global,h24,26.9,24
2025-08-12,jma_seamless,h24,27.7,24
2025-08-12,knmi_seamless,h24,27.1,24
2025-08-12,jma_gsm,h24,27.7,24
2025-08-12,gfs_seamless,h0,31.0,24
2025-08-12,cma_grapes_global,h0,25.2,24
2025-08-12,jma_seamless,h0,25.1,24
2025-08-12,knmi_seamless,h0,29.1,24
2025-08-12,jma_gsm,h0,25.1,24
2025-08-13,gfs_seamless,h24,28.9,24
2025-08-13,cma_grapes_global,h24,31.6,24
2025-08-13,jma_seamless,h24,29.9,24
2025-08-13,knmi_seamless,h24,29.1,24
2025-08-13,jma_gsm,h24,29.9,24
2025-08-13,gfs_seamless,h0,31.6,24
2025-08-13,cma_grapes_global,h0,31.6,24
2025-08-13,jma_seamless,h0,29.1,24
2025-08-13,knmi_seamless,h0,30.8,24
2025-08-13,jma_gsm,h0,29.1,24
2025-08-14,gfs_seamless,h24,34.0,24
2025-08-14,cma_grapes_global,h24,34.6,24
2025-08-14,jma_seamless,h24,36.2,24
2025-08-14,knmi_seamless,h24,33.9,24
2025-08-14,jma_gsm,h24,36.2,24
2025-08-14,gfs_seamless,h0,34.4,24
2025-08-14,cma_grapes_global,h0,34.6,24
2025-08-14,jma_seamless,h0,36.0,24
2025-08-14,knmi_seamless,h0,33.7,24
2025-08-14,jma_gsm,h0,36.0,24
2025-08-15,gfs_seamless,h24,35.4,24
2025-08-15,cma_grapes_global,h24,27.7,11
2025-08-15,jma_seamless,h24,36.8,24
2025-08-15,knmi_seamless,h24,33.6,24
2025-08-15,jma_gsm,h24,36.8,24
2025-08-15,gfs_seamless,h0,35.6,24
2025-08-15,cma_grapes_global,h0,35.2,14
2025-08-15,jma_seamless,h0,36.5,24
2025-08-15,knmi_seamless,h0,34.0,24
2025-08-15,jma_gsm,h0,36.5,24
2025-08-16,gfs_seamless,h24,37.3,24
2025-08-16,jma_seamless,h24,37.3,24
2025-08-16,knmi_seamless,h24,35.1,24
2025-08-16,jma_gsm,h24,37.3,24
2025-08-16,gfs_seamless,h0,37.0,24
2025-08-16,jma_seamless,h0,37.3,24
2025-08-16,knmi_seamless,h0,34.7,24
2025-08-16,jma_gsm,h0,37.3,24
2025-08-16,cma_grapes_global,h0,35.9,22
2025-08-17,gfs_seamless,h24,37.4,24
2025-08-17,jma_seamless,h24,38.7,24
2025-08-17,knmi_seamless,h24,35.6,24
2025-08-17,jma_gsm,h24,38.7,24
2025-08-17,gfs_seamless,h0,37.3,24
2025-08-17,cma_grapes_global,h0,36.5,24
2025-08-17,jma_seamless,h0,38.4,24
2025-08-17,knmi_seamless,h0,35.8,24
2025-08-17,jma_gsm,h0,38.4,24
2025-08-18,gfs_seamless,h24,37.8,24
2025-08-18,jma_seamless,h24,38.7,24
2025-08-18,knmi_seamless,h24,35.8,24
2025-08-18,jma_gsm,h24,38.7,24
2025-08-18,gfs_seamless,h0,37.4,24
2025-08-18,cma_grapes_global,h0,36.4,24
2025-08-18,jma_seamless,h0,38.4,24
2025-08-18,knmi_seamless,h0,35.7,24
2025-08-18,jma_gsm,h0,38.4,24
2025-08-18,cma_grapes_global,h24,36.6,10
2025-08-19,gfs_seamless,h24,36.8,24
2025-08-19,cma_grapes_global,h24,36.3,23
2025-08-19,jma_seamless,h24,37.4,24
2025-08-19,knmi_seamless,h24,34.7,24
2025-08-19,jma_gsm,h24,37.4,24
2025-08-19,gfs_seamless,h0,36.5,24
2025-08-19,cma_grapes_global,h0,36.3,23
2025-08-19,jma_seamless,h0,37.0,24
2025-08-19,knmi_seamless,h0,34.9,24
2025-08-19,jma_gsm,h0,37.0,24
2025-08-20,gfs_seamless,h24,35.9,24
2025-08-20,jma_seamless,h24,36.7,24
2025-08-20,knmi_seamless,h24,34.5,24
2025-08-20,jma_gsm,h24,36.7,24
2025-08-20,gfs_seamless,h0,36.3,24
2025-08-20,jma_seamless,h0,36.2,24
2025-08-20,knmi_seamless,h0,35.0,24
2025-08-20,jma_gsm,h0,36.2,24
2025-08-20,cma_grapes_global,h0,30.0,3
2025-08-21,gfs_seamless,h24,36.6,24
2025-08-21,jma_seamless,h24,35.3,24
2025-08-21,knmi_seamless,h24,35.0,24
2025-08-21,jma_gsm,h24,35.3,24
2025-08-21,gfs_seamless,h0,36.3,24
2025-08-21,jma_seamless,h0,34.1,24
2025-08-21,knmi_seamless,h0,35.1,24
2025-08-21,jma_gsm,h0,34.1,24
2025-08-22,gfs_seamless,h24,35.6,24
2025-08-22,jma_seamless,h24,30.4,24
2025-08-22,knmi_seamless,h24,34.2,24
2025-08-22,jma_gsm,h24,30.4,24
2025-08-22,gfs_seamless,h0,35.2,24
2025-08-22,jma_seamless,h0,32.3,24
2025-08-22,knmi_seamless,h0,34.1,24
2025-08-22,jma_gsm,h0,32.3,24
2025-08-22,cma_grapes_global,h0,27.3,6
2025-08-23,gfs_seamless,h24,36.0,24
2025-08-23,jma_seamless,h24,33.5,24
2025-08-23,knmi_seamless,h24,34.0,24
2025-08-23,jma_gsm,h24,33.5,24
2025-08-23,gfs_seamless,h0,35.8,24
2025-08-23,jma_seamless,h0,30.9,24
2025-08-23,knmi_seamless,h0,32.8,24
2025-08-23,jma_gsm,h0,30.9,24
2025-08-23,cma_grapes_global,h0,35.7,13
2025-08-24,gfs_seamless,h24,36.7,24
2025-08-24,jma_seamless,h24,32.2,24
2025-08-24,knmi_seamless,h24,35.8,24
2025-08-24,jma_gsm,h24,32.2,24
2025-08-24,gfs_seamless,h0,37.1,24
2025-08-24,cma_grapes_global,h0,37.6,24
2025-08-24,jma_seamless,h0,35.8,24
2025-08-24,knmi_seamless,h0,36.5,24
2025-08-24,jma_gsm,h0,35.8,24
2025-08-25,gfs_seamless,h24,37.0,24
2025-08-25,jma_seamless,h24,36.9,24
2025-08-25,knmi_seamless,h24,36.6,24
2025-08-25,jma_gsm,h24,36.9,24
2025-08-25,gfs_seamless,h0,37.4,24
2025-08-25,cma_grapes_global,h0,37.3,24
2025-08-25,jma_seamless,h0,34.7,24
2025-08-25,knmi_seamless,h0,37.8,24
2025-08-25,jma_gsm,h0,34.7,24
2025-08-26,gfs_seamless,h24,35.2,24
2025-08-26,jma_seamless,h24,31.9,24
2025-08-26,knmi_seamless,h24,36.9,24
2025-08-26,jma_gsm,h24,31.9,24
2025-08-26,gfs_seamless,h0,34.4,24
2025-08-26,cma_grapes_global,h0,35.5,24
2025-08-26,jma_seamless,h0,34.2,24
2025-08-26,knmi_seamless,h0,36.6,24
2025-08-26,jma_gsm,h0,34.2,24
2025-08-26,cma_grapes_global,h24,36.1,10
2025-08-27,gfs_seamless,h24,36.9,24
2025-08-27,cma_grapes_global,h24,35.9,24
2025-08-27,jma_seamless,h24,36.9,24
2025-08-27,knmi_seamless,h24,36.5,24
2025-08-27,jma_gsm,h24,36.9,24
2025-08-27,gfs_seamless,h0,37.6,24
2025-08-27,cma_grapes_global,h0,36.0,24
2025-08-27,jma_seamless,h0,37.0,24
2025-08-27,knmi_seamless,h0,36.6,24
2025-08-27,jma_gsm,h0,37.0,24
2025-08-28,gfs_seamless,h24,36.9,24
2025-08-28,cma_grapes_global,h24,36.2,24
2025-08-28,jma_seamless,h24,37.0,24
2025-08-28,knmi_seamless,h24,37.5,24
2025-08-28,jma_gsm,h24,37.0,24
2025-08-28,gfs_seamless,h0,37.3,24
2025-08-28,cma_grapes_global,h0,36.4,24
2025-08-28,jma_seamless,h0,37.6,24
2025-08-28,knmi_seamless,h0,36.8,24
2025-08-28,jma_gsm,h0,37.6,24
2025-08-29,gfs_seamless,h24,36.7,24
2025-08-29,cma_grapes_global,h24,35.6,24
2025-08-29,jma_seamless,h24,33.7,24
2025-08-29,knmi_seamless,h24,35.3,24
2025-08-29,jma_gsm,h24,33.7,24
2025-08-29,gfs_seamless,h0,36.2,24
2025-08-29,cma_grapes_global,h0,35.8,24
2025-08-29,jma_seamless,h0,31.6,24
2025-08-29,knmi_seamless,h0,34.5,24
2025-08-29,jma_gsm,h0,31.6,24
2025-08-30,gfs_seamless,h24,29.9,24
2025-08-30,cma_grapes_global,h24,30.2,24
2025-08-30,jma_seamless,h24,29.0,24
2025-08-30,knmi_seamless,h24,32.7,24
2025-08-30,jma_gsm,h24,29.0,24
2025-08-30,gfs_seamless,h0,34.2,24
2025-08-30,cma_grapes_global,h0,31.5,24
2025-08-30,jma_seamless,h0,29.8,24
2025-08-30,knmi_seamless,h0,33.3,24
2025-08-30,jma_gsm,h0,29.8,24
2025-08-31,gfs_seamless,h24,30.4,24
2025-08-31,cma_grapes_global,h24,31.4,24
2025-08-31,jma_seamless,h24,28.9,24
2025-08-31,knmi_seamless,h24,30.5,24
2025-08-31,jma_gsm,h24,28.9,24
2025-08-31,gfs_seamless,h0,30.0,24
2025-08-31,cma_grapes_global,h0,30.5,24
2025-08-31,jma_seamless,h0,29.8,24
2025-08-31,knmi_seamless,h0,30.3,24
2025-08-31,jma_gsm,h0,29.8,24
2025-09-01,gfs_seamless,h24,29.4,24
2025-09-01,cma_grapes_global,h24,31.3,24
2025-09-01,jma_seamless,h24,31.0,24
2025-09-01,knmi_seamless,h24,28.8,24
2025-09-01,jma_gsm,h24,31.0,24
2025-09-01,gfs_seamless,h0,30.8,24
2025-09-01,cma_grapes_global,h0,31.9,24
2025-09-01,jma_seamless,h0,32.5,24
2025-09-01,knmi_seamless,h0,30.2,24
2025-09-01,jma_gsm,h0,32.5,24
2025-09-02,gfs_seamless,h24,33.0,24
2025-09-02,cma_grapes_global,h24,34.2,24
2025-09-02,jma_seamless,h24,34.9,24
2025-09-02,knmi_seamless,h24,32.0,24
2025-09-02,jma_gsm,h24,34.9,24
2025-09-02,gfs_seamless,h0,32.7,24
2025-09-02,cma_grapes_global,h0,34.1,24
2025-09-02,jma_seamless,h0,34.6,24
2025-09-02,knmi_seamless,h0,32.4,24
2025-09-02,jma_gsm,h0,34.6,24
2025-09-03,gfs_seamless,h24,34.1,24
2025-09-03,cma_grapes_global,h24,35.0,24
2025-09-03,jma_seamless,h24,34.1,24
2025-09-03,knmi_seamless,h24,32.8,24
2025-09-03,jma_gsm,h24,34.1,24
2025-09-03,gfs_seamless,h0,35.1,24
2025-09-03,cma_grapes_global,h0,35.3,24
2025-09-03,jma_seamless,h0,33.0,24
2025-09-03,knmi_seamless,h0,33.4,24
2025-09-03,jma_gsm,h0,33.0,24
2025-09-04,gfs_seamless,h24,33.7,24
2025-09-04,cma_grapes_global,h24,35.8,24
2025-09-04,jma_seamless,h24,32.0,24
2025-09-04,knmi_seamless,h24,32.5,24
2025-09-04,jma_gsm,h24,32.0,24
2025-09-04,gfs_seamless,h0,34.7,24
2025-09-04,cma_grapes_global,h0,35.8,24
2025-09-04,jma_seamless,h0,33.2,24
2025-09-04,knmi_seamless,h0,33.6,24
2025-09-04,jma_gsm,h0,33.2,24
2025-09-05,gfs_seamless,h24,36.0,24
2025-09-05,cma_grapes_global,h24,29.3,5
2025-09-05,jma_seamless,h24,35.4,24
2025-09-05,knmi_seamless,h24,34.2,24
2025-09-05,jma_gsm,h24,35.4,24
2025-09-05,gfs_seamless,h0,36.8,24
2025-09-05,cma_grapes_global,h0,36.7,12
2025-09-05,jma_seamless,h0,35.5,24
2025-09-05,knmi_seamless,h0,34.5,24
2025-09-05,jma_gsm,h0,35.5,24
2025-09-06,gfs_seamless,h24,30.3,24
2025-09-06,jma_seamless,h24,30.5,24
2025-09-06,knmi_seamless,h24,31.2,24
2025-09-06,jma_gsm,h24,30.5,24
2025-09-06,gfs_seamless,h0,29.5,24
2025-09-06,cma_grapes_global,h0,30.2,20
2025-09-06,jma_seamless,h0,30.7,24
2025-09-06,knmi_seamless,h0,31.3,24
2025-09-06,jma_gsm,h0,30.7,24
2025-09-07,gfs_seamless,h24,31.8,24
2025-09-07,jma_seamless,h24,34.4,24
2025-09-07,knmi_seamless,h24,32.2,24
2025-09-07,jma_gsm,h24,34.4,24
2025-09-07,gfs_seamless,h0,31.9,24
2025-09-07,jma_seamless,h0,33.6,24
2025-09-07,knmi_seamless,h0,32.6,24
2025-09-07,jma_gsm,h0,33.6,24
2025-09-07,cma_grapes_global,h0,27.7,3
2025-09-08,gfs_seamless,h24,31.4,24
2025-09-08,jma_seamless,h24,31.6,24
2025-09-08,knmi_seamless,h24,32.2,24
2025-09-08,jma_gsm,h24,31.6,24
2025-09-08,gfs_seamless,h0,32.4,24
2025-09-08,jma_seamless,h0,29.2,24
2025-09-08,knmi_seamless,h0,31.7,24
2025-09-08,jma_gsm,h0,29.2,24
2025-09-08,cma_grapes_global,h0,33.4,7
2025-09-09,gfs_seamless,h24,27.1,24
2025-09-09,jma_seamless,h24,28.9,24
2025-09-09,knmi_seamless,h24,28.8,24
2025-09-09,jma_gsm,h24,28.9,24
2025-09-09,gfs_seamless,h0,28.1,24
2025-09-09,cma_grapes_global,h0,27.5,15
2025-09-09,jma_seamless,h0,27.2,24
2025-09-09,knmi_seamless,h0,29.5,24
2025-09-09,jma_gsm,h0,27.2,24
2025-09-10,gfs_seamless,h24,26.3,24
2025-09-10,jma_seamless,h24,28.5,24
2025-09-10,knmi_seamless,h24,29.4,24
2025-09-10,jma_gsm,h24,28.5,24
2025-09-10,gfs_seamless,h0,29.2,24
2025-09-10,cma_grapes_global,h0,28.6,11
2025-09-10,jma_seamless,h0,27.1,24
2025-09-10,knmi_seamless,h0,30.4,24
2025-09-10,jma_gsm,h0,27.1,24
2025-09-11,gfs_seamless,h24,30.5,24
2025-09-11,jma_seamless,h24,28.7,24
2025-09-11,knmi_seamless,h24,29.5,24
2025-09-11,jma_gsm,h24,28.7,24
2025-09-11,gfs_seamless,h0,31.5,24
2025-09-11,jma_seamless,h0,28.9,24
2025-09-11,knmi_seamless,h0,31.4,24
2025-09-11,jma_gsm,h0,28.9,24
2025-09-11,cma_grapes_global,h0,33.0,6
2025-09-12,gfs_seamless,h24,25.0,24
2025-09-12,jma_seamless,h24,26.5,24
2025-09-12,knmi_seamless,h24,28.4,24
2025-09-12,jma_gsm,h24,26.5,24
2025-09-12,gfs_seamless,h0,29.0,24
2025-09-12,jma_seamless,h0,26.7,24
2025-09-12,knmi_seamless,h0,29.3,24
2025-09-12,jma_gsm,h0,26.7,24
2025-09-12,cma_grapes_global,h0,27.4,10
2025-09-13,gfs_seamless,h24,26.1,24
2025-09-13,jma_seamless,h24,25.5,24
2025-09-13,knmi_seamless,h24,27.5,24
2025-09-13,jma_gsm,h24,25.5,24
2025-09-13,gfs_seamless,h0,26.6,24
2025-09-13,cma_grapes_global,h0,27.8,20
2025-09-13,jma_seamless,h0,25.9,24
2025-09-13,knmi_seamless,h0,27.9,24
2025-09-13,jma_gsm,h0,25.9,24
2025-09-14,gfs_seamless,h24,25.9,24
2025-09-14,jma_seamless,h24,30.0,24
2025-09-14,knmi_seamless,h24,28.3,24
2025-09-14,jma_gsm,h24,30.0,24
2025-09-14,gfs_seamless,h0,26.2,24
2025-09-14,jma_seamless,h0,25.6,24
2025-09-14,knmi_seamless,h0,25.5,24
2025-09-14,jma_gsm,h0,25.6,24
2025-09-14,cma_grapes_global,h0,26.7,12
2025-09-15,gfs_seamless,h24,33.4,24
2025-09-15,jma_seamless,h24,31.5,24
2025-09-15,knmi_seamless,h24,32.4,24
2025-09-15,jma_gsm,h24,31.5,24
2025-09-15,gfs_seamless,h0,33.2,24
2025-09-15,jma_seamless,h0,30.9,24
2025-09-15,knmi_seamless,h0,32.5,24
2025-09-15,jma_gsm,h0,30.9,24
2025-09-16,gfs_seamless,h24,34.9,24
2025-09-16,jma_seamless,h24,36.8,24
2025-09-16,knmi_seamless,h24,34.1,24
2025-09-16,jma_gsm,h24,36.8,24
2025-09-16,gfs_seamless,h0,35.0,24
2025-09-16,jma_seamless,h0,37.0,24
2025-09-16,knmi_seamless,h0,34.5,24
2025-09-16,jma_gsm,h0,37.0,24
2025-09-16,cma_grapes_global,h0,29.0,3
2025-09-17,gfs_seamless,h24,30.1,24
2025-09-17,jma_seamless,h24,30.6,24
2025-09-17,knmi_seamless,h24,28.7,24
2025-09-17,jma_gsm,h24,30.6,24
2025-09-17,gfs_seamless,h0,29.0,24
2025-09-17,jma_seamless,h0,30.6,24
2025-09-17,knmi_seamless,h0,29.6,24
2025-09-17,jma_gsm,h0,30.6,24
2025-09-17,cma_grapes_global,h0,26.6,6
2025-09-18,gfs_seamless,h24,25.9,24
2025-09-18,jma_seamless,h24,25.5,24
2025-09-18,knmi_seamless,h24,27.5,24
2025-09-18,jma_gsm,h24,25.5,24
2025-09-18,gfs_seamless,h0,25.2,24
2025-09-18,jma_seamless,h0,24.7,24
2025-09-18,knmi_seamless,h0,27.3,24
2025-09-18,jma_gsm,h0,24.7,24
2025-09-19,gfs_seamless,h24,20.4,24
2025-09-19,jma_seamless,h24,24.8,24
2025-09-19,knmi_seamless,h24,25.0,24
2025-09-19,jma_gsm,h24,24.8,24
2025-09-19,gfs_seamless,h0,20.7,24
2025-09-19,jma_seamless,h0,23.3,24
2025-09-19,knmi_seamless,h0,22.5,24
2025-09-19,jma_gsm,h0,23.3,24
2025-09-19,cma_grapes_global,h0,23.4,13
2025-09-20,gfs_seamless,h24,23.8,24
2025-09-20,jma_seamless,h24,25.4,24
2025-09-20,knmi_seamless,h24,24.6,24
2025-09-20,jma_gsm,h24,25.4,24
2025-09-20,gfs_seamless,h0,23.2,24
2025-09-20,cma_grapes_global,h0,23.5,24
2025-09-20,jma_seamless,h0,23.8,24
2025-09-20,knmi_seamless,h0,24.1,24
2025-09-20,jma_gsm,h0,23.8,24
2025-09-20,cma_grapes_global,h24,24.5,10
2025-09-21,gfs_seamless,h24,23.9,24
2025-09-21,cma_grapes_global,h24,26.3,24
2025-09-21,jma_seamless,h24,26.7,24
2025-09-21,knmi_seamless,h24,25.6,24
2025-09-21,jma_gsm,h24,26.7,24
2025-09-21,gfs_seamless,h0,24.9,24
2025-09-21,cma_grapes_global,h0,25.2,24
2025-09-21,jma_seamless,h0,23.1,24
2025-09-21,knmi_seamless,h0,25.8,24
2025-09-21,jma_gsm,h0,23.1,24
2025-09-22,icon_seamless,h24,22.8,24
2025-09-22,ukmo_seamless,h24,28.0,24
2025-09-22,meteofrance_seamless,h24,22.6,24
2025-09-22,gem_seamless,h24,27.8,24
2025-09-22,ecmwf_ifs025,h24,26.1,24
2025-09-22,ecmwf_aifs025_single,h24,23.9,24
2025-09-22,icon_seamless,h0,23.0,24
2025-09-22,ukmo_seamless,h0,25.2,24
2025-09-22,meteofrance_seamless,h0,24.8,24
2025-09-22,gem_seamless,h0,25.6,24
2025-09-22,ecmwf_ifs025,h0,24.8,24
2025-09-22,ecmwf_aifs025_single,h0,23.8,24
2025-09-23,icon_seamless,h24,26.1,24
2025-09-23,ukmo_seamless,h24,29.1,24
2025-09-23,meteofrance_seamless,h24,26.1,24
2025-09-23,gem_seamless,h24,29.1,24
2025-09-23,ecmwf_ifs025,h24,28.4,24
2025-09-23,ecmwf_aifs025_single,h24,24.7,24
2025-09-23,icon_seamless,h0,24.8,24
2025-09-23,ukmo_seamless,h0,28.2,24
2025-09-23,meteofrance_seamless,h0,25.5,24
2025-09-23,gem_seamless,h0,27.6,24
2025-09-23,ecmwf_ifs025,h0,26.7,24
2025-09-23,ecmwf_aifs025_single,h0,25.4,24
2025-09-24,icon_seamless,h24,22.5,24
2025-09-24,ukmo_seamless,h24,24.1,24
2025-09-24,meteofrance_seamless,h24,22.3,24
2025-09-24,gem_seamless,h24,22.1,24
2025-09-24,ecmwf_ifs025,h24,26.0,24
2025-09-24,ecmwf_aifs025_single,h24,22.8,24
2025-09-24,icon_seamless,h0,22.4,24
2025-09-24,ukmo_seamless,h0,24.2,24
2025-09-24,meteofrance_seamless,h0,20.2,24
2025-09-24,gem_seamless,h0,21.1,24
2025-09-24,ecmwf_ifs025,h0,23.1,24
2025-09-24,ecmwf_aifs025_single,h0,21.8,24
2025-09-25,icon_seamless,h24,22.3,24
2025-09-25,ukmo_seamless,h24,24.4,24
2025-09-25,meteofrance_seamless,h24,21.9,24
2025-09-25,gem_seamless,h24,24.6,24
2025-09-25,ecmwf_ifs025,h24,22.0,24
2025-09-25,ecmwf_aifs025_single,h24,22.2,24
2025-09-25,icon_seamless,h0,22.3,24
2025-09-25,ukmo_seamless,h0,23.8,24
2025-09-25,meteofrance_seamless,h0,22.3,24
2025-09-25,gem_seamless,h0,22.3,24
2025-09-25,ecmwf_ifs025,h0,22.8,24
2025-09-25,ecmwf_aifs025_single,h0,22.2,24
2025-09-26,icon_seamless,h24,27.8,24
2025-09-26,ukmo_seamless,h24,28.4,24
2025-09-26,meteofrance_seamless,h24,25.8,24
2025-09-26,gem_seamless,h24,29.2,24
2025-09-26,ecmwf_ifs025,h24,29.0,24
2025-09-26,ecmwf_aifs025_single,h24,27.3,24
2025-09-26,icon_seamless,h0,26.4,24
2025-09-26,ukmo_seamless,h0,26.2,24
2025-09-26,meteofrance_seamless,h0,25.7,24
2025-09-26,gem_seamless,h0,27.7,24
2025-09-26,ecmwf_ifs025,h0,28.2,24
2025-09-26,ecmwf_aifs025_single,h0,27.4,24
2025-09-27,icon_seamless,h24,28.0,24
2025-09-27,ukmo_seamless,h24,28.0,24
2025-09-27,meteofrance_seamless,h24,26.1,24
2025-09-27,gem_seamless,h24,30.1,24
2025-09-27,ecmwf_ifs025,h24,29.5,24
2025-09-27,ecmwf_aifs025_single,h24,28.0,24
2025-09-27,icon_seamless,h0,27.8,24
2025-09-27,ukmo_seamless,h0,27.8,24
2025-09-27,meteofrance_seamless,h0,27.2,24
2025-09-27,gem_seamless,h0,28.5,24
2025-09-27,ecmwf_ifs025,h0,27.8,24
2025-09-27,ecmwf_aifs025_single,h0,27.1,24
2025-09-28,icon_seamless,h24,29.7,24
2025-09-28,ukmo_seamless,h24,28.9,24
2025-09-28,meteofrance_seamless,h24,28.6,24
2025-09-28,gem_seamless,h24,30.4,24
2025-09-28,ecmwf_ifs025,h24,29.6,24
2025-09-28,ecmwf_aifs025_single,h24,29.0,24
2025-09-28,icon_seamless,h0,29.4,24
2025-09-28,ukmo_seamless,h0,28.9,24
2025-09-28,meteofrance_seamless,h0,29.5,24
2025-09-28,gem_seamless,h0,29.6,24
2025-09-28,ecmwf_ifs025,h0,29.5,24
2025-09-28,ecmwf_aifs025_single,h0,28.8,24
2025-09-29,icon_seamless,h24,25.1,24
2025-09-29,ukmo_seamless,h24,26.1,24
2025-09-29,meteofrance_seamless,h24,25.0,24
2025-09-29,gem_seamless,h24,24.2,24
2025-09-29,ecmwf_ifs025,h24,26.0,24
2025-09-29,ecmwf_aifs025_single,h24,24.6,24
2025-09-29,icon_seamless,h0,24.2,24
2025-09-29,ukmo_seamless,h0,25.7,24
2025-09-29,meteofrance_seamless,h0,24.2,24
2025-09-29,gem_seamless,h0,26.4,24
2025-09-29,ecmwf_ifs025,h0,24.8,24
2025-09-29,ecmwf_aifs025_single,h0,24.0,24
2025-09-30,icon_seamless,h24,24.4,24
2025-09-30,ukmo_seamless,h24,26.0,24
2025-09-30,meteofrance_seamless,h24,23.5,24
2025-09-30,gem_seamless,h24,23.8,24
2025-09-30,ecmwf_ifs025,h24,24.8,24
2025-09-30,ecmwf_aifs025_single,h24,24.2,24
2025-09-30,icon_seamless,h0,24.8,24
2025-09-30,ukmo_seamless,h0,25.5,24
2025-09-30,meteofrance_seamless,h0,24.0,24
2025-09-30,gem_seamless,h0,26.0,24
2025-09-30,ecmwf_ifs025,h0,24.3,24
2025-09-30,ecmwf_aifs025_single,h0,23.6,24
2025-10-01,icon_seamless,h24,27.6,24
2025-10-01,ukmo_seamless,h24,28.9,24
2025-10-01,meteofrance_seamless,h24,27.7,24
2025-10-01,gem_seamless,h24,27.7,24
2025-10-01,ecmwf_ifs025,h24,27.0,24
2025-10-01,ecmwf_aifs025_single,h24,27.2,24
2025-10-01,icon_seamless,h0,26.9,24
2025-10-01,ukmo_seamless,h0,27.5,24
2025-10-01,meteofrance_seamless,h0,26.7,24
2025-10-01,gem_seamless,h0,26.6,24
2025-10-01,ecmwf_ifs025,h0,26.1,24
2025-10-01,ecmwf_aifs025_single,h0,26.5,24
2025-10-02,icon_seamless,h24,29.9,24
2025-10-02,ukmo_seamless,h24,34.0,24
2025-10-02,meteofrance_seamless,h24,26.2,24
2025-10-02,gem_seamless,h24,31.8,24
2025-10-02,ecmwf_ifs025,h24,31.8,24
2025-10-02,ecmwf_aifs025_single,h24,26.0,24
2025-10-02,icon_seamless,h0,30.3,24
2025-10-02,ukmo_seamless,h0,32.0,24
2025-10-02,meteofrance_seamless,h0,27.8,24
2025-10-02,gem_seamless,h0,31.8,24
2025-10-02,ecmwf_ifs025,h0,30.9,24
2025-10-02,ecmwf_aifs025_single,h0,29.2,24
2025-10-03,icon_seamless,h24,23.7,24
2025-10-03,ukmo_seamless,h24,27.2,24
2025-10-03,meteofrance_seamless,h24,22.9,24
2025-10-03,gem_seamless,h24,27.6,24
2025-10-03,ecmwf_ifs025,h24,26.7,24
2025-10-03,ecmwf_aifs025_single,h24,22.9,24
2025-10-03,icon_seamless,h0,23.8,24
2025-10-03,ukmo_seamless,h0,27.1,24
2025-10-03,meteofrance_seamless,h0,23.8,24
2025-10-03,gem_seamless,h0,24.8,24
2025-10-03,ecmwf_ifs025,h0,25.6,24
2025-10-03,ecmwf_aifs025_single,h0,25.1,24
2025-10-04,icon_seamless,h24,27.8,24
2025-10-04,ukmo_seamless,h24,27.8,24
2025-10-04,meteofrance_seamless,h24,25.4,24
2025-10-04,gem_seamless,h24,27.5,24
2025-10-04,ecmwf_ifs025,h24,28.4,24
2025-10-04,ecmwf_aifs025_single,h24,26.7,24
2025-10-04,icon_seamless,h0,27.1,24
2025-10-04,ukmo_seamless,h0,27.4,24
2025-10-04,meteofrance_seamless,h0,26.9,24
2025-10-04,gem_seamless,h0,27.3,24
2025-10-04,ecmwf_ifs025,h0,27.4,24
2025-10-04,ecmwf_aifs025_single,h0,25.9,24
2025-10-05,icon_seamless,h24,31.1,24
2025-10-05,ukmo_seamless,h24,33.0,24
2025-10-05,meteofrance_seamless,h24,30.0,24
2025-10-05,gem_seamless,h24,31.1,24
2025-10-05,ecmwf_ifs025,h24,31.6,24
2025-10-05,ecmwf_aifs025_single,h24,30.7,24
2025-10-05,icon_seamless,h0,30.6,24
2025-10-05,ukmo_seamless,h0,31.6,24
2025-10-05,meteofrance_seamless,h0,31.3,24
2025-10-05,gem_seamless,h0,29.8,24
2025-10-05,ecmwf_ifs025,h0,30.9,24
2025-10-05,ecmwf_aifs025_single,h0,30.0,24
2025-10-06,icon_seamless,h24,32.2,24
2025-10-06,ukmo_seamless,h24,34.7,24
2025-10-06,meteofrance_seamless,h24,33.6,24
2025-10-06,gem_seamless,h24,32.8,24
2025-10-06,ecmwf_ifs025,h24,33.3,24
2025-10-06,ecmwf_aifs025_single,h24,32.1,24
2025-10-06,icon_seamless,h0,32.7,24
2025-10-06,ukmo_seamless,h0,34.3,24
2025-10-06,meteofrance_seamless,h0,34.7,24
2025-10-06,gem_seamless,h0,32.7,24
2025-10-06,ecmwf_ifs025,h0,32.8,24
2025-10-06,ecmwf_aifs025_single,h0,32.8,24
2025-10-07,icon_seamless,h24,30.2,24
2025-10-07,ukmo_seamless,h24,32.5,24
2025-10-07,meteofrance_seamless,h24,32.5,24
2025-10-07,gem_seamless,h24,30.2,24
2025-10-07,ecmwf_ifs025,h24,31.4,24
2025-10-07,ecmwf_aifs025_single,h24,29.2,24
2025-10-07,icon_seamless,h0,30.3,24
2025-10-07,ukmo_seamless,h0,31.4,24
2025-10-07,meteofrance_seamless,h0,33.1,24
2025-10-07,gem_seamless,h0,30.7,24
2025-10-07,ecmwf_ifs025,h0,31.1,24
2025-10-07,ecmwf_aifs025_single,h0,30.2,24
2025-10-08,icon_seamless,h24,30.8,24
2025-10-08,ukmo_seamless,h24,32.8,24
2025-10-08,meteofrance_seamless,h24,34.8,24
2025-10-08,gem_seamless,h24,31.6,24
2025-10-08,ecmwf_ifs025,h24,31.9,24
2025-10-08,ecmwf_aifs025_single,h24,31.1,24
2025-10-08,icon_seamless,h0,32.0,24
2025-10-08,ukmo_seamless,h0,31.8,24
2025-10-08,meteofrance_seamless,h0,34.7,24
2025-10-08,gem_seamless,h0,31.6,24
2025-10-08,ecmwf_ifs025,h0,31.9,24
2025-10-08,ecmwf_aifs025_single,h0,31.2,24
2025-10-09,icon_seamless,h24,33.0,24
2025-10-09,ukmo_seamless,h24,34.3,24
2025-10-09,meteofrance_seamless,h24,36.7,24
2025-10-09,gem_seamless,h24,32.1,24
2025-10-09,ecmwf_ifs025,h24,32.9,24
2025-10-09,ecmwf_aifs025_single,h24,32.6,24
2025-10-09,icon_seamless,h0,34.9,24
2025-10-09,ukmo_seamless,h0,34.7,24
2025-10-09,meteofrance_seamless,h0,37.1,24
2025-10-09,gem_seamless,h0,32.9,24
2025-10-09,ecmwf_ifs025,h0,33.2,24
2025-10-09,ecmwf_aifs025_single,h0,33.5,24
2025-10-10,icon_seamless,h24,30.5,24
2025-10-10,ukmo_seamless,h24,33.4,24
2025-10-10,meteofrance_seamless,h24,30.9,24
2025-10-10,gem_seamless,h24,30.2,24
2025-10-10,ecmwf_ifs025,h24,31.3,24
2025-10-10,ecmwf_aifs025_single,h24,26.5,24
2025-10-10,icon_seamless,h0,31.2,24
2025-10-10,ukmo_seamless,h0,31.1,24
2025-10-10,meteofrance_seamless,h0,31.5,24
2025-10-10,gem_seamless,h0,30.6,24
2025-10-10,ecmwf_ifs025,h0,29.9,24
2025-10-10,ecmwf_aifs025_single,h0,28.4,24
2025-10-11,icon_seamless,h24,26.9,24
2025-10-11,ukmo_seamless,h24,29.7,24
2025-10-11,meteofrance_seamless,h24,27.7,24
2025-10-11,gem_seamless,h24,27.9,24
2025-10-11,ecmwf_ifs025,h24,28.6,24
2025-10-11,ecmwf_aifs025_single,h24,21.8,24
2025-10-11,icon_seamless,h0,24.4,24
2025-10-11,ukmo_seamless,h0,26.1,24
2025-10-11,meteofrance_seamless,h0,26.0,24
2025-10-11,gem_seamless,h0,24.8,24
2025-10-11,ecmwf_ifs025,h0,25.7,24
2025-10-11,ecmwf_aifs025_single,h0,24.2,24
2025-10-12,icon_seamless,h24,24.9,24
2025-10-12,ukmo_seamless,h24,27.6,24
2025-10-12,meteofrance_seamless,h24,28.7,24
2025-10-12,gem_seamless,h24,27.4,24
2025-10-12,ecmwf_ifs025,h24,28.3,24
2025-10-12,ecmwf_aifs025_single,h24,22.2,24
2025-10-12,icon_seamless,h0,24.2,24
2025-10-12,ukmo_seamless,h0,23.4,24
2025-10-12,meteofrance_seamless,h0,25.3,24
2025-10-12,gem_seamless,h0,24.8,24
2025-10-12,ecmwf_ifs025,h0,24.5,24
2025-10-12,ecmwf_aifs025_single,h0,23.6,24
2025-10-13,icon_seamless,h24,18.7,24
2025-10-13,ukmo_seamless,h24,20.7,24
2025-10-13,meteofrance_seamless,h24,19.1,24
2025-10-13,gem_seamless,h24,18.1,24
2025-10-13,ecmwf_ifs025,h24,19.8,24
2025-10-13,ecmwf_aifs025_single,h24,18.4,24
2025-10-13,icon_seamless,h0,18.3,24
2025-10-13,ukmo_seamless,h0,19.3,24
2025-10-13,meteofrance_seamless,h0,17.5,24
2025-10-13,gem_seamless,h0,17.8,24
2025-10-13,ecmwf_ifs025,h0,18.1,24
2025-10-13,ecmwf_aifs025_single,h0,17.2,24
2025-10-14,icon_seamless,h24,21.5,24
2025-10-14,ukmo_seamless,h24,22.1,24
2025-10-14,meteofrance_seamless,h24,21.6,24
2025-10-14,gem_seamless,h24,22.2,24
2025-10-14,ecmwf_ifs025,h24,23.0,24
2025-10-14,ecmwf_aifs025_single,h24,21.7,24
2025-10-14,icon_seamless,h0,21.6,24
2025-10-14,ukmo_seamless,h0,22.7,24
2025-10-14,meteofrance_seamless,h0,22.5,24
2025-10-14,gem_seamless,h0,22.1,24
2025-10-14,ecmwf_ifs025,h0,21.9,24
2025-10-14,ecmwf_aifs025_single,h0,21.7,24
2025-10-15,icon_seamless,h24,21.3,24
2025-10-15,ukmo_seamless,h24,23.5,24
2025-10-15,meteofrance_seamless,h24,20.3,24
2025-10-15,gem_seamless,h24,21.7,24
2025-10-15,ecmwf_ifs025,h24,24.6,24
2025-10-15,ecmwf_aifs025_single,h24,20.9,24
2025-10-15,icon_seamless,h0,21.0,24
2025-10-15,ukmo_seamless,h0,20.6,24
2025-10-15,meteofrance_seamless,h0,19.7,24
2025-10-15,gem_seamless,h0,20.6,24
2025-10-15,ecmwf_ifs025,h0,23.1,24
2025-10-15,ecmwf_aifs025_single,h0,19.9,24
2025-10-16,icon_seamless,h24,19.8,24
2025-10-16,ukmo_seamless,h24,23.7,24
2025-10-16,meteofrance_seamless,h24,19.3,24
2025-10-16,gem_seamless,h24,20.7,24
2025-10-16,ecmwf_ifs025,h24,23.9,24
2025-10-16,ecmwf_aifs025_single,h24,20.5,24
2025-10-16,icon_seamless,h0,20.1,24
2025-10-16,ukmo_seamless,h0,22.4,24
2025-10-16,meteofrance_seamless,h0,20.9,24
2025-10-16,gem_seamless,h0,20.7,24
2025-10-16,ecmwf_ifs025,h0,22.6,24
2025-10-16,ecmwf_aifs025_single,h0,20.0,24
2025-10-17,icon_seamless,h24,24.6,24
2025-10-17,ukmo_seamless,h24,26.2,24
2025-10-17,meteofrance_seamless,h24,23.0,24
2025-10-17,gem_seamless,h24,24.8,24
2025-10-17,ecmwf_ifs025,h24,26.3,24
2025-10-17,ecmwf_aifs025_single,h24,22.2,24
2025-10-17,icon_seamless,h0,23.0,24
2025-10-17,ukmo_seamless,h0,23.2,24
2025-10-17,meteofrance_seamless,h0,22.1,24
2025-10-17,gem_seamless,h0,22.9,24
2025-10-17,ecmwf_ifs025,h0,24.7,24
2025-10-17,ecmwf_aifs025_single,h0,23.0,24
2025-10-18,icon_seamless,h24,18.8,24
2025-10-18,ukmo_seamless,h24,18.9,24
2025-10-18,meteofrance_seamless,h24,17.5,24
2025-10-18,gem_seamless,h24,17.4,24
2025-10-18,ecmwf_ifs025,h24,18.7,24
2025-10-18,ecmwf_aifs025_single,h24,17.5,24
2025-10-18,icon_seamless,h0,18.3,24
2025-10-18,ukmo_seamless,h0,18.6,24
2025-10-18,meteofrance_seamless,h0,18.2,24
2025-10-18,gem_seamless,h0,17.3,24
2025-10-18,ecmwf_ifs025,h0,18.3,24
2025-10-18,ecmwf_aifs025_single,h0,18.1,24
2025-10-19,icon_seamless,h24,13.6,24
2025-10-19,ukmo_seamless,h24,14.7,24
2025-10-19,meteofrance_seamless,h24,12.9,24
2025-10-19,gem_seamless,h24,13.4,24
2025-10-19,ecmwf_ifs025,h24,15.9,24
2025-10-19,ecmwf_aifs025_single,h24,14.4,24
2025-10-19,icon_seamless,h0,13.8,24
2025-10-19,ukmo_seamless,h0,14.1,24
2025-10-19,meteofrance_seamless,h0,13.3,24
2025-10-19,gem_seamless,h0,13.3,24
2025-10-19,ecmwf_ifs025,h0,14.6,24
2025-10-19,ecmwf_aifs025_single,h0,13.9,24
2025-10-20,icon_seamless,h24,12.8,24
2025-10-20,ukmo_seamless,h24,15.4,24
2025-10-20,meteofrance_seamless,h24,12.8,24
2025-10-20,gem_seamless,h24,12.1,24
2025-10-20,ecmwf_ifs025,h24,15.3,24
2025-10-20,ecmwf_aifs025_single,h24,13.1,24
2025-10-20,icon_seamless,h0,13.1,24
2025-10-20,ukmo_seamless,h0,12.7,24
2025-10-20,meteofrance_seamless,h0,12.4,24
2025-10-20,gem_seamless,h0,12.1,24
2025-10-20,ecmwf_ifs025,h0,13.4,24
2025-10-20,ecmwf_aifs025_single,h0,13.2,24
2025-10-21,icon_seamless,h24,11.3,24
2025-10-21,ukmo_seamless,h24,13.7,24
2025-10-21,meteofrance_seamless,h24,12.1,24
2025-10-21,gem_seamless,h24,11.9,24
2025-10-21,ecmwf_ifs025,h24,14.8,24
2025-10-21,ecmwf_aifs025_single,h24,12.2,24
2025-10-21,icon_seamless,h0,11.3,24
2025-10-21,ukmo_seamless,h0,13.3,24
2025-10-21,meteofrance_seamless,h0,11.2,24
2025-10-21,gem_seamless,h0,12.2,24
2025-10-21,ecmwf_ifs025,h0,13.0,24
2025-10-21,ecmwf_aifs025_single,h0,11.7,24
2025-10-22,icon_seamless,h24,15.7,24
2025-10-22,ukmo_seamless,h24,17.0,24
2025-10-22,meteofrance_seamless,h24,16.0,24
2025-10-22,gem_seamless,h24,16.5,24
2025-10-22,ecmwf_ifs025,h24,17.5,24
2025-10-22,ecmwf_aifs025_single,h24,16.7,24
2025-10-22,icon_seamless,h0,16.8,24
2025-10-22,ukmo_seamless,h0,16.6,24
2025-10-22,meteofrance_seamless,h0,16.2,24
2025-10-22,gem_seamless,h0,16.2,24
2025-10-22,ecmwf_ifs025,h0,17.0,24
2025-10-22,ecmwf_aifs025_single,h0,17.3,24
2025-10-23,icon_seamless,h24,17.7,24
2025-10-23,ukmo_seamless,h24,18.1,24
2025-10-23,meteofrance_seamless,h24,17.5,24
2025-10-23,gem_seamless,h24,17.4,24
2025-10-23,ecmwf_ifs025,h24,18.5,24
2025-10-23,ecmwf_aifs025_single,h24,18.9,24
2025-10-23,icon_seamless,h0,18.7,24
2025-10-23,ukmo_seamless,h0,18.9,24
2025-10-23,meteofrance_seamless,h0,18.2,24
2025-10-23,gem_seamless,h0,18.0,24
2025-10-23,ecmwf_ifs025,h0,18.2,24
2025-10-23,ecmwf_aifs025_single,h0,19.4,24
2025-10-24,icon_seamless,h24,17.5,24
2025-10-24,ukmo_seamless,h24,18.5,24
2025-10-24,meteofrance_seamless,h24,17.0,24
2025-10-24,gem_seamless,h24,17.3,24
2025-10-24,ecmwf_ifs025,h24,18.0,24
2025-10-24,ecmwf_aifs025_single,h24,18.5,24
2025-10-24,icon_seamless,h0,18.8,24
2025-10-24,ukmo_seamless,h0,18.6,24
2025-10-24,meteofrance_seamless,h0,17.8,24
2025-10-24,gem_seamless,h0,18.1,24
2025-10-24,ecmwf_ifs025,h0,17.9,24
2025-10-24,ecmwf_aifs025_single,h0,19.0,24
2025-10-25,icon_seamless,h24,14.7,24
2025-10-25,ukmo_seamless,h24,19.0,24
2025-10-25,meteofrance_seamless,h24,15.6,24
2025-10-25,gem_seamless,h24,17.3,24
2025-10-25,ecmwf_ifs025,h24,16.2,24
2025-10-25,ecmwf_aifs025_single,h24,14.6,24
2025-10-25,icon_seamless,h0,15.2,24
2025-10-25,ukmo_seamless,h0,18.3,24
2025-10-25,meteofrance_seamless,h0,15.7,24
2025-10-25,gem_seamless,h0,17.0,24
2025-10-25,ecmwf_ifs025,h0,16.3,24
2025-10-25,ecmwf_aifs025_single,h0,15.3,24
2025-10-26,icon_seamless,h24,17.6,24
2025-10-26,ukmo_seamless,h24,18.7,24
2025-10-26,meteofrance_seamless,h24,18.5,24
2025-10-26,gem_seamless,h24,19.0,24
2025-10-26,ecmwf_ifs025,h24,19.5,24
2025-10-26,ecmwf_aifs025_single,h24,17.4,24
2025-10-26,icon_seamless,h0,16.5,24
2025-10-26,ukmo_seamless,h0,16.5,24
2025-10-26,meteofrance_seamless,h0,17.1,24
2025-10-26,gem_seamless,h0,18.0,24
2025-10-26,ecmwf_ifs025,h0,17.4,24
2025-10-26,ecmwf_aifs025_single,h0,17.2,24
2025-10-27,icon_seamless,h24,18.7,24
2025-10-27,ukmo_seamless,h24,19.1,24
2025-10-27,meteofrance_seamless,h24,19.3,24
2025-10-27,gem_seamless,h24,20.0,24
2025-10-27,ecmwf_ifs025,h24,20.1,24
2025-10-27,ecmwf_aifs025_single,h24,19.9,24
2025-10-27,icon_seamless,h0,19.3,24
2025-10-27,ukmo_seamless,h0,18.9,24
2025-10-27,meteofrance_seamless,h0,18.5,24
2025-10-27,gem_seamless,h0,19.5,24
2025-10-27,ecmwf_ifs025,h0,18.7,24
2025-10-27,ecmwf_aifs025_single,h0,18.6,24
2025-10-28,icon_seamless,h24,21.0,24
2025-10-28,ukmo_seamless,h24,21.3,24
2025-10-28,meteofrance_seamless,h24,21.8,24
2025-10-28,gem_seamless,h24,20.5,24
2025-10-28,ecmwf_ifs025,h24,21.3,24
2025-10-28,ecmwf_aifs025_single,h24,21.7,24
2025-10-28,icon_seamless,h0,21.4,24
2025-10-28,ukmo_seamless,h0,21.0,24
2025-10-28,meteofrance_seamless,h0,22.0,24
2025-10-28,gem_seamless,h0,20.8,24
2025-10-28,ecmwf_ifs025,h0,21.0,24
2025-10-28,ecmwf_aifs025_single,h0,21.9,24
2025-10-29,icon_seamless,h24,20.7,24
2025-10-29,ukmo_seamless,h24,20.8,24
2025-10-29,meteofrance_seamless,h24,21.8,24
2025-10-29,gem_seamless,h24,21.2,24
2025-10-29,ecmwf_ifs025,h24,21.6,24
2025-10-29,ecmwf_aifs025_single,h24,22.4,24
2025-10-29,icon_seamless,h0,21.2,24
2025-10-29,ukmo_seamless,h0,21.5,24
2025-10-29,meteofrance_seamless,h0,22.9,24
2025-10-29,gem_seamless,h0,21.0,24
2025-10-29,ecmwf_ifs025,h0,21.8,24
2025-10-29,ecmwf_aifs025_single,h0,21.5,24
2025-10-30,icon_seamless,h24,18.9,24
2025-10-30,ukmo_seamless,h24,18.5,24
2025-10-30,meteofrance_seamless,h24,17.0,24
2025-10-30,gem_seamless,h24,17.0,24
2025-10-30,ecmwf_ifs025,h24,21.6,24
2025-10-30,ecmwf_aifs025_single,h24,19.7,24
2025-10-30,icon_seamless,h0,18.2,24
2025-10-30,ukmo_seamless,h0,19.3,24
2025-10-30,meteofrance_seamless,h0,17.2,24
2025-10-30,gem_seamless,h0,18.0,24
2025-10-30,ecmwf_ifs025,h0,19.9,24
2025-10-30,ecmwf_aifs025_single,h0,18.9,24
2025-10-31,icon_seamless,h24,20.2,24
2025-10-31,ukmo_seamless,h24,21.4,24
2025-10-31,meteofrance_seamless,h24,20.5,24
2025-10-31,gem_seamless,h24,20.2,24
2025-10-31,ecmwf_ifs025,h24,22.1,24
2025-10-31,ecmwf_aifs025_single,h24,20.8,24
2025-10-31,icon_seamless,h0,19.7,24
2025-10-31,ukmo_seamless,h0,20.5,24
2025-10-31,meteofrance_seamless,h0,20.2,24
2025-10-31,gem_seamless,h0,20.1,24
2025-10-31,ecmwf_ifs025,h0,21.7,24
2025-10-31,ecmwf_aifs025_single,h0,20.3,24
2025-11-01,icon_seamless,h24,21.5,24
2025-11-01,ukmo_seamless,h24,21.7,24
2025-11-01,meteofrance_seamless,h24,21.9,24
2025-11-01,gem_seamless,h24,20.8,24
2025-11-01,ecmwf_ifs025,h24,22.8,24
2025-11-01,ecmwf_aifs025_single,h24,21.9,24
2025-11-01,icon_seamless,h0,21.0,24
2025-11-01,ukmo_seamless,h0,20.7,24
2025-11-01,meteofrance_seamless,h0,21.3,24
2025-11-01,gem_seamless,h0,21.0,24
2025-11-01,ecmwf_ifs025,h0,22.3,24
2025-11-01,ecmwf_aifs025_single,h0,21.8,24
2025-11-02,icon_seamless,h24,21.6,24
2025-11-02,ukmo_seamless,h24,21.5,24
2025-11-02,meteofrance_seamless,h24,21.3,24
2025-11-02,gem_seamless,h24,22.2,24
2025-11-02,ecmwf_ifs025,h24,22.5,24
2025-11-02,ecmwf_aifs025_single,h24,22.0,24
2025-11-02,icon_seamless,h0,21.3,24
2025-11-02,ukmo_seamless,h0,20.8,24
2025-11-02,meteofrance_seamless,h0,20.9,24
2025-11-02,gem_seamless,h0,22.1,24
2025-11-02,ecmwf_ifs025,h0,21.9,24
2025-11-02,ecmwf_aifs025_single,h0,21.4,24
2025-11-03,icon_seamless,h24,20.5,24
2025-11-03,ukmo_seamless,h24,20.8,24
2025-11-03,meteofrance_seamless,h24,21.9,24
2025-11-03,gem_seamless,h24,19.0,24
2025-11-03,ecmwf_ifs025,h24,21.2,24
2025-11-03,ecmwf_aifs025_single,h24,21.0,24
2025-11-03,icon_seamless,h0,21.1,24
2025-11-03,ukmo_seamless,h0,21.7,24
2025-11-03,meteofrance_seamless,h0,22.4,24
2025-11-03,gem_seamless,h0,20.0,24
2025-11-03,ecmwf_ifs025,h0,21.6,24
2025-11-03,ecmwf_aifs025_single,h0,21.6,24
2025-11-04,icon_seamless,h24,20.6,24
2025-11-04,ukmo_seamless,h24,20.4,24
2025-11-04,meteofrance_seamless,h24,21.8,24
2025-11-04,gem_seamless,h24,18.9,24
2025-11-04,ecmwf_ifs025,h24,21.1,24
2025-11-04,ecmwf_aifs025_single,h24,21.2,24
2025-11-04,icon_seamless,h0,21.3,24
2025-11-04,ukmo_seamless,h0,20.8,24
2025-11-04,meteofrance_seamless,h0,21.8,24
2025-11-04,gem_seamless,h0,20.3,24
2025-11-04,ecmwf_ifs025,h0,21.1,24
2025-11-04,ecmwf_aifs025_single,h0,21.2,24
2025-11-05,icon_seamless,h24,20.6,24
2025-11-05,ukmo_seamless,h24,20.7,24
2025-11-05,meteofrance_seamless,h24,22.1,24
2025-11-05,gem_seamless,h24,19.5,24
2025-11-05,ecmwf_ifs025,h24,20.6,24
2025-11-05,ecmwf_aifs025_single,h24,20.4,24
2025-11-05,icon_seamless,h0,21.0,24
2025-11-05,ukmo_seamless,h0,20.2,24
2025-11-05,meteofrance_seamless,h0,21.9,24
2025-11-05,gem_seamless,h0,19.6,24
2025-11-05,ecmwf_ifs025,h0,20.2,24
2025-11-05,ecmwf_aifs025_single,h0,20.8,24
2025-11-06,icon_seamless,h24,16.5,24
2025-11-06,ukmo_seamless,h24,17.2,24
2025-11-06,meteofrance_seamless,h24,16.9,24
2025-11-06,gem_seamless,h24,16.7,24
2025-11-06,ecmwf_ifs025,h24,17.1,24
2025-11-06,ecmwf_aifs025_single,h24,16.0,24
2025-11-06,icon_seamless,h0,17.0,24
2025-11-06,ukmo_seamless,h0,17.0,24
2025-11-06,meteofrance_seamless,h0,17.2,24
2025-11-06,gem_seamless,h0,16.8,24
2025-11-06,ecmwf_ifs025,h0,16.8,24
2025-11-06,ecmwf_aifs025_single,h0,16.5,24
2025-11-07,icon_seamless,h24,16.8,24
2025-11-07,ukmo_seamless,h24,18.5,24
2025-11-07,meteofrance_seamless,h24,16.7,24
2025-11-07,gem_seamless,h24,19.0,24
2025-11-07,ecmwf_ifs025,h24,18.7,24
2025-11-07,ecmwf_aifs025_single,h24,17.2,24
2025-11-07,icon_seamless,h0,17.7,24
2025-11-07,ukmo_seamless,h0,18.7,24
2025-11-07,meteofrance_seamless,h0,18.0,24
2025-11-07,gem_seamless,h0,18.6,24
2025-11-07,ecmwf_ifs025,h0,18.8,24
2025-11-07,ecmwf_aifs025_single,h0,18.1,24
2025-11-08,icon_seamless,h24,18.0,24
2025-11-08,ukmo_seamless,h24,18.2,24
2025-11-08,meteofrance_seamless,h24,16.4,24
2025-11-08,gem_seamless,h24,16.6,24
2025-11-08,ecmwf_ifs025,h24,20.0,24
2025-11-08,ecmwf_aifs025_single,h24,16.7,24
2025-11-08,icon_seamless,h0,17.3,24
2025-11-08,ukmo_seamless,h0,18.1,24
2025-11-08,meteofrance_seamless,h0,17.3,24
2025-11-08,gem_seamless,h0,17.3,24
2025-11-08,ecmwf_ifs025,h0,18.2,24
2025-11-08,ecmwf_aifs025_single,h0,18.1,24
2025-11-09,icon_seamless,h24,16.3,24
2025-11-09,ukmo_seamless,h24,17.5,24
2025-11-09,meteofrance_seamless,h24,16.5,24
2025-11-09,gem_seamless,h24,15.3,24
2025-11-09,ecmwf_ifs025,h24,15.5,24
2025-11-09,ecmwf_aifs025_single,h24,15.2,24
2025-11-09,icon_seamless,h0,15.9,24
2025-11-09,ukmo_seamless,h0,16.9,24
2025-11-09,meteofrance_seamless,h0,16.3,24
2025-11-09,gem_seamless,h0,16.9,24
2025-11-09,ecmwf_ifs025,h0,15.9,24
2025-11-09,ecmwf_aifs025_single,h0,15.7,24
2025-11-10,icon_seamless,h24,17.9,24
2025-11-10,ukmo_seamless,h24,19.1,24
2025-11-10,meteofrance_seamless,h24,17.3,24
2025-11-10,gem_seamless,h24,17.5,24
2025-11-10,ecmwf_ifs025,h24,19.0,24
2025-11-10,ecmwf_aifs025_single,h24,17.2,24
2025-11-10,icon_seamless,h0,16.6,24
2025-11-10,ukmo_seamless,h0,18.6,24
2025-11-10,meteofrance_seamless,h0,16.9,24
2025-11-10,gem_seamless,h0,17.7,24
2025-11-10,ecmwf_ifs025,h0,18.2,24
2025-11-10,ecmwf_aifs025_single,h0,17.9,24
2025-11-11,icon_seamless,h24,18.0,24
2025-11-11,ukmo_seamless,h24,19.3,24
2025-11-11,meteofrance_seamless,h24,19.1,24
2025-11-11,gem_seamless,h24,18.7,24
2025-11-11,ecmwf_ifs025,h24,20.4,24
2025-11-11,ecmwf_aifs025_single,h24,19.8,24
2025-11-11,icon_seamless,h0,19.1,24
2025-11-11,ukmo_seamless,h0,19.1,24
2025-11-11,meteofrance_seamless,h0,18.8,24
2025-11-11,gem_seamless,h0,18.5,24
2025-11-11,ecmwf_ifs025,h0,19.3,24
2025-11-11,ecmwf_aifs025_single,h0,19.6,24
2025-11-12,icon_seamless,h24,19.1,24
2025-11-12,ukmo_seamless,h24,18.5,24
2025-11-12,meteofrance_seamless,h24,18.2,24
2025-11-12,gem_seamless,h24,17.7,24
2025-11-12,ecmwf_ifs025,h24,18.2,24
2025-11-12,ecmwf_aifs025_single,h24,19.5,24
2025-11-12,icon_seamless,h0,18.4,24
2025-11-12,ukmo_seamless,h0,19.2,24
2025-11-12,meteofrance_seamless,h0,19.0,24
2025-11-12,gem_seamless,h0,17.0,24
2025-11-12,ecmwf_ifs025,h0,18.2,24
2025-11-12,ecmwf_aifs025_single,h0,18.0,24
2025-11-13,icon_seamless,h24,20.3,24
2025-11-13,ukmo_seamless,h24,20.3,24
2025-11-13,meteofrance_seamless,h24,21.3,24
2025-11-13,gem_seamless,h24,19.8,24
2025-11-13,ecmwf_ifs025,h24,21.4,24
2025-11-13,ecmwf_aifs025_single,h24,21.0,24
2025-11-13,icon_seamless,h0,21.0,24
2025-11-13,ukmo_seamless,h0,20.9,24
2025-11-13,meteofrance_seamless,h0,22.0,24
2025-11-13,gem_seamless,h0,20.4,24
2025-11-13,ecmwf_ifs025,h0,21.5,24
2025-11-13,ecmwf_aifs025_single,h0,22.1,24
2025-11-14,icon_seamless,h24,20.9,24
2025-11-14,ukmo_seamless,h24,19.7,24
2025-11-14,meteofrance_seamless,h24,21.0,24
2025-11-14,gem_seamless,h24,19.8,24
2025-11-14,ecmwf_ifs025,h24,20.5,24
2025-11-14,ecmwf_aifs025_single,h24,21.2,24
2025-11-14,icon_seamless,h0,21.1,24
2025-11-14,ukmo_seamless,h0,20.2,24
2025-11-14,meteofrance_seamless,h0,21.0,24
2025-11-14,gem_seamless,h0,20.3,24
2025-11-14,ecmwf_ifs025,h0,20.6,24
2025-11-14,ecmwf_aifs025_single,h0,21.4,24
2025-11-15,icon_seamless,h24,21.5,24
2025-11-15,ukmo_seamless,h24,20.9,24
2025-11-15,meteofrance_seamless,h24,22.5,24
2025-11-15,gem_seamless,h24,20.7,24
2025-11-15,ecmwf_ifs025,h24,21.7,24
2025-11-15,ecmwf_aifs025_single,h24,22.5,24
2025-11-15,icon_seamless,h0,22.0,24
2025-11-15,ukmo_seamless,h0,21.4,24
2025-11-15,meteofrance_seamless,h0,22.4,24
2025-11-15,gem_seamless,h0,21.2,24
2025-11-15,ecmwf_ifs025,h0,22.2,24
2025-11-15,ecmwf_aifs025_single,h0,22.8,24
2025-11-16,icon_seamless,h24,22.9,24
2025-11-16,ukmo_seamless,h24,22.0,24
2025-11-16,meteofrance_seamless,h24,23.7,24
2025-11-16,gem_seamless,h24,21.6,24
2025-11-16,ecmwf_ifs025,h24,23.2,24
2025-11-16,ecmwf_aifs025_single,h24,23.4,24
2025-11-16,icon_seamless,h0,22.8,24
2025-11-16,ukmo_seamless,h0,22.3,24
2025-11-16,meteofrance_seamless,h0,24.0,24
2025-11-16,gem_seamless,h0,22.6,24
2025-11-16,ecmwf_ifs025,h0,23.1,24
2025-11-16,ecmwf_aifs025_single,h0,23.8,24
2025-11-17,icon_seamless,h24,16.7,24
2025-11-17,ukmo_seamless,h24,16.4,24
2025-11-17,meteofrance_seamless,h24,18.3,24
2025-11-17,gem_seamless,h24,16.0,24
2025-11-17,ecmwf_ifs025,h24,16.4,24
2025-11-17,ecmwf_aifs025_single,h24,16.3,24
2025-11-17,icon_seamless,h0,17.9,24
2025-11-17,ukmo_seamless,h0,17.1,24
2025-11-17,meteofrance_seamless,h0,18.7,24
2025-11-17,gem_seamless,h0,17.9,24
2025-11-17,ecmwf_ifs025,h0,17.7,24
2025-11-17,ecmwf_aifs025_single,h0,16.5,24
2025-11-18,icon_seamless,h24,9.5,24
2025-11-18,ukmo_seamless,h24,10.1,24
2025-11-18,meteofrance_seamless,h24,10.4,24
2025-11-18,gem_seamless,h24,8.7,24
2025-11-18,ecmwf_ifs025,h24,9.9,24
2025-11-18,ecmwf_aifs025_single,h24,9.9,24
2025-11-18,icon_seamless,h0,10.1,24
2025-11-18,ukmo_seamless,h0,9.8,24
2025-11-18,meteofrance_seamless,h0,9.6,24
2025-11-18,gem_seamless,h0,9.8,24
2025-11-18,ecmwf_ifs025,h0,10.0,24
2025-11-18,ecmwf_aifs025_single,h0,9.9,24
2025-11-19,icon_seamless,h24,11.9,24
2025-11-19,ukmo_seamless,h24,11.5,24
2025-11-19,meteofrance_seamless,h24,12.2,24
2025-11-19,gem_seamless,h24,10.5,24
2025-11-19,ecmwf_ifs025,h24,12.6,24
2025-11-19,ecmwf_aifs025_single,h24,13.0,24
2025-11-19,icon_seamless,h0,12.9,24
2025-11-19,ukmo_seamless,h0,11.8,24
2025-11-19,meteofrance_seamless,h0,11.9,24
2025-11-19,gem_seamless,h0,11.8,24
2025-11-19,ecmwf_ifs025,h0,12.4,24
2025-11-19,ecmwf_aifs025_single,h0,13.0,24
2025-11-20,icon_seamless,h24,14.7,24
2025-11-20,ukmo_seamless,h24,14.3,24
2025-11-20,meteofrance_seamless,h24,14.6,24
2025-11-20,gem_seamless,h24,13.6,24
2025-11-20,ecmwf_ifs025,h24,15.2,24
2025-11-20,ecmwf_aifs025_single,h24,15.7,24
2025-11-20,icon_seamless,h0,15.6,24
2025-11-20,ukmo_seamless,h0,15.6,24
2025-11-20,meteofrance_seamless,h0,15.3,24
2025-11-20,gem_seamless,h0,15.1,24
2025-11-20,ecmwf_ifs025,h0,15.3,24
2025-11-20,ecmwf_aifs025_single,h0,15.6,24
2025-11-21,icon_seamless,h24,17.2,24
2025-11-21,ukmo_seamless,h24,16.8,24
2025-11-21,meteofrance_seamless,h24,16.4,24
2025-11-21,gem_seamless,h24,16.5,24
2025-11-21,ecmwf_ifs025,h24,17.6,24
2025-11-21,ecmwf_aifs025_single,h24,17.9,24
2025-11-21,icon_seamless,h0,17.8,24
2025-11-21,ukmo_seamless,h0,17.4,24
2025-11-21,meteofrance_seamless,h0,16.4,24
2025-11-21,gem_seamless,h0,18.0,24
2025-11-21,ecmwf_ifs025,h0,17.4,24
2025-11-21,ecmwf_aifs025_single,h0,18.5,24
2025-11-22,icon_seamless,h24,17.7,24
2025-11-22,ukmo_seamless,h24,17.0,24
2025-11-22,meteofrance_seamless,h24,16.8,24
2025-11-22,gem_seamless,h24,17.8,24
2025-11-22,ecmwf_ifs025,h24,17.6,24
2025-11-22,ecmwf_aifs025_single,h24,18.4,24
2025-11-22,icon_seamless,h0,18.5,24
2025-11-22,ukmo_seamless,h0,17.3,24
2025-11-22,meteofrance_seamless,h0,17.2,24
2025-11-22,gem_seamless,h0,18.3,24
2025-11-22,ecmwf_ifs025,h0,17.7,24
2025-11-22,ecmwf_aifs025_single,h0,18.4,24
2025-11-23,icon_seamless,h24,17.3,24
2025-11-23,ukmo_seamless,h24,18.4,24
2025-11-23,meteofrance_seamless,h24,18.2,24
2025-11-23,gem_seamless,h24,18.0,24
2025-11-23,ecmwf_ifs025,h24,17.7,24
2025-11-23,ecmwf_aifs025_single,h24,18.2,24
2025-11-23,icon_seamless,h0,16.2,24
2025-11-23,ukmo_seamless,h0,18.5,24
2025-11-23,meteofrance_seamless,h0,17.7,24
2025-11-23,gem_seamless,h0,18.6,24
2025-11-23,ecmwf_ifs025,h0,16.6,24
2025-11-23,ecmwf_aifs025_single,h0,16.2,24
2025-11-24,icon_seamless,h24,18.6,24
2025-11-24,ukmo_seamless,h24,19.1,24
2025-11-24,meteofrance_seamless,h24,19.0,24
2025-11-24,gem_seamless,h24,18.9,24
2025-11-24,ecmwf_ifs025,h24,19.2,24
2025-11-24,ecmwf_aifs025_single,h24,19.7,24
2025-11-24,icon_seamless,h0,19.1,24
2025-11-24,ukmo_seamless,h0,18.7,24
2025-11-24,meteofrance_seamless,h0,19.5,24
2025-11-24,gem_seamless,h0,18.8,24
2025-11-24,ecmwf_ifs025,h0,19.1,24
2025-11-24,ecmwf_aifs025_single,h0,19.3,24
2025-11-25,icon_seamless,h24,13.8,24
2025-11-25,ukmo_seamless,h24,13.4,24
2025-11-25,meteofrance_seamless,h24,15.2,24
2025-11-25,gem_seamless,h24,13.4,24
2025-11-25,ecmwf_ifs025,h24,13.0,24
2025-11-25,ecmwf_aifs025_single,h24,15.0,24
2025-11-25,icon_seamless,h0,14.2,24
2025-11-25,ukmo_seamless,h0,14.0,24
2025-11-25,meteofrance_seamless,h0,14.5,24
2025-11-25,gem_seamless,h0,14.5,24
2025-11-25,ecmwf_ifs025,h0,14.3,24
2025-11-25,ecmwf_aifs025_single,h0,15.2,24
2025-11-26,icon_seamless,h24,15.7,24
2025-11-26,ukmo_seamless,h24,16.0,24
2025-11-26,meteofrance_seamless,h24,16.7,24
2025-11-26,gem_seamless,h24,15.4,24
2025-11-26,ecmwf_ifs025,h24,16.8,24
2025-11-26,ecmwf_aifs025_single,h24,17.5,24
2025-11-26,icon_seamless,h0,16.7,24
2025-11-26,ukmo_seamless,h0,16.6,24
2025-11-26,meteofrance_seamless,h0,16.4,24
2025-11-26,gem_seamless,h0,17.5,24
2025-11-26,ecmwf_ifs025,h0,17.3,24
2025-11-26,ecmwf_aifs025_single,h0,18.0,24
2025-11-27,icon_seamless,h24,13.9,24
2025-11-27,ukmo_seamless,h24,14.8,24
2025-11-27,meteofrance_seamless,h24,15.7,24
2025-11-27,gem_seamless,h24,15.3,24
2025-11-27,ecmwf_ifs025,h24,13.9,24
2025-11-27,ecmwf_aifs025_single,h24,16.8,24
2025-11-27,icon_seamless,h0,15.2,24
2025-11-27,ukmo_seamless,h0,15.5,24
2025-11-27,meteofrance_seamless,h0,16.6,24
2025-11-27,gem_seamless,h0,16.2,24
2025-11-27,ecmwf_ifs025,h0,16.3,24
2025-11-27,ecmwf_aifs025_single,h0,17.1,24
2025-11-28,icon_seamless,h24,18.4,24
2025-11-28,ukmo_seamless,h24,19.1,24
2025-11-28,meteofrance_seamless,h24,20.7,24
2025-11-28,gem_seamless,h24,19.1,24
2025-11-28,ecmwf_ifs025,h24,18.2,24
2025-11-28,ecmwf_aifs025_single,h24,19.7,24
2025-11-28,icon_seamless,h0,19.4,24
2025-11-28,ukmo_seamless,h0,19.5,24
2025-11-28,meteofrance_seamless,h0,20.8,24
2025-11-28,gem_seamless,h0,21.0,24
2025-11-28,ecmwf_ifs025,h0,19.6,24
2025-11-28,ecmwf_aifs025_single,h0,20.2,24
2025-11-29,icon_seamless,h24,19.6,24
2025-11-29,ukmo_seamless,h24,18.6,24
2025-11-29,meteofrance_seamless,h24,19.7,24
2025-11-29,gem_seamless,h24,20.3,24
2025-11-29,ecmwf_ifs025,h24,19.3,24
2025-11-29,ecmwf_aifs025_single,h24,20.6,24
2025-11-29,icon_seamless,h0,20.6,24
2025-11-29,ukmo_seamless,h0,19.6,24
2025-11-29,meteofrance_seamless,h0,20.1,24
2025-11-29,gem_seamless,h0,21.5,24
2025-11-29,ecmwf_ifs025,h0,20.1,24
2025-11-29,ecmwf_aifs025_single,h0,21.2,24
2025-11-30,icon_seamless,h24,21.1,24
2025-11-30,ukmo_seamless,h24,19.5,24
2025-11-30,meteofrance_seamless,h24,21.2,24
2025-11-30,gem_seamless,h24,21.2,24
2025-11-30,ecmwf_ifs025,h24,20.9,24
2025-11-30,ecmwf_aifs025_single,h24,21.0,24
2025-11-30,icon_seamless,h0,21.7,24
2025-11-30,ukmo_seamless,h0,19.5,24
2025-11-30,meteofrance_seamless,h0,21.0,24
2025-11-30,gem_seamless,h0,22.0,24
2025-11-30,ecmwf_ifs025,h0,20.8,24
2025-11-30,ecmwf_aifs025_single,h0,21.9,24
2025-12-01,icon_seamless,h24,19.0,24
2025-12-01,ukmo_seamless,h24,18.0,24
2025-12-01,meteofrance_seamless,h24,19.5,24
2025-12-01,gem_seamless,h24,19.2,24
2025-12-01,ecmwf_ifs025,h24,18.4,24
2025-12-01,ecmwf_aifs025_single,h24,19.0,24
2025-12-01,icon_seamless,h0,19.2,24
2025-12-01,ukmo_seamless,h0,18.5,24
2025-12-01,meteofrance_seamless,h0,18.9,24
2025-12-01,gem_seamless,h0,20.1,24
2025-12-01,ecmwf_ifs025,h0,18.8,24
2025-12-01,ecmwf_aifs025_single,h0,19.5,24
2025-12-02,icon_seamless,h24,14.5,24
2025-12-02,ukmo_seamless,h24,15.0,24
2025-12-02,meteofrance_seamless,h24,15.7,24
2025-12-02,gem_seamless,h24,15.1,24
2025-12-02,ecmwf_ifs025,h24,14.7,24
2025-12-02,ecmwf_aifs025_single,h24,14.2,24
2025-12-02,icon_seamless,h0,14.1,24
2025-12-02,ukmo_seamless,h0,13.9,24
2025-12-02,meteofrance_seamless,h0,15.3,24
2025-12-02,gem_seamless,h0,14.9,24
2025-12-02,ecmwf_ifs025,h0,14.0,24
2025-12-02,ecmwf_aifs025_single,h0,14.2,24
2025-12-03,icon_seamless,h24,11.9,24
2025-12-03,ukmo_seamless,h24,11.7,24
2025-12-03,meteofrance_seamless,h24,12.7,24
2025-12-03,gem_seamless,h24,11.4,24
2025-12-03,ecmwf_ifs025,h24,11.2,24
2025-12-03,ecmwf_aifs025_single,h24,12.3,24
2025-12-03,icon_seamless,h0,12.1,24
2025-12-03,ukmo_seamless,h0,11.6,24
2025-12-03,meteofrance_seamless,h0,12.4,24
2025-12-03,gem_seamless,h0,11.8,24
2025-12-03,ecmwf_ifs025,h0,11.7,24
2025-12-03,ecmwf_aifs025_single,h0,12.1,24
2025-12-04,icon_seamless,h24,10.9,24
2025-12-04,ukmo_seamless,h24,12.1,24
2025-12-04,meteofrance_seamless,h24,13.2,24
2025-12-04,gem_seamless,h24,11.3,24
2025-12-04,ecmwf_ifs025,h24,11.4,24
2025-12-04,ecmwf_aifs025_single,h24,11.8,24
2025-12-04,icon_seamless,h0,10.3,24
2025-12-04,ukmo_seamless,h0,11.5,24
2025-12-04,meteofrance_seamless,h0,12.0,24
2025-12-04,gem_seamless,h0,12.6,24
2025-12-04,ecmwf_ifs025,h0,10.1,24
2025-12-04,ecmwf_aifs025_single,h0,10.3,24
2025-12-05,icon_seamless,h24,14.9,24
2025-12-05,ukmo_seamless,h24,13.2,24
2025-12-05,meteofrance_seamless,h24,14.4,24
2025-12-05,gem_seamless,h24,15.4,24
2025-12-05,ecmwf_ifs025,h24,13.7,24
2025-12-05,ecmwf_aifs025_single,h24,14.1,24
2025-12-05,icon_seamless,h0,14.3,24
2025-12-05,ukmo_seamless,h0,13.5,24
2025-12-05,meteofrance_seamless,h0,14.1,24
2025-12-05,gem_seamless,h0,14.5,24
2025-12-05,ecmwf_ifs025,h0,13.6,24
2025-12-05,ecmwf_aifs025_single,h0,13.9,24
2025-12-06,icon_seamless,h24,16.0,24
2025-12-06,ukmo_seamless,h24,14.9,24
2025-12-06,meteofrance_seamless,h24,16.0,24
2025-12-06,gem_seamless,h24,15.7,24
2025-12-06,ecmwf_ifs025,h24,15.7,24
2025-12-06,ecmwf_aifs025_single,h24,16.1,24
2025-12-06,icon_seamless,h0,15.8,24
2025-12-06,ukmo_seamless,h0,15.1,24
2025-12-06,meteofrance_seamless,h0,15.5,24
2025-12-06,gem_seamless,h0,15.9,24
2025-12-06,ecmwf_ifs025,h0,15.3,24
2025-12-06,ecmwf_aifs025_single,h0,15.9,24
2025-12-07,icon_seamless,h24,17.3,24
2025-12-07,ukmo_seamless,h24,17.6,24
2025-12-07,meteofrance_seamless,h24,18.0,24
2025-12-07,gem_seamless,h24,17.9,24
2025-12-07,ecmwf_ifs025,h24,17.7,24
2025-12-07,ecmwf_aifs025_single,h24,17.3,24
2025-12-07,icon_seamless,h0,17.5,24
2025-12-07,ukmo_seamless,h0,16.9,24
2025-12-07,meteofrance_seamless,h0,17.2,24
2025-12-07,gem_seamless,h0,18.1,24
2025-12-07,ecmwf_ifs025,h0,17.3,24
2025-12-07,ecmwf_aifs025_single,h0,17.4,24
2025-12-08,icon_seamless,h24,17.7,24
2025-12-08,ukmo_seamless,h24,16.3,24
2025-12-08,meteofrance_seamless,h24,17.0,24
2025-12-08,gem_seamless,h24,17.0,24
2025-12-08,ecmwf_ifs025,h24,16.7,24
2025-12-08,ecmwf_aifs025_single,h24,17.0,24
2025-12-08,icon_seamless,h0,17.3,24
2025-12-08,ukmo_seamless,h0,16.5,24
2025-12-08,meteofrance_seamless,h0,17.2,24
2025-12-08,gem_seamless,h0,17.3,24
2025-12-08,ecmwf_ifs025,h0,17.1,24
2025-12-08,ecmwf_aifs025_single,h0,17.8,24
2025-12-09,icon_seamless,h24,16.7,24
2025-12-09,ukmo_seamless,h24,16.0,24
2025-12-09,meteofrance_seamless,h24,16.9,24
2025-12-09,gem_seamless,h24,17.0,24
2025-12-09,ecmwf_ifs025,h24,16.5,24
2025-12-09,ecmwf_aifs025_single,h24,16.5,24
2025-12-09,icon_seamless,h0,16.7,24
2025-12-09,ukmo_seamless,h0,16.0,24
2025-12-09,meteofrance_seamless,h0,16.5,24
2025-12-09,gem_seamless,h0,17.2,24
2025-12-09,ecmwf_ifs025,h0,16.5,24
2025-12-09,ecmwf_aifs025_single,h0,16.9,24
2025-12-10,icon_seamless,h24,18.9,24
2025-12-10,ukmo_seamless,h24,17.1,24
2025-12-10,meteofrance_seamless,h24,17.4,24
2025-12-10,gem_seamless,h24,18.4,24
2025-12-10,ecmwf_ifs025,h24,17.3,24
2025-12-10,ecmwf_aifs025_single,h24,17.2,24
2025-12-10,icon_seamless,h0,16.8,24
2025-12-10,ukmo_seamless,h0,15.9,24
2025-12-10,meteofrance_seamless,h0,16.9,24
2025-12-10,gem_seamless,h0,18.4,24
2025-12-10,ecmwf_ifs025,h0,16.8,24
2025-12-10,ecmwf_aifs025_single,h0,16.5,24
2025-12-11,icon_seamless,h24,18.7,24
2025-12-11,ukmo_seamless,h24,17.8,24
2025-12-11,meteofrance_seamless,h24,17.9,24
2025-12-11,gem_seamless,h24,17.6,24
2025-12-11,ecmwf_ifs025,h24,18.2,24
2025-12-11,ecmwf_aifs025_single,h24,18.4,24
2025-12-11,icon_seamless,h0,18.1,24
2025-12-11,ukmo_seamless,h0,18.2,24
2025-12-11,meteofrance_seamless,h0,18.4,24
2025-12-11,gem_seamless,h0,18.3,24
2025-12-11,ecmwf_ifs025,h0,18.2,24
2025-12-11,ecmwf_aifs025_single,h0,18.6,24
2025-12-12,icon_seamless,h24,11.3,24
2025-12-12,ukmo_seamless,h24,12.6,24
2025-12-12,meteofrance_seamless,h24,11.5,24
2025-12-12,gem_seamless,h24,16.7,24
2025-12-12,ecmwf_ifs025,h24,12.5,24
2025-12-12,ecmwf_aifs025_single,h24,11.8,24
2025-12-12,icon_seamless,h0,11.1,24
2025-12-12,ukmo_seamless,h0,12.5,24
2025-12-12,meteofrance_seamless,h0,12.4,24
2025-12-12,gem_seamless,h0,15.1,24
2025-12-12,ecmwf_ifs025,h0,12.6,24
2025-12-12,ecmwf_aifs025_single,h0,12.0,24
2025-12-13,icon_seamless,h24,9.9,24
2025-12-13,ukmo_seamless,h24,9.7,24
2025-12-13,meteofrance_seamless,h24,9.3,24
2025-12-13,gem_seamless,h24,8.8,24
2025-12-13,ecmwf_ifs025,h24,10.3,24
2025-12-13,ecmwf_aifs025_single,h24,9.3,24
2025-12-13,icon_seamless,h0,9.5,24
2025-12-13,ukmo_seamless,h0,9.3,24
2025-12-13,meteofrance_seamless,h0,9.3,24
2025-12-13,gem_seamless,h0,9.9,24
2025-12-13,ecmwf_ifs025,h0,10.5,24
2025-12-13,ecmwf_aifs025_single,h0,10.5,24
2025-12-14,icon_seamless,h24,10.8,24
2025-12-14,ukmo_seamless,h24,9.5,24
2025-12-14,meteofrance_seamless,h24,10.6,24
2025-12-14,gem_seamless,h24,9.5,24
2025-12-14,ecmwf_ifs025,h24,10.4,24
2025-12-14,ecmwf_aifs025_single,h24,11.1,24
2025-12-14,icon_seamless,h0,11.4,24
2025-12-14,ukmo_seamless,h0,9.8,24
2025-12-14,meteofrance_seamless,h0,10.6,24
2025-12-14,gem_seamless,h0,11.1,24
2025-12-14,ecmwf_ifs025,h0,11.1,24
2025-12-14,ecmwf_aifs025_single,h0,11.7,24
2025-12-15,icon_seamless,h24,13.6,24
2025-12-15,ukmo_seamless,h24,13.2,24
2025-12-15,meteofrance_seamless,h24,13.9,24
2025-12-15,gem_seamless,h24,13.9,24
2025-12-15,ecmwf_ifs025,h24,14.4,24
2025-12-15,ecmwf_aifs025_single,h24,14.3,24
2025-12-15,icon_seamless,h0,14.2,24
2025-12-15,ukmo_seamless,h0,14.1,24
2025-12-15,meteofrance_seamless,h0,14.3,24
2025-12-15,gem_seamless,h0,15.8,24
2025-12-15,ecmwf_ifs025,h0,14.4,24
2025-12-15,ecmwf_aifs025_single,h0,13.7,24
2025-12-16,icon_seamless,h24,16.4,24
2025-12-16,ukmo_seamless,h24,15.6,24
2025-12-16,meteofrance_seamless,h24,15.5,24
2025-12-16,gem_seamless,h24,17.2,24
2025-12-16,ecmwf_ifs025,h24,16.8,24
2025-12-16,ecmwf_aifs025_single,h24,16.8,24
2025-12-16,icon_seamless,h0,16.7,24
2025-12-16,ukmo_seamless,h0,16.6,24
2025-12-16,meteofrance_seamless,h0,16.5,24
2025-12-16,gem_seamless,h0,17.0,24
2025-12-16,ecmwf_ifs025,h0,16.8,24
2025-12-16,ecmwf_aifs025_single,h0,17.2,24
2025-12-17,icon_seamless,h24,13.9,24
2025-12-17,ukmo_seamless,h24,13.3,24
2025-12-17,meteofrance_seamless,h24,14.9,24
2025-12-17,gem_seamless,h24,13.1,24
2025-12-17,ecmwf_ifs025,h24,13.5,24
2025-12-17,ecmwf_aifs025_single,h24,13.7,24
2025-12-17,icon_seamless,h0,13.6,24
2025-12-17,ukmo_seamless,h0,12.9,24
2025-12-17,meteofrance_seamless,h0,14.1,24
2025-12-17,gem_seamless,h0,14.0,24
2025-12-17,ecmwf_ifs025,h0,13.4,24
2025-12-17,ecmwf_aifs025_single,h0,13.5,24
2025-12-18,icon_seamless,h24,15.7,24
2025-12-18,ukmo_seamless,h24,14.9,24
2025-12-18,meteofrance_seamless,h24,16.6,24
2025-12-18,gem_seamless,h24,15.8,24
2025-12-18,ecmwf_ifs025,h24,15.1,24
2025-12-18,ecmwf_aifs025_single,h24,15.5,24
2025-12-18,icon_seamless,h0,15.3,24
2025-12-18,ukmo_seamless,h0,14.6,24
2025-12-18,meteofrance_seamless,h0,15.6,24
2025-12-18,gem_seamless,h0,15.9,24
2025-12-18,ecmwf_ifs025,h0,15.1,24
2025-12-18,ecmwf_aifs025_single,h0,15.1,24
2025-12-19,icon_seamless,h24,19.9,24
2025-12-19,ukmo_seamless,h24,19.1,24
2025-12-19,meteofrance_seamless,h24,19.0,24
2025-12-19,gem_seamless,h24,21.3,24
2025-12-19,ecmwf_ifs025,h24,19.5,24
2025-12-19,ecmwf_aifs025_single,h24,19.2,24
2025-12-19,icon_seamless,h0,19.9,24
2025-12-19,ukmo_seamless,h0,19.0,24
2025-12-19,meteofrance_seamless,h0,20.4,24
2025-12-19,gem_seamless,h0,21.2,24
2025-12-19,ecmwf_ifs025,h0,20.2,24
2025-12-19,ecmwf_aifs025_single,h0,20.6,24
2025-12-20,icon_seamless,h24,12.1,24
2025-12-20,ukmo_seamless,h24,13.1,24
2025-12-20,meteofrance_seamless,h24,14.8,24
2025-12-20,gem_seamless,h24,12.2,24
2025-12-20,ecmwf_ifs025,h24,11.7,24
2025-12-20,ecmwf_aifs025_single,h24,13.5,24
2025-12-20,icon_seamless,h0,13.1,24
2025-12-20,ukmo_seamless,h0,13.6,24
2025-12-20,meteofrance_seamless,h0,14.7,24
2025-12-20,gem_seamless,h0,12.6,24
2025-12-20,ecmwf_ifs025,h0,12.8,24
2025-12-20,ecmwf_aifs025_single,h0,14.6,24
2025-09-22,gfs_seamless,h24,22.3,24
2025-09-22,cma_grapes_global,h24,25.9,24
2025-09-22,jma_seamless,h24,24.8,24
2025-09-22,knmi_seamless,h24,26.1,24
2025-09-22,jma_gsm,h24,24.8,24
2025-09-22,gfs_seamless,h0,22.8,24
2025-09-22,cma_grapes_global,h0,25.7,24
2025-09-22,jma_seamless,h0,24.9,24
2025-09-22,knmi_seamless,h0,26.1,24
2025-09-22,jma_gsm,h0,24.9,24
2025-09-23,gfs_seamless,h24,24.5,24
2025-09-23,cma_grapes_global,h24,26.1,24
2025-09-23,jma_seamless,h24,26.3,24
2025-09-23,knmi_seamless,h24,28.4,24
2025-09-23,jma_gsm,h24,26.3,24
2025-09-23,gfs_seamless,h0,25.1,24
2025-09-23,cma_grapes_global,h0,26.4,24
2025-09-23,jma_seamless,h0,26.2,24
2025-09-23,knmi_seamless,h0,27.8,24
2025-09-23,jma_gsm,h0,26.2,24
2025-09-24,gfs_seamless,h24,24.2,24
2025-09-24,cma_grapes_global,h24,26.6,17
2025-09-24,jma_seamless,h24,24.2,24
2025-09-24,knmi_seamless,h24,26.0,24
2025-09-24,jma_gsm,h24,24.2,24
2025-09-24,gfs_seamless,h0,23.2,24
2025-09-24,cma_grapes_global,h0,26.6,17
2025-09-24,jma_seamless,h0,23.1,24
2025-09-24,knmi_seamless,h0,24.4,24
2025-09-24,jma_gsm,h0,23.1,24
2025-09-25,gfs_seamless,h24,21.8,24
2025-09-25,jma_seamless,h24,22.4,24
2025-09-25,knmi_seamless,h24,22.0,24
2025-09-25,jma_gsm,h24,22.4,24
2025-09-25,gfs_seamless,h0,22.0,24
2025-09-25,jma_seamless,h0,22.0,24
2025-09-25,knmi_seamless,h0,23.2,24
2025-09-25,jma_gsm,h0,22.0,24
2025-09-26,gfs_seamless,h24,26.9,24
2025-09-26,jma_seamless,h24,26.9,24
2025-09-26,knmi_seamless,h24,29.0,24
2025-09-26,jma_gsm,h24,26.9,24
2025-09-26,gfs_seamless,h0,27.7,24
2025-09-26,jma_seamless,h0,26.5,24
2025-09-26,knmi_seamless,h0,28.8,24
2025-09-26,jma_gsm,h0,26.5,24
2025-09-27,gfs_seamless,h24,28.2,24
2025-09-27,jma_seamless,h24,28.8,24
2025-09-27,knmi_seamless,h24,29.5,24
2025-09-27,jma_gsm,h24,28.8,24
2025-09-27,gfs_seamless,h0,28.2,24
2025-09-27,jma_seamless,h0,28.2,24
2025-09-27,knmi_seamless,h0,28.6,24
2025-09-27,jma_gsm,h0,28.2,24
2025-09-27,cma_grapes_global,h0,27.8,7
2025-09-28,gfs_seamless,h24,30.7,24
2025-09-28,jma_seamless,h24,31.0,24
2025-09-28,knmi_seamless,h24,29.6,24
2025-09-28,jma_gsm,h24,31.0,24
2025-09-28,gfs_seamless,h0,30.3,24
2025-09-28,cma_grapes_global,h0,29.5,24
2025-09-28,jma_seamless,h0,31.2,24
2025-09-28,knmi_seamless,h0,29.9,24
2025-09-28,jma_gsm,h0,31.2,24
2025-09-29,gfs_seamless,h24,26.4,24
2025-09-29,jma_seamless,h24,26.7,24
2025-09-29,knmi_seamless,h24,26.0,24
2025-09-29,jma_gsm,h24,26.7,24
2025-09-29,gfs_seamless,h0,26.2,24
2025-09-29,cma_grapes_global,h0,25.3,24
2025-09-29,jma_seamless,h0,27.0,24
2025-09-29,knmi_seamless,h0,26.4,24
2025-09-29,jma_gsm,h0,27.0,24
2025-09-30,gfs_seamless,h24,25.9,24
2025-09-30,jma_seamless,h24,26.9,24
2025-09-30,knmi_seamless,h24,24.8,24
2025-09-30,jma_gsm,h24,26.9,24
2025-09-30,gfs_seamless,h0,25.8,24
2025-09-30,cma_grapes_global,h0,22.1,14
2025-09-30,jma_seamless,h0,26.7,24
2025-09-30,knmi_seamless,h0,24.9,24
2025-09-30,jma_gsm,h0,26.7,24
2025-10-01,gfs_seamless,h24,28.3,24
2025-10-01,jma_seamless,h24,29.1,24
2025-10-01,knmi_seamless,h24,27.3,24
2025-10-01,jma_gsm,h24,29.1,24
2025-10-01,gfs_seamless,h0,26.1,24
2025-10-01,jma_seamless,h0,27.6,24
2025-10-01,knmi_seamless,h0,26.0,24
2025-10-01,jma_gsm,h0,27.6,24
2025-10-02,gfs_seamless,h24,28.7,24
2025-10-02,jma_seamless,h24,29.5,24
2025-10-02,knmi_seamless,h24,31.9,24
2025-10-02,jma_gsm,h24,29.5,24
2025-10-02,gfs_seamless,h0,31.6,24
2025-10-02,jma_seamless,h0,28.5,24
2025-10-02,knmi_seamless,h0,31.2,24
2025-10-02,jma_gsm,h0,28.5,24
2025-10-03,gfs_seamless,h24,24.4,24
2025-10-03,jma_seamless,h24,26.8,24
2025-10-03,knmi_seamless,h24,26.7,24
2025-10-03,jma_gsm,h24,26.8,24
2025-10-03,gfs_seamless,h0,23.7,24
2025-10-03,jma_seamless,h0,26.6,24
2025-10-03,knmi_seamless,h0,27.0,24
2025-10-03,jma_gsm,h0,26.6,24
2025-10-03,cma_grapes_global,h0,21.2,3
2025-10-04,gfs_seamless,h24,27.1,24
2025-10-04,jma_seamless,h24,29.9,24
2025-10-04,knmi_seamless,h24,28.7,24
2025-10-04,jma_gsm,h24,29.9,24
2025-10-04,gfs_seamless,h0,28.7,24
2025-10-04,jma_seamless,h0,27.7,24
2025-10-04,knmi_seamless,h0,27.4,24
2025-10-04,jma_gsm,h0,27.7,24
2025-10-04,cma_grapes_global,h0,19.8,3
2025-10-05,gfs_seamless,h24,33.4,24
2025-10-05,jma_seamless,h24,35.5,24
2025-10-05,knmi_seamless,h24,32.0,24
2025-10-05,jma_gsm,h24,35.5,24
2025-10-05,gfs_seamless,h0,33.2,24
2025-10-05,jma_seamless,h0,33.3,24
2025-10-05,knmi_seamless,h0,31.1,24
2025-10-05,jma_gsm,h0,33.3,24
2025-10-06,gfs_seamless,h24,33.7,24
2025-10-06,jma_seamless,h24,36.3,24
2025-10-06,knmi_seamless,h24,33.4,24
2025-10-06,jma_gsm,h24,36.3,24
2025-10-06,gfs_seamless,h0,34.5,24
2025-10-06,jma_seamless,h0,34.5,24
2025-10-06,knmi_seamless,h0,33.0,24
2025-10-06,jma_gsm,h0,34.5,24
2025-10-07,gfs_seamless,h24,30.9,24
2025-10-07,jma_seamless,h24,34.1,24
2025-10-07,knmi_seamless,h24,31.5,24
2025-10-07,jma_gsm,h24,34.1,24
2025-10-07,gfs_seamless,h0,31.3,24
2025-10-07,jma_seamless,h0,29.1,24
2025-10-07,knmi_seamless,h0,31.5,24
2025-10-07,jma_gsm,h0,29.1,24
2025-10-08,gfs_seamless,h24,32.6,24
2025-10-08,jma_seamless,h24,33.8,24
2025-10-08,knmi_seamless,h24,32.1,24
2025-10-08,jma_gsm,h24,33.8,24
2025-10-08,gfs_seamless,h0,33.7,24
2025-10-08,jma_seamless,h0,33.7,24
2025-10-08,knmi_seamless,h0,32.1,24
2025-10-08,jma_gsm,h0,33.7,24
2025-10-09,gfs_seamless,h24,34.9,24
2025-10-09,jma_seamless,h24,35.0,24
2025-10-09,knmi_seamless,h24,33.3,24
2025-10-09,jma_gsm,h24,35.0,24
2025-10-09,gfs_seamless,h0,35.6,24
2025-10-09,jma_seamless,h0,35.5,24
2025-10-09,knmi_seamless,h0,33.2,24
2025-10-09,jma_gsm,h0,35.5,24
2025-10-10,gfs_seamless,h24,31.7,24
2025-10-10,jma_seamless,h24,36.1,24
2025-10-10,knmi_seamless,h24,31.4,24
2025-10-10,jma_gsm,h24,36.1,24
2025-10-10,gfs_seamless,h0,31.6,24
2025-10-10,jma_seamless,h0,32.8,24
2025-10-10,knmi_seamless,h0,30.3,24
2025-10-10,jma_gsm,h0,32.8,24
2025-10-11,gfs_seamless,h24,28.3,24
2025-10-11,jma_seamless,h24,32.7,24
2025-10-11,knmi_seamless,h24,28.8,24
2025-10-11,jma_gsm,h24,32.7,24
2025-10-11,gfs_seamless,h0,27.3,24
2025-10-11,jma_seamless,h0,25.5,24
2025-10-11,knmi_seamless,h0,26.3,24
2025-10-11,jma_gsm,h0,25.5,24
2025-10-12,gfs_seamless,h24,26.4,24
2025-10-12,jma_seamless,h24,31.3,24
2025-10-12,knmi_seamless,h24,28.4,24
2025-10-12,jma_gsm,h24,31.3,24
2025-10-12,gfs_seamless,h0,27.1,24
2025-10-12,jma_seamless,h0,24.1,24
2025-10-12,knmi_seamless,h0,25.9,24
2025-10-12,jma_gsm,h0,24.1,24
2025-10-13,gfs_seamless,h24,18.6,24
2025-10-13,jma_seamless,h24,20.5,24
2025-10-13,knmi_seamless,h24,20.0,24
2025-10-13,jma_gsm,h24,20.5,24
2025-10-13,gfs_seamless,h0,18.3,24
2025-10-13,jma_seamless,h0,19.2,24
2025-10-13,knmi_seamless,h0,18.1,24
2025-10-13,jma_gsm,h0,19.2,24
2025-10-14,gfs_seamless,h24,25.1,24
2025-10-14,jma_seamless,h24,24.0,24
2025-10-14,knmi_seamless,h24,23.1,24
2025-10-14,jma_gsm,h24,24.0,24
2025-10-14,gfs_seamless,h0,24.4,24
2025-10-14,jma_seamless,h0,22.4,24
2025-10-14,knmi_seamless,h0,22.2,24
2025-10-14,jma_gsm,h0,22.4,24
2025-10-15,gfs_seamless,h24,22.0,24
2025-10-15,jma_seamless,h24,25.0,24
2025-10-15,knmi_seamless,h24,24.7,24
2025-10-15,jma_gsm,h24,25.0,24
2025-10-15,gfs_seamless,h0,20.2,24
2025-10-15,jma_seamless,h0,23.2,24
2025-10-15,knmi_seamless,h0,23.5,24
2025-10-15,jma_gsm,h0,23.2,24
2025-10-16,gfs_seamless,h24,23.8,24
2025-10-16,jma_seamless,h24,25.5,24
2025-10-16,knmi_seamless,h24,23.5,24
2025-10-16,jma_gsm,h24,25.5,24
2025-10-16,gfs_seamless,h0,22.5,24
2025-10-16,jma_seamless,h0,21.1,24
2025-10-16,knmi_seamless,h0,21.9,24
2025-10-16,jma_gsm,h0,21.1,24
2025-10-17,gfs_seamless,h24,24.9,24
2025-10-17,jma_seamless,h24,26.5,24
2025-10-17,knmi_seamless,h24,26.7,24
2025-10-17,jma_gsm,h24,26.5,24
2025-10-17,gfs_seamless,h0,24.4,24
2025-10-17,jma_seamless,h0,23.4,24
2025-10-17,knmi_seamless,h0,25.3,24
2025-10-17,jma_gsm,h0,23.4,24
2025-10-18,gfs_seamless,h24,17.5,24
2025-10-18,jma_seamless,h24,20.6,24
2025-10-18,knmi_seamless,h24,19.0,24
2025-10-18,jma_gsm,h24,20.6,24
2025-10-18,gfs_seamless,h0,17.2,24
2025-10-18,jma_seamless,h0,19.3,24
2025-10-18,knmi_seamless,h0,18.3,24
2025-10-18,jma_gsm,h0,19.3,24
2025-10-19,gfs_seamless,h24,13.4,24
2025-10-19,jma_seamless,h24,19.5,24
2025-10-19,knmi_seamless,h24,16.3,24
2025-10-19,jma_gsm,h24,19.5,24
2025-10-19,gfs_seamless,h0,13.5,24
2025-10-19,jma_seamless,h0,15.0,24
2025-10-19,knmi_seamless,h0,15.2,24
2025-10-19,jma_gsm,h0,15.0,24
2025-10-20,gfs_seamless,h24,12.7,24
2025-10-20,jma_seamless,h24,17.9,24
2025-10-20,knmi_seamless,h24,15.1,24
2025-10-20,jma_gsm,h24,17.9,24
2025-10-20,gfs_seamless,h0,12.1,24
2025-10-20,jma_seamless,h0,14.7,24
2025-10-20,knmi_seamless,h0,13.7,24
2025-10-20,jma_gsm,h0,14.7,24
2025-10-21,gfs_seamless,h24,10.5,24
2025-10-21,jma_seamless,h24,15.9,24
2025-10-21,knmi_seamless,h24,16.1,24
2025-10-21,jma_gsm,h24,15.9,24
2025-10-21,gfs_seamless,h0,10.7,24
2025-10-21,jma_seamless,h0,14.7,24
2025-10-21,knmi_seamless,h0,13.6,24
2025-10-21,jma_gsm,h0,14.7,24
2025-10-22,gfs_seamless,h24,17.0,24
2025-10-22,jma_seamless,h24,19.3,24
2025-10-22,knmi_seamless,h24,17.8,24
2025-10-22,jma_gsm,h24,19.3,24
2025-10-22,gfs_seamless,h0,16.7,24
2025-10-22,jma_seamless,h0,17.7,24
2025-10-22,knmi_seamless,h0,17.5,24
2025-10-22,jma_gsm,h0,17.7,24
2025-10-23,gfs_seamless,h24,18.6,24
2025-10-23,jma_seamless,h24,20.4,24
2025-10-23,knmi_seamless,h24,18.6,24
2025-10-23,jma_gsm,h24,20.4,24
2025-10-23,gfs_seamless,h0,18.5,24
2025-10-23,jma_seamless,h0,19.2,24
2025-10-23,knmi_seamless,h0,18.9,24
2025-10-23,jma_gsm,h0,19.2,24
2025-10-24,gfs_seamless,h24,17.6,24
2025-10-24,jma_seamless,h24,19.3,24
2025-10-24,knmi_seamless,h24,18.1,24
2025-10-24,jma_gsm,h24,19.3,24
2025-10-24,gfs_seamless,h0,15.8,24
2025-10-24,jma_seamless,h0,18.8,24
2025-10-24,knmi_seamless,h0,18.3,24
2025-10-24,jma_gsm,h0,18.8,24
2025-10-24,cma_grapes_global,h0,18.2,16
2025-10-25,gfs_seamless,h24,13.8,24
2025-10-25,jma_seamless,h24,20.7,24
2025-10-25,knmi_seamless,h24,16.3,24
2025-10-25,jma_gsm,h24,20.7,24
2025-10-25,gfs_seamless,h0,15.9,24
2025-10-25,cma_grapes_global,h0,17.8,24
2025-10-25,jma_seamless,h0,16.6,24
2025-10-25,knmi_seamless,h0,16.4,24
2025-10-25,jma_gsm,h0,16.6,24
2025-10-25,cma_grapes_global,h24,16.5,16
2025-10-26,gfs_seamless,h24,19.2,24
2025-10-26,cma_grapes_global,h24,18.4,24
2025-10-26,jma_seamless,h24,19.7,24
2025-10-26,knmi_seamless,h24,20.0,24
2025-10-26,jma_gsm,h24,19.7,24
2025-10-26,gfs_seamless,h0,19.0,24
2025-10-26,cma_grapes_global,h0,17.3,24
2025-10-26,jma_seamless,h0,18.3,24
2025-10-26,knmi_seamless,h0,19.0,24
2025-10-26,jma_gsm,h0,18.3,24
2025-10-27,gfs_seamless,h24,20.1,24
2025-10-27,cma_grapes_global,h24,18.8,24
2025-10-27,jma_seamless,h24,21.3,24
2025-10-27,knmi_seamless,h24,19.9,24
2025-10-27,jma_gsm,h24,21.3,24
2025-10-27,gfs_seamless,h0,19.7,24
2025-10-27,cma_grapes_global,h0,18.8,24
2025-10-27,jma_seamless,h0,20.5,24
2025-10-27,knmi_seamless,h0,19.6,24
2025-10-27,jma_gsm,h0,20.5,24
2025-10-28,gfs_seamless,h24,22.4,24
2025-10-28,cma_grapes_global,h24,19.8,24
2025-10-28,jma_seamless,h24,22.8,24
2025-10-28,knmi_seamless,h24,21.4,24
2025-10-28,jma_gsm,h24,22.8,24
2025-10-28,gfs_seamless,h0,22.2,24
2025-10-28,cma_grapes_global,h0,21.1,24
2025-10-28,jma_seamless,h0,22.5,24
2025-10-28,knmi_seamless,h0,21.3,24
2025-10-28,jma_gsm,h0,22.5,24
2025-10-29,gfs_seamless,h24,22.3,24
2025-10-29,cma_grapes_global,h24,20.8,24
2025-10-29,jma_seamless,h24,23.9,24
2025-10-29,knmi_seamless,h24,21.6,24
2025-10-29,jma_gsm,h24,23.9,24
2025-10-29,gfs_seamless,h0,22.8,24
2025-10-29,cma_grapes_global,h0,21.4,24
2025-10-29,jma_seamless,h0,23.5,24
2025-10-29,knmi_seamless,h0,22.0,24
2025-10-29,jma_gsm,h0,23.5,24
2025-10-30,gfs_seamless,h24,19.3,24
2025-10-30,cma_grapes_global,h24,20.6,24
2025-10-30,jma_seamless,h24,19.9,24
2025-10-30,knmi_seamless,h24,21.8,24
2025-10-30,jma_gsm,h24,19.9,24
2025-10-30,gfs_seamless,h0,19.3,24
2025-10-30,cma_grapes_global,h0,19.2,24
2025-10-30,jma_seamless,h0,20.1,24
2025-10-30,knmi_seamless,h0,20.2,24
2025-10-30,jma_gsm,h0,20.1,24
2025-10-31,gfs_seamless,h24,21.4,24
2025-10-31,cma_grapes_global,h24,21.4,24
2025-10-31,jma_seamless,h24,23.8,24
2025-10-31,knmi_seamless,h24,22.2,24
2025-10-31,jma_gsm,h24,23.8,24
2025-10-31,gfs_seamless,h0,20.6,24
2025-10-31,cma_grapes_global,h0,20.4,24
2025-10-31,jma_seamless,h0,22.1,24
2025-10-31,knmi_seamless,h0,22.3,24
2025-10-31,jma_gsm,h0,22.1,24
2025-11-01,gfs_seamless,h24,22.7,24
2025-11-01,cma_grapes_global,h24,20.6,24
2025-11-01,jma_seamless,h24,24.5,24
2025-11-01,knmi_seamless,h24,22.6,24
2025-11-01,jma_gsm,h24,24.5,24
2025-11-01,gfs_seamless,h0,22.4,24
2025-11-01,cma_grapes_global,h0,21.1,24
2025-11-01,jma_seamless,h0,24.2,24
2025-11-01,knmi_seamless,h0,22.7,24
2025-11-01,jma_gsm,h0,24.2,24
2025-11-02,gfs_seamless,h24,22.6,24
2025-11-02,cma_grapes_global,h24,20.8,24
2025-11-02,jma_seamless,h24,25.4,24
2025-11-02,knmi_seamless,h24,22.8,24
2025-11-02,jma_gsm,h24,25.4,24
2025-11-02,gfs_seamless,h0,22.6,24
2025-11-02,cma_grapes_global,h0,21.6,24
2025-11-02,jma_seamless,h0,22.6,24
2025-11-02,knmi_seamless,h0,22.3,24
2025-11-02,jma_gsm,h0,22.6,24
2025-11-03,gfs_seamless,h24,21.4,24
2025-11-03,cma_grapes_global,h24,18.7,24
2025-11-03,jma_seamless,h24,23.2,24
2025-11-03,knmi_seamless,h24,21.3,24
2025-11-03,jma_gsm,h24,23.2,24
2025-11-03,gfs_seamless,h0,22.2,24
2025-11-03,cma_grapes_global,h0,20.6,24
2025-11-03,jma_seamless,h0,23.1,24
2025-11-03,knmi_seamless,h0,21.6,24
2025-11-03,jma_gsm,h0,23.1,24
2025-11-04,gfs_seamless,h24,21.9,24
2025-11-04,cma_grapes_global,h24,19.3,24
2025-11-04,jma_seamless,h24,22.7,24
2025-11-04,knmi_seamless,h24,21.2,24
2025-11-04,jma_gsm,h24,22.7,24
2025-11-04,gfs_seamless,h0,22.1,24
2025-11-04,cma_grapes_global,h0,20.2,24
2025-11-04,jma_seamless,h0,22.6,24
2025-11-04,knmi_seamless,h0,21.2,24
2025-11-04,jma_gsm,h0,22.6,24
2025-11-05,gfs_seamless,h24,21.4,24
2025-11-05,cma_grapes_global,h24,19.1,24
2025-11-05,jma_seamless,h24,22.7,24
2025-11-05,knmi_seamless,h24,20.7,24
2025-11-05,jma_gsm,h24,22.7,24
2025-11-05,gfs_seamless,h0,21.5,24
2025-11-05,cma_grapes_global,h0,19.9,24
2025-11-05,jma_seamless,h0,22.2,24
2025-11-05,knmi_seamless,h0,20.3,24
2025-11-05,jma_gsm,h0,22.2,24
2025-11-06,gfs_seamless,h24,18.6,24
2025-11-06,cma_grapes_global,h24,17.7,24
2025-11-06,jma_seamless,h24,18.0,24
2025-11-06,knmi_seamless,h24,17.2,24
2025-11-06,jma_gsm,h24,18.0,24
2025-11-06,gfs_seamless,h0,18.2,24
2025-11-06,cma_grapes_global,h0,17.5,24
2025-11-06,jma_seamless,h0,18.3,24
2025-11-06,knmi_seamless,h0,16.9,24
2025-11-06,jma_gsm,h0,18.3,24
2025-11-07,gfs_seamless,h24,16.1,24
2025-11-07,cma_grapes_global,h24,19.1,24
2025-11-07,jma_seamless,h24,19.9,24
2025-11-07,knmi_seamless,h24,18.9,24
2025-11-07,jma_gsm,h24,19.9,24
2025-11-07,gfs_seamless,h0,16.7,24
2025-11-07,cma_grapes_global,h0,20.0,24
2025-11-07,jma_seamless,h0,19.7,24
2025-11-07,knmi_seamless,h0,19.1,24
2025-11-07,jma_gsm,h0,19.7,24
2025-11-08,gfs_seamless,h24,15.8,24
2025-11-08,cma_grapes_global,h24,18.9,24
2025-11-08,jma_seamless,h24,19.6,24
2025-11-08,knmi_seamless,h24,20.1,24
2025-11-08,jma_gsm,h24,19.6,24
2025-11-08,gfs_seamless,h0,17.9,24
2025-11-08,cma_grapes_global,h0,18.0,24
2025-11-08,jma_seamless,h0,19.6,24
2025-11-08,knmi_seamless,h0,19.2,24
2025-11-08,jma_gsm,h0,19.6,24
2025-11-09,gfs_seamless,h24,15.1,24
2025-11-09,cma_grapes_global,h24,16.6,24
2025-11-09,jma_seamless,h24,17.9,24
2025-11-09,knmi_seamless,h24,16.9,24
2025-11-09,jma_gsm,h24,17.9,24
2025-11-09,gfs_seamless,h0,15.3,24
2025-11-09,cma_grapes_global,h0,17.2,24
2025-11-09,jma_seamless,h0,18.6,24
2025-11-09,knmi_seamless,h0,16.7,24
2025-11-09,jma_gsm,h0,18.6,24
2025-11-10,gfs_seamless,h24,16.3,24
2025-11-10,cma_grapes_global,h24,17.4,24
2025-11-10,jma_seamless,h24,20.1,24
2025-11-10,knmi_seamless,h24,19.2,24
2025-11-10,jma_gsm,h24,20.1,24
2025-11-10,gfs_seamless,h0,15.9,24
2025-11-10,cma_grapes_global,h0,18.2,24
2025-11-10,jma_seamless,h0,18.2,24
2025-11-10,knmi_seamless,h0,19.3,24
2025-11-10,jma_gsm,h0,18.2,24
2025-11-11,gfs_seamless,h24,19.8,24
2025-11-11,cma_grapes_global,h24,17.5,24
2025-11-11,jma_seamless,h24,21.7,24
2025-11-11,knmi_seamless,h24,20.6,24
2025-11-11,jma_gsm,h24,21.7,24
2025-11-11,gfs_seamless,h0,19.8,24
2025-11-11,cma_grapes_global,h0,18.5,24
2025-11-11,jma_seamless,h0,20.4,24
2025-11-11,knmi_seamless,h0,19.7,24
2025-11-11,jma_gsm,h0,20.4,24
2025-11-12,gfs_seamless,h24,18.7,24
2025-11-12,cma_grapes_global,h24,16.6,24
2025-11-12,jma_seamless,h24,20.3,24
2025-11-12,knmi_seamless,h24,18.6,24
2025-11-12,jma_gsm,h24,20.3,24
2025-11-12,gfs_seamless,h0,19.3,24
2025-11-12,cma_grapes_global,h0,18.8,24
2025-11-12,jma_seamless,h0,17.9,24
2025-11-12,knmi_seamless,h0,18.6,24
2025-11-12,jma_gsm,h0,17.9,24
2025-11-13,gfs_seamless,h24,20.4,24
2025-11-13,cma_grapes_global,h24,18.5,24
2025-11-13,jma_seamless,h24,22.0,24
2025-11-13,knmi_seamless,h24,21.5,24
2025-11-13,jma_gsm,h24,22.0,24
2025-11-13,gfs_seamless,h0,20.9,24
2025-11-13,cma_grapes_global,h0,20.3,24
2025-11-13,jma_seamless,h0,21.7,24
2025-11-13,knmi_seamless,h0,22.0,24
2025-11-13,jma_gsm,h0,21.7,24
2025-11-14,gfs_seamless,h24,20.4,24
2025-11-14,cma_grapes_global,h24,18.5,24
2025-11-14,jma_seamless,h24,21.6,24
2025-11-14,knmi_seamless,h24,20.6,24
2025-11-14,jma_gsm,h24,21.6,24
2025-11-14,gfs_seamless,h0,20.9,24
2025-11-14,cma_grapes_global,h0,19.8,24
2025-11-14,jma_seamless,h0,21.2,24
2025-11-14,knmi_seamless,h0,21.2,24
2025-11-14,jma_gsm,h0,21.2,24
2025-11-15,gfs_seamless,h24,21.9,24
2025-11-15,cma_grapes_global,h24,19.7,24
2025-11-15,jma_seamless,h24,22.1,24
2025-11-15,knmi_seamless,h24,21.9,24
2025-11-15,jma_gsm,h24,22.1,24
2025-11-15,gfs_seamless,h0,21.8,24
2025-11-15,cma_grapes_global,h0,21.1,24
2025-11-15,jma_seamless,h0,22.0,24
2025-11-15,knmi_seamless,h0,22.6,24
2025-11-15,jma_gsm,h0,22.0,24
2025-11-16,gfs_seamless,h24,23.2,24
2025-11-16,cma_grapes_global,h24,20.9,24
2025-11-16,jma_seamless,h24,24.9,24
2025-11-16,knmi_seamless,h24,23.4,24
2025-11-16,jma_gsm,h24,24.9,24
2025-11-16,gfs_seamless,h0,23.0,24
2025-11-16,cma_grapes_global,h0,22.2,24
2025-11-16,jma_seamless,h0,23.7,24
2025-11-16,knmi_seamless,h0,23.4,24
2025-11-16,jma_gsm,h0,23.7,24
2025-11-17,gfs_seamless,h24,15.3,24
2025-11-17,cma_grapes_global,h24,12.2,24
2025-11-17,jma_seamless,h24,15.0,24
2025-11-17,knmi_seamless,h24,16.9,24
2025-11-17,jma_gsm,h24,15.0,24
2025-11-17,gfs_seamless,h0,16.9,24
2025-11-17,cma_grapes_global,h0,15.0,24
2025-11-17,jma_seamless,h0,14.8,24
2025-11-17,knmi_seamless,h0,18.2,24
2025-11-17,jma_gsm,h0,14.8,24
2025-11-18,gfs_seamless,h24,9.3,24
2025-11-18,cma_grapes_global,h24,8.6,24
2025-11-18,jma_seamless,h24,11.0,24
2025-11-18,knmi_seamless,h24,10.0,24
2025-11-18,jma_gsm,h24,11.0,24
2025-11-18,gfs_seamless,h0,9.5,24
2025-11-18,cma_grapes_global,h0,9.6,24
2025-11-18,jma_seamless,h0,10.8,24
2025-11-18,knmi_seamless,h0,10.2,24
2025-11-18,jma_gsm,h0,10.8,24
2025-11-19,gfs_seamless,h24,11.7,24
2025-11-19,cma_grapes_global,h24,10.1,24
2025-11-19,jma_seamless,h24,13.2,24
2025-11-19,knmi_seamless,h24,12.7,24
2025-11-19,jma_gsm,h24,13.2,24
2025-11-19,gfs_seamless,h0,11.9,24
2025-11-19,cma_grapes_global,h0,11.3,24
2025-11-19,jma_seamless,h0,13.0,24
2025-11-19,knmi_seamless,h0,12.6,24
2025-11-19,jma_gsm,h0,13.0,24
2025-11-20,gfs_seamless,h24,14.6,24
2025-11-20,cma_grapes_global,h24,13.2,24
2025-11-20,jma_seamless,h24,16.7,24
2025-11-20,knmi_seamless,h24,15.5,24
2025-11-20,jma_gsm,h24,16.7,24
2025-11-20,gfs_seamless,h0,14.9,24
2025-11-20,cma_grapes_global,h0,14.2,24
2025-11-20,jma_seamless,h0,16.4,24
2025-11-20,knmi_seamless,h0,15.8,24
2025-11-20,jma_gsm,h0,16.4,24
2025-11-21,gfs_seamless,h24,17.1,24
2025-11-21,cma_grapes_global,h24,15.3,24
2025-11-21,jma_seamless,h24,17.8,24
2025-11-21,knmi_seamless,h24,17.7,24
2025-11-21,jma_gsm,h24,17.8,24
2025-11-21,gfs_seamless,h0,17.3,24
2025-11-21,cma_grapes_global,h0,16.8,24
2025-11-21,jma_seamless,h0,18.2,24
2025-11-21,knmi_seamless,h0,17.8,24
2025-11-21,jma_gsm,h0,18.2,24
2025-11-22,gfs_seamless,h24,17.5,24
2025-11-22,cma_grapes_global,h24,15.7,24
2025-11-22,jma_seamless,h24,18.5,24
2025-11-22,knmi_seamless,h24,17.7,24
2025-11-22,jma_gsm,h24,18.5,24
2025-11-22,gfs_seamless,h0,17.5,24
2025-11-22,cma_grapes_global,h0,17.4,24
2025-11-22,jma_seamless,h0,18.8,24
2025-11-22,knmi_seamless,h0,17.9,24
2025-11-22,jma_gsm,h0,18.8,24
2025-11-23,gfs_seamless,h24,18.0,24
2025-11-23,cma_grapes_global,h24,17.0,24
2025-11-23,jma_seamless,h24,19.2,24
2025-11-23,knmi_seamless,h24,17.7,24
2025-11-23,jma_gsm,h24,19.2,24
2025-11-23,gfs_seamless,h0,18.2,24
2025-11-23,cma_grapes_global,h0,17.1,24
2025-11-23,jma_seamless,h0,19.3,24
2025-11-23,knmi_seamless,h0,17.8,24
2025-11-23,jma_gsm,h0,19.3,24
2025-11-24,gfs_seamless,h24,18.3,24
2025-11-24,cma_grapes_global,h24,16.0,24
2025-11-24,jma_seamless,h24,19.4,24
2025-11-24,knmi_seamless,h24,19.3,24
2025-11-24,jma_gsm,h24,19.4,24
2025-11-24,gfs_seamless,h0,19.2,24
2025-11-24,cma_grapes_global,h0,18.0,24
2025-11-24,jma_seamless,h0,20.9,24
2025-11-24,knmi_seamless,h0,19.5,24
2025-11-24,jma_gsm,h0,20.9,24
2025-11-25,gfs_seamless,h24,13.6,24
2025-11-25,cma_grapes_global,h24,10.5,24
2025-11-25,jma_seamless,h24,13.6,24
2025-11-25,knmi_seamless,h24,13.1,24
2025-11-25,jma_gsm,h24,13.6,24
2025-11-25,gfs_seamless,h0,13.8,24
2025-11-25,cma_grapes_global,h0,13.5,24
2025-11-25,jma_seamless,h0,15.5,24
2025-11-25,knmi_seamless,h0,14.6,24
2025-11-25,jma_gsm,h0,15.5,24
2025-11-26,gfs_seamless,h24,16.4,24
2025-11-26,cma_grapes_global,h24,13.4,24
2025-11-26,jma_seamless,h24,18.0,24
2025-11-26,knmi_seamless,h24,17.1,24
2025-11-26,jma_gsm,h24,18.0,24
2025-11-26,gfs_seamless,h0,16.9,24
2025-11-26,cma_grapes_global,h0,16.0,24
2025-11-26,jma_seamless,h0,18.4,24
2025-11-26,knmi_seamless,h0,17.7,24
2025-11-26,jma_gsm,h0,18.4,24
2025-11-27,gfs_seamless,h24,14.9,24
2025-11-27,cma_grapes_global,h24,11.6,24
2025-11-27,jma_seamless,h24,14.9,24
2025-11-27,knmi_seamless,h24,14.0,24
2025-11-27,jma_gsm,h24,14.9,24
2025-11-27,gfs_seamless,h0,15.5,24
2025-11-27,cma_grapes_global,h0,14.9,24
2025-11-27,jma_seamless,h0,16.8,24
2025-11-27,knmi_seamless,h0,16.5,24
2025-11-27,jma_gsm,h0,16.8,24
2025-11-28,gfs_seamless,h24,19.3,24
2025-11-28,cma_grapes_global,h24,16.1,24
2025-11-28,jma_seamless,h24,20.7,24
2025-11-28,knmi_seamless,h24,18.6,24
2025-11-28,jma_gsm,h24,20.7,24
2025-11-28,gfs_seamless,h0,19.8,24
2025-11-28,cma_grapes_global,h0,19.1,24
2025-11-28,jma_seamless,h0,20.9,24
2025-11-28,knmi_seamless,h0,20.3,24
2025-11-28,jma_gsm,h0,20.9,24
2025-11-29,gfs_seamless,h24,20.5,24
2025-11-29,cma_grapes_global,h24,16.3,24
2025-11-29,jma_seamless,h24,20.1,24
2025-11-29,knmi_seamless,h24,19.4,24
2025-11-29,jma_gsm,h24,20.1,24
2025-11-29,gfs_seamless,h0,20.9,24
2025-11-29,cma_grapes_global,h0,19.2,24
2025-11-29,jma_seamless,h0,20.9,24
2025-11-29,knmi_seamless,h0,20.4,24
2025-11-29,jma_gsm,h0,20.9,24
2025-11-30,gfs_seamless,h24,20.6,24
2025-11-30,cma_grapes_global,h24,17.8,24
2025-11-30,jma_seamless,h24,21.6,24
2025-11-30,knmi_seamless,h24,21.1,24
2025-11-30,jma_gsm,h24,21.6,24
2025-11-30,gfs_seamless,h0,20.9,24
2025-11-30,cma_grapes_global,h0,19.0,24
2025-11-30,jma_seamless,h0,21.1,24
2025-11-30,knmi_seamless,h0,21.1,24
2025-11-30,jma_gsm,h0,21.1,24
2025-12-01,gfs_seamless,h24,19.5,24
2025-12-01,cma_grapes_global,h24,14.0,24
2025-12-01,jma_seamless,h24,19.3,24
2025-12-01,knmi_seamless,h24,18.5,24
2025-12-01,jma_gsm,h24,19.3,24
2025-12-01,gfs_seamless,h0,19.0,24
2025-12-01,cma_grapes_global,h0,16.7,24
2025-12-01,jma_seamless,h0,19.7,24
2025-12-01,knmi_seamless,h0,19.2,24
2025-12-01,jma_gsm,h0,19.7,24
2025-12-02,gfs_seamless,h24,14.2,24
2025-12-02,cma_grapes_global,h24,12.1,24
2025-12-02,jma_seamless,h24,15.2,24
2025-12-02,knmi_seamless,h24,15.2,24
2025-12-02,jma_gsm,h24,15.2,24
2025-12-02,gfs_seamless,h0,14.3,24
2025-12-02,cma_grapes_global,h0,13.7,24
2025-12-02,jma_seamless,h0,15.6,24
2025-12-02,knmi_seamless,h0,14.6,24
2025-12-02,jma_gsm,h0,15.6,24
2025-12-03,gfs_seamless,h24,11.8,24
2025-12-03,cma_grapes_global,h24,9.1,24
2025-12-03,jma_seamless,h24,11.6,24
2025-12-03,knmi_seamless,h24,11.3,24
2025-12-03,jma_gsm,h24,11.6,24
2025-12-03,gfs_seamless,h0,11.6,24
2025-12-03,cma_grapes_global,h0,10.7,24
2025-12-03,jma_seamless,h0,11.8,24
2025-12-03,knmi_seamless,h0,11.9,24
2025-12-03,jma_gsm,h0,11.8,24
2025-12-04,gfs_seamless,h24,11.5,24
2025-12-04,cma_grapes_global,h24,10.1,24
2025-12-04,jma_seamless,h24,11.9,24
2025-12-04,knmi_seamless,h24,11.4,24
2025-12-04,jma_gsm,h24,11.9,24
2025-12-04,gfs_seamless,h0,11.2,24
2025-12-04,cma_grapes_global,h0,10.7,24
2025-12-04,jma_seamless,h0,12.6,24
2025-12-04,knmi_seamless,h0,10.6,24
2025-12-04,jma_gsm,h0,12.6,24
2025-12-05,gfs_seamless,h24,14.4,24
2025-12-05,cma_grapes_global,h24,11.7,24
2025-12-05,jma_seamless,h24,14.5,24
2025-12-05,knmi_seamless,h24,13.9,24
2025-12-05,jma_gsm,h24,14.5,24
2025-12-05,gfs_seamless,h0,14.2,24
2025-12-05,cma_grapes_global,h0,11.6,24
2025-12-05,jma_seamless,h0,15.1,24
2025-12-05,knmi_seamless,h0,13.9,24
2025-12-05,jma_gsm,h0,15.1,24
2025-12-06,gfs_seamless,h24,16.6,24
2025-12-06,cma_grapes_global,h24,13.3,24
2025-12-06,jma_seamless,h24,17.5,24
2025-12-06,knmi_seamless,h24,15.8,24
2025-12-06,jma_gsm,h24,17.5,24
2025-12-06,gfs_seamless,h0,16.5,24
2025-12-06,cma_grapes_global,h0,13.5,24
2025-12-06,jma_seamless,h0,16.9,24
2025-12-06,knmi_seamless,h0,15.6,24
2025-12-06,jma_gsm,h0,16.9,24
2025-12-07,gfs_seamless,h24,19.0,24
2025-12-07,cma_grapes_global,h24,14.0,24
2025-12-07,jma_seamless,h24,19.9,24
2025-12-07,knmi_seamless,h24,18.4,24
2025-12-07,jma_gsm,h24,19.9,24
2025-12-07,gfs_seamless,h0,18.1,24
2025-12-07,cma_grapes_global,h0,16.6,24
2025-12-07,jma_seamless,h0,18.9,24
2025-12-07,knmi_seamless,h0,17.5,24
2025-12-07,jma_gsm,h0,18.9,24
2025-12-08,gfs_seamless,h24,17.3,24
2025-12-08,cma_grapes_global,h24,14.2,24
2025-12-08,jma_seamless,h24,17.6,24
2025-12-08,knmi_seamless,h24,16.9,24
2025-12-08,jma_gsm,h24,17.6,24
2025-12-08,gfs_seamless,h0,17.7,24
2025-12-08,cma_grapes_global,h0,15.7,24
2025-12-08,jma_seamless,h0,18.6,24
2025-12-08,knmi_seamless,h0,17.3,24
2025-12-08,jma_gsm,h0,18.6,24
2025-12-09,gfs_seamless,h24,17.8,24
2025-12-09,cma_grapes_global,h24,13.9,24
2025-12-09,jma_seamless,h24,17.5,24
2025-12-09,knmi_seamless,h24,16.6,24
2025-12-09,jma_gsm,h24,17.5,24
2025-12-09,gfs_seamless,h0,17.7,24
2025-12-09,cma_grapes_global,h0,15.0,24
2025-12-09,jma_seamless,h0,17.7,24
2025-12-09,knmi_seamless,h0,16.6,24
2025-12-09,jma_gsm,h0,17.7,24
2025-12-10,gfs_seamless,h24,19.8,24
2025-12-10,cma_grapes_global,h24,15.4,24
2025-12-10,jma_seamless,h24,18.8,24
2025-12-10,knmi_seamless,h24,18.2,24
2025-12-10,jma_gsm,h24,18.8,24
2025-12-10,gfs_seamless,h0,18.9,24
2025-12-10,cma_grapes_global,h0,16.8,24
2025-12-10,jma_seamless,h0,18.6,24
2025-12-10,knmi_seamless,h0,17.4,24
2025-12-10,jma_gsm,h0,18.6,24
2025-12-11,gfs_seamless,h24,19.7,24
2025-12-11,cma_grapes_global,h24,14.0,24
2025-12-11,jma_seamless,h24,19.2,24
2025-12-11,knmi_seamless,h24,18.2,24
2025-12-11,jma_gsm,h24,19.2,24
2025-12-11,gfs_seamless,h0,19.6,24
2025-12-11,cma_grapes_global,h0,16.6,24
2025-12-11,jma_seamless,h0,19.2,24
2025-12-11,knmi_seamless,h0,18.4,24
2025-12-11,jma_gsm,h0,19.2,24
2025-12-12,gfs_seamless,h24,13.2,24
2025-12-12,cma_grapes_global,h24,9.9,24
2025-12-12,jma_seamless,h24,12.4,24
2025-12-12,knmi_seamless,h24,13.5,24
2025-12-12,jma_gsm,h24,12.4,24
2025-12-12,gfs_seamless,h0,13.6,24
2025-12-12,cma_grapes_global,h0,12.3,24
2025-12-12,jma_seamless,h0,12.4,24
2025-12-12,knmi_seamless,h0,13.1,24
2025-12-12,jma_gsm,h0,12.4,24
2025-12-13,gfs_seamless,h24,11.3,24
2025-12-13,cma_grapes_global,h24,9.5,24
2025-12-13,jma_seamless,h24,11.5,24
2025-12-13,knmi_seamless,h24,10.5,24
2025-12-13,jma_gsm,h24,11.5,24
2025-12-13,gfs_seamless,h0,10.9,24
2025-12-13,cma_grapes_global,h0,9.9,24
2025-12-13,jma_seamless,h0,11.2,24
2025-12-13,knmi_seamless,h0,10.8,24
2025-12-13,jma_gsm,h0,11.2,24
2025-12-14,gfs_seamless,h24,11.3,24
2025-12-14,cma_grapes_global,h24,8.4,24
2025-12-14,jma_seamless,h24,11.4,24
2025-12-14,knmi_seamless,h24,10.5,24
2025-12-14,jma_gsm,h24,11.4,24
2025-12-14,gfs_seamless,h0,11.0,24
2025-12-14,cma_grapes_global,h0,10.2,24
2025-12-14,jma_seamless,h0,11.8,24
2025-12-14,knmi_seamless,h0,11.4,24
2025-12-14,jma_gsm,h0,11.8,24
2025-12-15,gfs_seamless,h24,14.9,24
2025-12-15,cma_grapes_global,h24,11.8,24
2025-12-15,jma_seamless,h24,15.5,24
2025-12-15,knmi_seamless,h24,14.5,24
2025-12-15,jma_gsm,h24,15.5,24
2025-12-15,gfs_seamless,h0,15.2,24
2025-12-15,cma_grapes_global,h0,14.2,24
2025-12-15,jma_seamless,h0,14.4,24
2025-12-15,knmi_seamless,h0,14.6,24
2025-12-15,jma_gsm,h0,14.4,24
2025-12-16,gfs_seamless,h24,17.7,24
2025-12-16,cma_grapes_global,h24,13.8,24
2025-12-16,jma_seamless,h24,17.2,24
2025-12-16,knmi_seamless,h24,17.1,24
2025-12-16,jma_gsm,h24,17.2,24
2025-12-16,gfs_seamless,h0,17.3,24
2025-12-16,cma_grapes_global,h0,15.2,24
2025-12-16,jma_seamless,h0,16.5,24
2025-12-16,knmi_seamless,h0,17.3,24
2025-12-16,jma_gsm,h0,16.5,24
2025-12-17,gfs_seamless,h24,14.2,24
2025-12-17,cma_grapes_global,h24,11.0,24
2025-12-17,jma_seamless,h24,13.5,24
2025-12-17,knmi_seamless,h24,13.7,24
2025-12-17,jma_gsm,h24,13.5,24
2025-12-17,gfs_seamless,h0,14.1,24
2025-12-17,cma_grapes_global,h0,12.6,24
2025-12-17,jma_seamless,h0,13.8,24
2025-12-17,knmi_seamless,h0,13.7,24
2025-12-17,jma_gsm,h0,13.8,24
2025-12-18,gfs_seamless,h24,17.7,24
2025-12-18,cma_grapes_global,h24,12.3,24
2025-12-18,jma_seamless,h24,16.0,24
2025-12-18,knmi_seamless,h24,15.6,24
2025-12-18,jma_gsm,h24,16.0,24
2025-12-18,gfs_seamless,h0,16.8,24
2025-12-18,cma_grapes_global,h0,14.3,24
2025-12-18,jma_seamless,h0,16.4,24
2025-12-18,knmi_seamless,h0,15.7,24
2025-12-18,jma_gsm,h0,16.4,24
2025-12-19,gfs_seamless,h24,20.7,24
2025-12-19,cma_grapes_global,h24,16.1,24
2025-12-19,jma_seamless,h24,19.3,24
2025-12-19,knmi_seamless,h24,19.7,24
2025-12-19,jma_gsm,h24,19.3,24
2025-12-19,gfs_seamless,h0,21.8,24
2025-12-19,cma_grapes_global,h0,18.7,24
2025-12-19,jma_seamless,h0,20.3,24
2025-12-19,knmi_seamless,h0,20.8,24
2025-12-19,jma_gsm,h0,20.3,24
2025-12-20,gfs_seamless,h24,15.6,24
2025-12-20,cma_grapes_global,h24,11.6,24
2025-12-20,jma_seamless,h24,14.9,24
2025-12-20,knmi_seamless,h24,12.6,24
2025-12-20,jma_gsm,h24,14.9,24
2025-12-20,gfs_seamless,h0,15.1,24
2025-12-20,cma_grapes_global,h0,12.3,24
2025-12-20,jma_seamless,h0,14.1,24
2025-12-20,knmi_seamless,h0,12.7,24
2025-12-20,jma_gsm,h0,14.1,24
2025-12-21,icon_seamless,h24,11.9,24
2025-12-21,ukmo_seamless,h24,10.0,24
2025-12-21,meteofrance_seamless,h24,11.1,24
2025-12-21,gem_seamless,h24,11.0,24
2025-12-21,ecmwf_ifs025,h24,10.7,24
2025-12-21,ecmwf_aifs025_single,h24,9.6,24
2025-12-21,icon_seamless,h0,9.4,24
2025-12-21,ukmo_seamless,h0,10.2,24
2025-12-21,meteofrance_seamless,h0,10.3,24
2025-12-21,gem_seamless,h0,11.2,24
2025-12-21,ecmwf_ifs025,h0,9.7,24
2025-12-21,ecmwf_aifs025_single,h0,9.7,24
2025-12-22,icon_seamless,h24,8.7,24
2025-12-22,ukmo_seamless,h24,10.3,24
2025-12-22,meteofrance_seamless,h24,9.3,24
2025-12-22,gem_seamless,h24,11.1,24
2025-12-22,ecmwf_ifs025,h24,9.0,24
2025-12-22,ecmwf_aifs025_single,h24,9.7,24
2025-12-22,icon_seamless,h0,9.9,24
2025-12-22,ukmo_seamless,h0,10.1,24
2025-12-22,meteofrance_seamless,h0,9.2,24
2025-12-22,gem_seamless,h0,11.1,24
2025-12-22,ecmwf_ifs025,h0,10.5,24
2025-12-22,ecmwf_aifs025_single,h0,9.6,24
2025-12-23,icon_seamless,h24,9.6,24
2025-12-23,ukmo_seamless,h24,11.1,24
2025-12-23,meteofrance_seamless,h24,10.9,24
2025-12-23,gem_seamless,h24,10.3,24
2025-12-23,ecmwf_ifs025,h24,11.2,24
2025-12-23,ecmwf_aifs025_single,h24,8.8,24
2025-12-23,icon_seamless,h0,8.5,24
2025-12-23,ukmo_seamless,h0,10.2,24
2025-12-23,meteofrance_seamless,h0,8.2,24
2025-12-23,gem_seamless,h0,10.6,24
2025-12-23,ecmwf_ifs025,h0,8.9,24
2025-12-23,ecmwf_aifs025_single,h0,8.7,24
2025-12-24,icon_seamless,h24,9.4,24
2025-12-24,ukmo_seamless,h24,9.0,24
2025-12-24,meteofrance_seamless,h24,9.8,24
2025-12-24,gem_seamless,h24,9.2,24
2025-12-24,ecmwf_ifs025,h24,9.3,24
2025-12-24,ecmwf_aifs025_single,h24,8.9,24
2025-12-24,icon_seamless,h0,7.9,24
2025-12-24,ukmo_seamless,h0,8.1,24
2025-12-24,meteofrance_seamless,h0,8.8,24
2025-12-24,gem_seamless,h0,9.7,24
2025-12-24,ecmwf_ifs025,h0,8.5,24
2025-12-24,ecmwf_aifs025_single,h0,8.0,24
2025-12-25,icon_seamless,h24,9.9,24
2025-12-25,ukmo_seamless,h24,9.5,24
2025-12-25,meteofrance_seamless,h24,9.8,24
2025-12-25,gem_seamless,h24,9.1,24
2025-12-25,ecmwf_ifs025,h24,10.0,24
2025-12-25,ecmwf_aifs025_single,h24,11.0,24
2025-12-25,icon_seamless,h0,10.3,24
2025-12-25,ukmo_seamless,h0,9.8,24
2025-12-25,meteofrance_seamless,h0,9.9,24
2025-12-25,gem_seamless,h0,10.1,24
2025-12-25,ecmwf_ifs025,h0,10.1,24
2025-12-25,ecmwf_aifs025_single,h0,10.4,24
2025-12-26,icon_seamless,h24,9.3,24
2025-12-26,ukmo_seamless,h24,8.5,24
2025-12-26,meteofrance_seamless,h24,9.7,24
2025-12-26,gem_seamless,h24,8.5,24
2025-12-26,ecmwf_ifs025,h24,9.1,24
2025-12-26,ecmwf_aifs025_single,h24,9.7,24
2025-12-26,icon_seamless,h0,9.9,24
2025-12-26,ukmo_seamless,h0,8.4,24
2025-12-26,meteofrance_seamless,h0,9.6,24
2025-12-26,gem_seamless,h0,9.5,24
2025-12-26,ecmwf_ifs025,h0,9.1,24
2025-12-26,ecmwf_aifs025_single,h0,9.6,24
2025-12-27,icon_seamless,h24,11.8,24
2025-12-27,ukmo_seamless,h24,10.6,24
2025-12-27,meteofrance_seamless,h24,11.5,24
2025-12-27,gem_seamless,h24,11.0,24
2025-12-27,ecmwf_ifs025,h24,12.1,24
2025-12-27,ecmwf_aifs025_single,h24,12.4,24
2025-12-27,icon_seamless,h0,12.4,24
2025-12-27,ukmo_seamless,h0,11.6,24
2025-12-27,meteofrance_seamless,h0,10.3,24
2025-12-27,gem_seamless,h0,12.3,24
2025-12-27,ecmwf_ifs025,h0,11.5,24
2025-12-27,ecmwf_aifs025_single,h0,12.2,24
2025-12-28,icon_seamless,h24,15.2,24
2025-12-28,ukmo_seamless,h24,14.3,24
2025-12-28,meteofrance_seamless,h24,14.9,24
2025-12-28,gem_seamless,h24,14.7,24
2025-12-28,ecmwf_ifs025,h24,15.0,24
2025-12-28,ecmwf_aifs025_single,h24,15.4,24
2025-12-28,icon_seamless,h0,15.7,24
2025-12-28,ukmo_seamless,h0,14.4,24
2025-12-28,meteofrance_seamless,h0,15.2,24
2025-12-28,gem_seamless,h0,15.2,24
2025-12-28,ecmwf_ifs025,h0,14.9,24
2025-12-28,ecmwf_aifs025_single,h0,15.5,24
2025-12-29,icon_seamless,h24,16.5,24
2025-12-29,ukmo_seamless,h24,15.2,24
2025-12-29,meteofrance_seamless,h24,16.2,24
2025-12-29,gem_seamless,h24,15.0,24
2025-12-29,ecmwf_ifs025,h24,16.1,24
2025-12-29,ecmwf_aifs025_single,h24,16.3,24
2025-12-29,icon_seamless,h0,15.4,24
2025-12-29,ukmo_seamless,h0,15.0,24
2025-12-29,meteofrance_seamless,h0,16.0,24
2025-12-29,gem_seamless,h0,15.4,24
2025-12-29,ecmwf_ifs025,h0,16.1,24
2025-12-29,ecmwf_aifs025_single,h0,17.0,24
2025-12-30,icon_seamless,h24,15.8,24
2025-12-30,ukmo_seamless,h24,14.2,24
2025-12-30,meteofrance_seamless,h24,14.8,24
2025-12-30,gem_seamless,h24,15.5,24
2025-12-30,ecmwf_ifs025,h24,15.7,24
2025-12-30,ecmwf_aifs025_single,h24,14.2,24
2025-12-30,icon_seamless,h0,15.4,24
2025-12-30,ukmo_seamless,h0,14.6,24
2025-12-30,meteofrance_seamless,h0,15.6,24
2025-12-30,gem_seamless,h0,16.4,24
2025-12-30,ecmwf_ifs025,h0,15.8,24
2025-12-30,ecmwf_aifs025_single,h0,15.8,24
2025-12-31,icon_seamless,h24,9.8,24
2025-12-31,ukmo_seamless,h24,11.9,24
2025-12-31,meteofrance_seamless,h24,11.7,24
2025-12-31,gem_seamless,h24,11.7,24
2025-12-31,ecmwf_ifs025,h24,10.2,24
2025-12-31,ecmwf_aifs025_single,h24,10.8,24
2025-12-31,icon_seamless,h0,10.3,24
2025-12-31,ukmo_seamless,h0,10.8,24
2025-12-31,meteofrance_seamless,h0,12.9,24
2025-12-31,gem_seamless,h0,11.3,24
2025-12-31,ecmwf_ifs025,h0,10.0,24
2025-12-31,ecmwf_aifs025_single,h0,10.9,24
2026-01-01,icon_seamless,h24,5.4,24
2026-01-01,ukmo_seamless,h24,5.3,24
2026-01-01,meteofrance_seamless,h24,5.9,24
2026-01-01,gem_seamless,h24,5.4,24
2026-01-01,ecmwf_ifs025,h24,6.6,24
2026-01-01,ecmwf_aifs025_single,h24,4.7,24
2026-01-01,icon_seamless,h0,3.7,24
2026-01-01,ukmo_seamless,h0,4.6,24
2026-01-01,meteofrance_seamless,h0,5.3,24
2026-01-01,gem_seamless,h0,5.5,24
2026-01-01,ecmwf_ifs025,h0,5.0,24
2026-01-01,ecmwf_aifs025_single,h0,4.0,24
2026-01-02,icon_seamless,h24,6.3,24
2026-01-02,ukmo_seamless,h24,5.9,24
2026-01-02,meteofrance_seamless,h24,6.4,24
2026-01-02,gem_seamless,h24,7.1,24
2026-01-02,ecmwf_ifs025,h24,6.5,24
2026-01-02,ecmwf_aifs025_single,h24,5.2,24
2026-01-02,icon_seamless,h0,3.9,24
2026-01-02,ukmo_seamless,h0,4.4,24
2026-01-02,meteofrance_seamless,h0,5.3,24
2026-01-02,gem_seamless,h0,6.6,24
2026-01-02,ecmwf_ifs025,h0,5.8,24
2026-01-02,ecmwf_aifs025_single,h0,5.4,24
2026-01-03,icon_seamless,h24,6.6,24
2026-01-03,ukmo_seamless,h24,5.6,24
2026-01-03,meteofrance_seamless,h24,7.2,24
2026-01-03,gem_seamless,h24,6.9,24
2026-01-03,ecmwf_ifs025,h24,6.7,24
2026-01-03,ecmwf_aifs025_single,h24,6.1,24
2026-01-03,icon_seamless,h0,7.5,24
2026-01-03,ukmo_seamless,h0,6.3,24
2026-01-03,meteofrance_seamless,h0,6.8,24
2026-01-03,gem_seamless,h0,7.8,24
2026-01-03,ecmwf_ifs025,h0,7.6,24
2026-01-03,ecmwf_aifs025_single,h0,7.3,24
2026-01-04,icon_seamless,h24,6.3,24
2026-01-04,ukmo_seamless,h24,5.5,24
2026-01-04,meteofrance_seamless,h24,5.0,24
2026-01-04,gem_seamless,h24,6.7,24
2026-01-04,ecmwf_ifs025,h24,6.8,24
2026-01-04,ecmwf_aifs025_single,h24,5.1,24
2026-01-04,icon_seamless,h0,5.3,24
2026-01-04,ukmo_seamless,h0,6.2,24
2026-01-04,meteofrance_seamless,h0,4.9,24
2026-01-04,gem_seamless,h0,6.7,24
2026-01-04,ecmwf_ifs025,h0,5.7,24
2026-01-04,ecmwf_aifs025_single,h0,5.2,24
2026-01-05,icon_seamless,h24,9.6,24
2026-01-05,ukmo_seamless,h24,9.0,24
2026-01-05,meteofrance_seamless,h24,8.0,24
2026-01-05,gem_seamless,h24,8.8,24
2026-01-05,ecmwf_ifs025,h24,10.1,24
2026-01-05,ecmwf_aifs025_single,h24,8.9,24
2026-01-05,icon_seamless,h0,9.1,24
2026-01-05,ukmo_seamless,h0,8.6,24
2026-01-05,meteofrance_seamless,h0,9.3,24
2026-01-05,gem_seamless,h0,9.6,24
2026-01-05,ecmwf_ifs025,h0,9.1,24
2026-01-05,ecmwf_aifs025_single,h0,8.9,24
2026-01-06,icon_seamless,h24,9.0,24
2026-01-06,ukmo_seamless,h24,8.6,24
2026-01-06,meteofrance_seamless,h24,10.2,24
2026-01-06,gem_seamless,h24,7.5,24
2026-01-06,ecmwf_ifs025,h24,9.2,24
2026-01-06,ecmwf_aifs025_single,h24,10.5,24
2026-01-06,icon_seamless,h0,9.9,24
2026-01-06,ukmo_seamless,h0,9.0,24
2026-01-06,meteofrance_seamless,h0,10.3,24
2026-01-06,gem_seamless,h0,8.6,24
2026-01-06,ecmwf_ifs025,h0,9.6,24
2026-01-06,ecmwf_aifs025_single,h0,9.9,24
2026-01-07,icon_seamless,h24,11.2,24
2026-01-07,ukmo_seamless,h24,10.5,24
2026-01-07,meteofrance_seamless,h24,12.4,24
2026-01-07,gem_seamless,h24,8.5,24
2026-01-07,ecmwf_ifs025,h24,11.1,24
2026-01-07,ecmwf_aifs025_single,h24,11.6,24
2026-01-07,icon_seamless,h0,12.1,24
2026-01-07,ukmo_seamless,h0,11.2,24
2026-01-07,meteofrance_seamless,h0,11.8,24
2026-01-07,gem_seamless,h0,11.0,24
2026-01-07,ecmwf_ifs025,h0,11.7,24
2026-01-07,ecmwf_aifs025_single,h0,12.3,24
2026-01-08,icon_seamless,h24,11.9,24
2026-01-08,ukmo_seamless,h24,10.4,24
2026-01-08,meteofrance_seamless,h24,11.4,24
2026-01-08,gem_seamless,h24,10.6,24
2026-01-08,ecmwf_ifs025,h24,11.7,24
2026-01-08,ecmwf_aifs025_single,h24,12.0,24
2026-01-08,icon_seamless,h0,12.7,24
2026-01-08,ukmo_seamless,h0,11.1,24
2026-01-08,meteofrance_seamless,h0,11.8,24
2026-01-08,gem_seamless,h0,12.0,24
2026-01-08,ecmwf_ifs025,h0,12.3,24
2026-01-08,ecmwf_aifs025_single,h0,13.2,24
2026-01-09,icon_seamless,h24,15.0,24
2026-01-09,ukmo_seamless,h24,14.0,24
2026-01-09,meteofrance_seamless,h24,15.6,24
2026-01-09,gem_seamless,h24,13.0,24
2026-01-09,ecmwf_ifs025,h24,14.5,24
2026-01-09,ecmwf_aifs025_single,h24,14.4,24
2026-01-09,icon_seamless,h0,15.3,24
2026-01-09,ukmo_seamless,h0,14.2,24
2026-01-09,meteofrance_seamless,h0,15.4,24
2026-01-09,gem_seamless,h0,16.0,24
2026-01-09,ecmwf_ifs025,h0,14.3,24
2026-01-09,ecmwf_aifs025_single,h0,14.7,24
2026-01-10,icon_seamless,h24,12.8,24
2026-01-10,ukmo_seamless,h24,12.3,24
2026-01-10,meteofrance_seamless,h24,13.6,24
2026-01-10,gem_seamless,h24,11.3,24
2026-01-10,ecmwf_ifs025,h24,11.6,24
2026-01-10,ecmwf_aifs025_single,h24,14.0,24
2026-01-10,icon_seamless,h0,14.8,24
2026-01-10,ukmo_seamless,h0,13.7,24
2026-01-10,meteofrance_seamless,h0,14.7,24
2026-01-10,gem_seamless,h0,13.9,24
2026-01-10,ecmwf_ifs025,h0,14.3,24
2026-01-10,ecmwf_aifs025_single,h0,14.7,24
2026-01-11,icon_seamless,h24,12.4,24
2026-01-11,ukmo_seamless,h24,11.2,24
2026-01-11,meteofrance_seamless,h24,12.6,24
2026-01-11,gem_seamless,h24,10.5,24
2026-01-11,ecmwf_ifs025,h24,11.5,24
2026-01-11,ecmwf_aifs025_single,h24,12.7,24
2026-01-11,icon_seamless,h0,12.6,24
2026-01-11,ukmo_seamless,h0,11.8,24
2026-01-11,meteofrance_seamless,h0,12.7,24
2026-01-11,gem_seamless,h0,12.1,24
2026-01-11,ecmwf_ifs025,h0,11.8,24
2026-01-11,ecmwf_aifs025_single,h0,12.3,24
2026-01-12,icon_seamless,h24,15.5,24
2026-01-12,ukmo_seamless,h24,15.0,24
2026-01-12,meteofrance_seamless,h24,16.6,24
2026-01-12,gem_seamless,h24,15.1,24
2026-01-12,ecmwf_ifs025,h24,15.7,24
2026-01-12,ecmwf_aifs025_single,h24,15.4,24
2026-01-12,icon_seamless,h0,16.2,24
2026-01-12,ukmo_seamless,h0,16.1,24
2026-01-12,meteofrance_seamless,h0,16.7,24
2026-01-12,gem_seamless,h0,17.0,24
2026-01-12,ecmwf_ifs025,h0,16.0,24
2026-01-12,ecmwf_aifs025_single,h0,15.9,24
2026-01-13,icon_seamless,h24,17.6,24
2026-01-13,ukmo_seamless,h24,17.6,24
2026-01-13,meteofrance_seamless,h24,19.7,24
2026-01-13,gem_seamless,h24,19.2,24
2026-01-13,ecmwf_ifs025,h24,18.2,24
2026-01-13,ecmwf_aifs025_single,h24,17.5,24
2026-01-13,icon_seamless,h0,18.6,24
2026-01-13,ukmo_seamless,h0,17.3,24
2026-01-13,meteofrance_seamless,h0,19.1,24
2026-01-13,gem_seamless,h0,19.4,24
2026-01-13,ecmwf_ifs025,h0,18.1,24
2026-01-13,ecmwf_aifs025_single,h0,18.5,24
2026-01-14,icon_seamless,h24,19.2,24
2026-01-14,ukmo_seamless,h24,17.5,24
2026-01-14,meteofrance_seamless,h24,18.3,24
2026-01-14,gem_seamless,h24,18.8,24
2026-01-14,ecmwf_ifs025,h24,18.9,24
2026-01-14,ecmwf_aifs025_single,h24,18.8,24
2026-01-14,icon_seamless,h0,20.0,24
2026-01-14,ukmo_seamless,h0,19.3,24
2026-01-14,meteofrance_seamless,h0,19.0,24
2026-01-14,gem_seamless,h0,19.4,24
2026-01-14,ecmwf_ifs025,h0,19.1,24
2026-01-14,ecmwf_aifs025_single,h0,20.1,24
2026-01-15,icon_seamless,h24,18.3,24
2026-01-15,ukmo_seamless,h24,17.7,24
2026-01-15,meteofrance_seamless,h24,18.8,24
2026-01-15,gem_seamless,h24,18.2,24
2026-01-15,ecmwf_ifs025,h24,17.8,24
2026-01-15,ecmwf_aifs025_single,h24,18.7,24
2026-01-15,icon_seamless,h0,19.4,24
2026-01-15,ukmo_seamless,h0,18.1,24
2026-01-15,meteofrance_seamless,h0,17.3,24
2026-01-15,gem_seamless,h0,18.7,24
2026-01-15,ecmwf_ifs025,h0,18.1,24
2026-01-15,ecmwf_aifs025_single,h0,18.8,24
2026-01-16,icon_seamless,h24,20.3,24
2026-01-16,ukmo_seamless,h24,19.3,24
2026-01-16,meteofrance_seamless,h24,20.2,24
2026-01-16,gem_seamless,h24,18.0,24
2026-01-16,ecmwf_ifs025,h24,20.9,24
2026-01-16,ecmwf_aifs025_single,h24,20.2,24
2026-01-16,icon_seamless,h0,20.6,24
2026-01-16,ukmo_seamless,h0,19.1,24
2026-01-16,meteofrance_seamless,h0,17.6,24
2026-01-16,gem_seamless,h0,20.8,24
2026-01-16,ecmwf_ifs025,h0,20.1,24
2026-01-16,ecmwf_aifs025_single,h0,20.1,24
2026-01-17,icon_seamless,h24,13.8,24
2026-01-17,ukmo_seamless,h24,14.5,24
2026-01-17,meteofrance_seamless,h24,13.6,24
2026-01-17,gem_seamless,h24,15.0,24
2026-01-17,ecmwf_ifs025,h24,11.9,24
2026-01-17,ecmwf_aifs025_single,h24,11.8,24
2026-01-17,icon_seamless,h0,12.5,24
2026-01-17,ukmo_seamless,h0,13.7,24
2026-01-17,meteofrance_seamless,h0,13.8,24
2026-01-17,gem_seamless,h0,15.5,24
2026-01-17,ecmwf_ifs025,h0,11.8,24
2026-01-17,ecmwf_aifs025_single,h0,10.6,24
2026-01-18,icon_seamless,h24,14.5,24
2026-01-18,ukmo_seamless,h24,14.1,24
2026-01-18,meteofrance_seamless,h24,13.1,24
2026-01-18,gem_seamless,h24,15.2,24
2026-01-18,ecmwf_ifs025,h24,16.1,24
2026-01-18,ecmwf_aifs025_single,h24,8.8,24
2026-01-18,icon_seamless,h0,11.5,24
2026-01-18,ukmo_seamless,h0,10.3,24
2026-01-18,meteofrance_seamless,h0,10.9,24
2026-01-18,gem_seamless,h0,12.1,24
2026-01-18,ecmwf_ifs025,h0,12.0,24
2026-01-18,ecmwf_aifs025_single,h0,9.7,24
2026-01-19,icon_seamless,h24,5.2,24
2026-01-19,ukmo_seamless,h24,7.0,24
2026-01-19,meteofrance_seamless,h24,5.2,24
2026-01-19,gem_seamless,h24,3.7,24
2026-01-19,ecmwf_ifs025,h24,4.6,24
2026-01-19,ecmwf_aifs025_single,h24,2.3,24
2026-01-19,icon_seamless,h0,3.7,24
2026-01-19,ukmo_seamless,h0,3.5,24
2026-01-19,meteofrance_seamless,h0,3.4,24
2026-01-19,gem_seamless,h0,2.4,24
2026-01-19,ecmwf_ifs025,h0,2.3,24
2026-01-19,ecmwf_aifs025_single,h0,2.4,24
2026-01-20,icon_seamless,h24,-1.3,24
2026-01-20,ukmo_seamless,h24,-1.0,24
2026-01-20,meteofrance_seamless,h24,0.2,24
2026-01-20,gem_seamless,h24,-1.0,24
2026-01-20,ecmwf_ifs025,h24,-1.8,24
2026-01-20,ecmwf_aifs025_single,h24,-2.2,24
2026-01-20,icon_seamless,h0,-1.8,24
2026-01-20,ukmo_seamless,h0,-2.3,24
2026-01-20,meteofrance_seamless,h0,0.0,24
2026-01-20,gem_seamless,h0,-0.6,24
2026-01-20,ecmwf_ifs025,h0,-1.8,24
2026-01-20,ecmwf_aifs025_single,h0,-1.8,24
2026-01-21,icon_seamless,h24,1.7,24
2026-01-21,ukmo_seamless,h24,0.4,24
2026-01-21,meteofrance_seamless,h24,3.0,24
2026-01-21,gem_seamless,h24,2.3,24
2026-01-21,ecmwf_ifs025,h24,0.2,24
2026-01-21,ecmwf_aifs025_single,h24,1.1,24
2026-01-21,icon_seamless,h0,0.3,24
2026-01-21,ukmo_seamless,h0,1.5,24
2026-01-21,meteofrance_seamless,h0,1.7,24
2026-01-21,gem_seamless,h0,2.2,24
2026-01-21,ecmwf_ifs025,h0,0.4,24
2026-01-21,ecmwf_aifs025_single,h0,0.5,24
2026-01-22,icon_seamless,h24,3.9,24
2026-01-22,ukmo_seamless,h24,3.9,24
2026-01-22,meteofrance_seamless,h24,4.2,24
2026-01-22,gem_seamless,h24,5.0,24
2026-01-22,ecmwf_ifs025,h24,4.6,24
2026-01-22,ecmwf_aifs025_single,h24,3.7,24
2026-01-22,icon_seamless,h0,3.3,24
2026-01-22,ukmo_seamless,h0,2.6,24
2026-01-22,meteofrance_seamless,h0,3.6,24
2026-01-22,gem_seamless,h0,4.2,24
2026-01-22,ecmwf_ifs025,h0,3.5,24
2026-01-22,ecmwf_aifs025_single,h0,3.5,24
2026-01-23,icon_seamless,h24,7.4,24
2026-01-23,ukmo_seamless,h24,6.4,24
2026-01-23,meteofrance_seamless,h24,7.1,24
2026-01-23,gem_seamless,h24,7.9,24
2026-01-23,ecmwf_ifs025,h24,8.0,24
2026-01-23,ecmwf_aifs025_single,h24,6.2,24
2026-01-23,icon_seamless,h0,6.9,24
2026-01-23,ukmo_seamless,h0,6.2,24
2026-01-23,meteofrance_seamless,h0,5.9,24
2026-01-23,gem_seamless,h0,7.1,24
2026-01-23,ecmwf_ifs025,h0,6.2,24
2026-01-23,ecmwf_aifs025_single,h0,7.0,24
2026-01-24,icon_seamless,h24,10.6,24
2026-01-24,ukmo_seamless,h24,9.9,24
2026-01-24,meteofrance_seamless,h24,10.8,24
2026-01-24,gem_seamless,h24,10.6,24
2026-01-24,ecmwf_ifs025,h24,11.5,24
2026-01-24,ecmwf_aifs025_single,h24,9.4,24
2026-01-24,icon_seamless,h0,10.8,24
2026-01-24,ukmo_seamless,h0,9.6,24
2026-01-24,meteofrance_seamless,h0,10.3,24
2026-01-24,gem_seamless,h0,10.1,24
2026-01-24,ecmwf_ifs025,h0,10.3,24
2026-01-24,ecmwf_aifs025_single,h0,10.9,24
2026-01-25,icon_seamless,h24,8.5,24
2026-01-25,ukmo_seamless,h24,10.2,24
2026-01-25,meteofrance_seamless,h24,8.0,24
2026-01-25,gem_seamless,h24,7.2,24
2026-01-25,ecmwf_ifs025,h24,10.3,24
2026-01-25,ecmwf_aifs025_single,h24,6.6,24
2026-01-25,icon_seamless,h0,8.6,24
2026-01-25,ukmo_seamless,h0,9.6,24
2026-01-25,meteofrance_seamless,h0,8.6,24
2026-01-25,gem_seamless,h0,7.8,24
2026-01-25,ecmwf_ifs025,h0,8.6,24
2026-01-25,ecmwf_aifs025_single,h0,9.0,24
2026-01-26,icon_seamless,h24,7.2,24
2026-01-26,ukmo_seamless,h24,7.3,24
2026-01-26,meteofrance_seamless,h24,8.0,24
2026-01-26,gem_seamless,h24,9.4,24
2026-01-26,ecmwf_ifs025,h24,11.3,24
2026-01-26,ecmwf_aifs025_single,h24,6.3,24
2026-01-26,icon_seamless,h0,6.2,24
2026-01-26,ukmo_seamless,h0,6.5,24
2026-01-26,meteofrance_seamless,h0,7.3,24
2026-01-26,gem_seamless,h0,9.0,24
2026-01-26,ecmwf_ifs025,h0,7.4,24
2026-01-26,ecmwf_aifs025_single,h0,5.1,24
2026-01-27,icon_seamless,h24,8.2,24
2026-01-27,ukmo_seamless,h24,6.6,24
2026-01-27,meteofrance_seamless,h24,7.5,24
2026-01-27,gem_seamless,h24,8.3,24
2026-01-27,ecmwf_ifs025,h24,8.0,24
2026-01-27,ecmwf_aifs025_single,h24,6.1,24
2026-01-27,icon_seamless,h0,7.4,24
2026-01-27,ukmo_seamless,h0,6.1,24
2026-01-27,meteofrance_seamless,h0,7.3,24
2026-01-27,gem_seamless,h0,8.3,24
2026-01-27,ecmwf_ifs025,h0,7.1,24
2026-01-27,ecmwf_aifs025_single,h0,6.9,24
2026-01-28,icon_seamless,h24,9.6,24
2026-01-28,ukmo_seamless,h24,7.2,24
2026-01-28,meteofrance_seamless,h24,10.4,24
2026-01-28,gem_seamless,h24,9.4,24
2026-01-28,ecmwf_ifs025,h24,10.4,24
2026-01-28,ecmwf_aifs025_single,h24,7.4,24
2026-01-28,icon_seamless,h0,8.9,24
2026-01-28,ukmo_seamless,h0,6.8,24
2026-01-28,meteofrance_seamless,h0,9.1,24
2026-01-28,gem_seamless,h0,8.1,24
2026-01-28,ecmwf_ifs025,h0,9.0,24
2026-01-28,ecmwf_aifs025_single,h0,8.9,24
2026-01-29,icon_seamless,h24,7.9,24
2026-01-29,ukmo_seamless,h24,9.0,24
2026-01-29,meteofrance_seamless,h24,8.8,24
2026-01-29,gem_seamless,h24,6.0,24
2026-01-29,ecmwf_ifs025,h24,9.2,24
2026-01-29,ecmwf_aifs025_single,h24,6.4,24
2026-01-29,icon_seamless,h0,7.9,24
2026-01-29,ukmo_seamless,h0,8.6,24
2026-01-29,meteofrance_seamless,h0,9.5,24
2026-01-29,gem_seamless,h0,7.4,24
2026-01-29,ecmwf_ifs025,h0,7.5,24
2026-01-29,ecmwf_aifs025_single,h0,6.5,24
2026-01-30,icon_seamless,h24,5.3,24
2026-01-30,ukmo_seamless,h24,5.1,24
2026-01-30,meteofrance_seamless,h24,7.2,24
2026-01-30,gem_seamless,h24,5.0,24
2026-01-30,ecmwf_ifs025,h24,6.3,24
2026-01-30,ecmwf_aifs025_single,h24,4.1,24
2026-01-30,icon_seamless,h0,4.9,24
2026-01-30,ukmo_seamless,h0,5.1,24
2026-01-30,meteofrance_seamless,h0,5.3,24
2026-01-30,gem_seamless,h0,4.9,24
2026-01-30,ecmwf_ifs025,h0,4.5,24
2026-01-30,ecmwf_aifs025_single,h0,3.9,24
2026-01-31,icon_seamless,h24,6.5,24
2026-01-31,ukmo_seamless,h24,6.7,24
2026-01-31,meteofrance_seamless,h24,7.3,24
2026-01-31,gem_seamless,h24,7.4,24
2026-01-31,ecmwf_ifs025,h24,8.2,24
2026-01-31,ecmwf_aifs025_single,h24,5.7,24
2026-01-31,icon_seamless,h0,5.8,24
2026-01-31,ukmo_seamless,h0,5.1,24
2026-01-31,meteofrance_seamless,h0,7.2,24
2026-01-31,gem_seamless,h0,6.5,24
2026-01-31,ecmwf_ifs025,h0,6.2,24
2026-01-31,ecmwf_aifs025_single,h0,4.9,24
2026-02-01,icon_seamless,h24,9.0,24
2026-02-01,ukmo_seamless,h24,8.0,24
2026-02-01,meteofrance_seamless,h24,9.4,24
2026-02-01,gem_seamless,h24,8.7,24
2026-02-01,ecmwf_ifs025,h24,10.5,24
2026-02-01,ecmwf_aifs025_single,h24,7.9,24
2026-02-01,icon_seamless,h0,9.0,24
2026-02-01,ukmo_seamless,h0,7.6,24
2026-02-01,meteofrance_seamless,h0,8.6,24
2026-02-01,gem_seamless,h0,8.2,24
2026-02-01,ecmwf_ifs025,h0,9.7,24
2026-02-01,ecmwf_aifs025_single,h0,8.9,24
2026-02-02,icon_seamless,h24,11.9,24
2026-02-02,ukmo_seamless,h24,10.6,24
2026-02-02,meteofrance_seamless,h24,12.1,24
2026-02-02,gem_seamless,h24,11.5,24
2026-02-02,ecmwf_ifs025,h24,13.3,24
2026-02-02,ecmwf_aifs025_single,h24,11.1,24
2026-02-02,icon_seamless,h0,12.1,24
2026-02-02,ukmo_seamless,h0,11.3,24
2026-02-02,meteofrance_seamless,h0,12.0,24
2026-02-02,gem_seamless,h0,11.3,24
2026-02-02,ecmwf_ifs025,h0,12.1,24
2026-02-02,ecmwf_aifs025_single,h0,12.4,24
2026-02-03,icon_seamless,h24,11.5,24
2026-02-03,ukmo_seamless,h24,12.5,24
2026-02-03,meteofrance_seamless,h24,13.4,24
2026-02-03,gem_seamless,h24,10.0,24
2026-02-03,ecmwf_ifs025,h24,13.1,24
2026-02-03,ecmwf_aifs025_single,h24,10.8,24
2026-02-03,icon_seamless,h0,12.1,24
2026-02-03,ukmo_seamless,h0,12.1,24
2026-02-03,meteofrance_seamless,h0,13.0,24
2026-02-03,gem_seamless,h0,12.2,24
2026-02-03,ecmwf_ifs025,h0,11.5,24
2026-02-03,ecmwf_aifs025_single,h0,10.9,24
2026-02-04,icon_seamless,h24,13.4,24
2026-02-04,ukmo_seamless,h24,14.1,24
2026-02-04,meteofrance_seamless,h24,15.6,24
2026-02-04,gem_seamless,h24,13.1,24
2026-02-04,ecmwf_ifs025,h24,14.8,24
2026-02-04,ecmwf_aifs025_single,h24,13.3,24
2026-02-04,icon_seamless,h0,11.9,24
2026-02-04,ukmo_seamless,h0,12.8,24
2026-02-04,meteofrance_seamless,h0,11.3,24
2026-02-04,gem_seamless,h0,13.2,24
2026-02-04,ecmwf_ifs025,h0,11.2,24
2026-02-04,ecmwf_aifs025_single,h0,11.6,24
2026-02-05,icon_seamless,h24,14.7,24
2026-02-05,ukmo_seamless,h24,15.4,24
2026-02-05,meteofrance_seamless,h24,16.8,24
2026-02-05,gem_seamless,h24,16.0,24
2026-02-05,ecmwf_ifs025,h24,16.9,24
2026-02-05,ecmwf_aifs025_single,h24,14.3,24
2026-02-05,icon_seamless,h0,12.5,24
2026-02-05,ukmo_seamless,h0,13.5,24
2026-02-05,meteofrance_seamless,h0,13.5,24
2026-02-05,gem_seamless,h0,13.9,24
2026-02-05,ecmwf_ifs025,h0,15.8,24
2026-02-05,ecmwf_aifs025_single,h0,14.7,24
2026-02-06,icon_seamless,h24,10.4,24
2026-02-06,ukmo_seamless,h24,10.7,24
2026-02-06,meteofrance_seamless,h24,11.2,24
2026-02-06,gem_seamless,h24,10.2,24
2026-02-06,ecmwf_ifs025,h24,11.2,24
2026-02-06,ecmwf_aifs025_single,h24,10.0,24
2026-02-06,icon_seamless,h0,9.3,24
2026-02-06,ukmo_seamless,h0,10.0,24
2026-02-06,meteofrance_seamless,h0,9.9,24
2026-02-06,gem_seamless,h0,9.7,24
2026-02-06,ecmwf_ifs025,h0,9.9,24
2026-02-06,ecmwf_aifs025_single,h0,10.5,24
2026-02-07,icon_seamless,h24,7.6,24
2026-02-07,ukmo_seamless,h24,7.1,24
2026-02-07,meteofrance_seamless,h24,9.9,24
2026-02-07,gem_seamless,h24,5.6,24
2026-02-07,ecmwf_ifs025,h24,7.2,24
2026-02-07,ecmwf_aifs025_single,h24,6.5,24
2026-02-07,icon_seamless,h0,6.8,24
2026-02-07,ukmo_seamless,h0,7.1,24
2026-02-07,meteofrance_seamless,h0,9.2,24
2026-02-07,gem_seamless,h0,7.2,24
2026-02-07,ecmwf_ifs025,h0,8.6,24
2026-02-07,ecmwf_aifs025_single,h0,7.7,24
2026-02-08,icon_seamless,h24,8.5,24
2026-02-08,ukmo_seamless,h24,7.3,24
2026-02-08,meteofrance_seamless,h24,9.3,24
2026-02-08,gem_seamless,h24,7.3,24
2026-02-08,ecmwf_ifs025,h24,8.4,24
2026-02-08,ecmwf_aifs025_single,h24,8.4,24
2026-02-08,icon_seamless,h0,8.4,24
2026-02-08,ukmo_seamless,h0,7.3,24
2026-02-08,meteofrance_seamless,h0,8.9,24
2026-02-08,gem_seamless,h0,7.7,24
2026-02-08,ecmwf_ifs025,h0,8.0,24
2026-02-08,ecmwf_aifs025_single,h0,8.3,24
2026-02-09,icon_seamless,h24,6.5,24
2026-02-09,ukmo_seamless,h24,7.1,24
2026-02-09,meteofrance_seamless,h24,6.7,24
2026-02-09,gem_seamless,h24,3.8,24
2026-02-09,ecmwf_ifs025,h24,6.6,24
2026-02-09,ecmwf_aifs025_single,h24,4.3,24
2026-02-09,icon_seamless,h0,5.1,24
2026-02-09,ukmo_seamless,h0,4.0,24
2026-02-09,meteofrance_seamless,h0,6.8,24
2026-02-09,gem_seamless,h0,4.9,24
2026-02-09,ecmwf_ifs025,h0,5.5,24
2026-02-09,ecmwf_aifs025_single,h0,3.2,24
2026-02-10,icon_seamless,h24,10.6,24
2026-02-10,ukmo_seamless,h24,10.5,24
2026-02-10,meteofrance_seamless,h24,11.3,24
2026-02-10,gem_seamless,h24,10.5,24
2026-02-10,ecmwf_ifs025,h24,13.3,24
2026-02-10,ecmwf_aifs025_single,h24,8.6,24
2026-02-10,icon_seamless,h0,8.7,24
2026-02-10,ukmo_seamless,h0,9.2,24
2026-02-10,meteofrance_seamless,h0,10.4,24
2026-02-10,gem_seamless,h0,10.5,24
2026-02-10,ecmwf_ifs025,h0,10.8,24
2026-02-10,ecmwf_aifs025_single,h0,8.5,24
2026-02-11,icon_seamless,h24,12.6,24
2026-02-11,ukmo_seamless,h24,12.5,24
2026-02-11,meteofrance_seamless,h24,13.2,24
2026-02-11,gem_seamless,h24,12.4,24
2026-02-11,ecmwf_ifs025,h24,13.9,24
2026-02-11,ecmwf_aifs025_single,h24,10.2,24
2026-02-11,icon_seamless,h0,12.8,24
2026-02-11,ukmo_seamless,h0,12.0,24
2026-02-11,meteofrance_seamless,h0,11.6,24
2026-02-11,gem_seamless,h0,12.1,24
2026-02-11,ecmwf_ifs025,h0,12.0,24
2026-02-11,ecmwf_aifs025_single,h0,11.1,24
2026-02-12,icon_seamless,h24,14.9,24
2026-02-12,ukmo_seamless,h24,14.7,24
2026-02-12,meteofrance_seamless,h24,16.0,24
2026-02-12,gem_seamless,h24,14.2,24
2026-02-12,ecmwf_ifs025,h24,16.5,24
2026-02-12,ecmwf_aifs025_single,h24,15.1,24
2026-02-12,icon_seamless,h0,15.9,24
2026-02-12,ukmo_seamless,h0,14.6,24
2026-02-12,meteofrance_seamless,h0,16.5,24
2026-02-12,gem_seamless,h0,14.8,24
2026-02-12,ecmwf_ifs025,h0,15.7,24
2026-02-12,ecmwf_aifs025_single,h0,15.7,24
2026-02-13,icon_seamless,h24,17.1,24
2026-02-13,ukmo_seamless,h24,15.6,24
2026-02-13,meteofrance_seamless,h24,18.5,24
2026-02-13,gem_seamless,h24,15.9,24
2026-02-13,ecmwf_ifs025,h24,17.8,24
2026-02-13,ecmwf_aifs025_single,h24,16.2,24
2026-02-13,icon_seamless,h0,17.6,24
2026-02-13,ukmo_seamless,h0,15.7,24
2026-02-13,meteofrance_seamless,h0,17.4,24
2026-02-13,gem_seamless,h0,16.6,24
2026-02-13,ecmwf_ifs025,h0,17.3,24
2026-02-13,ecmwf_aifs025_single,h0,16.7,24
2026-02-14,icon_seamless,h24,19.9,24
2026-02-14,ukmo_seamless,h24,18.3,24
2026-02-14,meteofrance_seamless,h24,21.6,24
2026-02-14,gem_seamless,h24,19.5,24
2026-02-14,ecmwf_ifs025,h24,20.5,24
2026-02-14,ecmwf_aifs025_single,h24,19.3,24
2026-02-14,icon_seamless,h0,20.0,24
2026-02-14,ukmo_seamless,h0,18.8,24
2026-02-14,meteofrance_seamless,h0,20.6,24
2026-02-14,gem_seamless,h0,19.8,24
2026-02-14,ecmwf_ifs025,h0,20.1,24
2026-02-14,ecmwf_aifs025_single,h0,19.6,24
2026-02-15,icon_seamless,h24,17.0,24
2026-02-15,ukmo_seamless,h24,17.6,24
2026-02-15,meteofrance_seamless,h24,15.1,24
2026-02-15,gem_seamless,h24,15.5,24
2026-02-15,ecmwf_ifs025,h24,16.5,24
2026-02-15,ecmwf_aifs025_single,h24,15.1,24
2026-02-15,icon_seamless,h0,18.1,24
2026-02-15,ukmo_seamless,h0,18.0,24
2026-02-15,meteofrance_seamless,h0,16.8,24
2026-02-15,gem_seamless,h0,17.0,24
2026-02-15,ecmwf_ifs025,h0,17.8,24
2026-02-15,ecmwf_aifs025_single,h0,16.7,24
2026-02-16,icon_seamless,h24,6.7,24
2026-02-16,ukmo_seamless,h24,8.0,24
2026-02-16,meteofrance_seamless,h24,8.5,24
2026-02-16,gem_seamless,h24,4.5,24
2026-02-16,ecmwf_ifs025,h24,6.7,24
2026-02-16,ecmwf_aifs025_single,h24,6.5,24
2026-02-16,icon_seamless,h0,5.3,24
2026-02-16,ukmo_seamless,h0,5.4,24
2026-02-16,meteofrance_seamless,h0,6.5,24
2026-02-16,gem_seamless,h0,4.4,24
2026-02-16,ecmwf_ifs025,h0,5.9,24
2026-02-16,ecmwf_aifs025_single,h0,6.0,24
2026-02-17,icon_seamless,h24,7.7,24
2026-02-17,ukmo_seamless,h24,8.0,24
2026-02-17,meteofrance_seamless,h24,8.8,24
2026-02-17,gem_seamless,h24,8.4,24
2026-02-17,ecmwf_ifs025,h24,9.3,24
2026-02-17,ecmwf_aifs025_single,h24,6.6,24
2026-02-17,icon_seamless,h0,7.4,24
2026-02-17,ukmo_seamless,h0,6.8,24
2026-02-17,meteofrance_seamless,h0,8.0,24
2026-02-17,gem_seamless,h0,8.8,24
2026-02-17,ecmwf_ifs025,h0,7.5,24
2026-02-17,ecmwf_aifs025_single,h0,6.7,24
2026-02-18,icon_seamless,h24,11.4,24
2026-02-18,ukmo_seamless,h24,10.7,24
2026-02-18,meteofrance_seamless,h24,12.4,24
2026-02-18,gem_seamless,h24,12.1,24
2026-02-18,ecmwf_ifs025,h24,13.4,24
2026-02-18,ecmwf_aifs025_single,h24,10.8,24
2026-02-18,icon_seamless,h0,11.0,24
2026-02-18,ukmo_seamless,h0,11.0,24
2026-02-18,meteofrance_seamless,h0,10.8,24
2026-02-18,gem_seamless,h0,11.1,24
2026-02-18,ecmwf_ifs025,h0,12.1,24
2026-02-18,ecmwf_aifs025_single,h0,11.0,24
2026-02-19,icon_seamless,h24,14.3,24
2026-02-19,ukmo_seamless,h24,14.4,24
2026-02-19,meteofrance_seamless,h24,16.4,24
2026-02-19,gem_seamless,h24,13.3,24
2026-02-19,ecmwf_ifs025,h24,16.5,24
2026-02-19,ecmwf_aifs025_single,h24,15.2,24
2026-02-19,icon_seamless,h0,16.4,24
2026-02-19,ukmo_seamless,h0,14.8,24
2026-02-19,meteofrance_seamless,h0,16.7,24
2026-02-19,gem_seamless,h0,15.7,24
2026-02-19,ecmwf_ifs025,h0,16.4,24
2026-02-19,ecmwf_aifs025_single,h0,16.0,24
2026-02-20,icon_seamless,h24,18.5,24
2026-02-20,ukmo_seamless,h24,17.6,24
2026-02-20,meteofrance_seamless,h24,21.0,24
2026-02-20,gem_seamless,h24,18.7,24
2026-02-20,ecmwf_ifs025,h24,20.0,24
2026-02-20,ecmwf_aifs025_single,h24,17.1,24
2026-02-20,icon_seamless,h0,18.7,24
2026-02-20,ukmo_seamless,h0,17.8,24
2026-02-20,meteofrance_seamless,h0,20.0,24
2026-02-20,gem_seamless,h0,19.1,24
2026-02-20,ecmwf_ifs025,h0,18.4,24
2026-02-20,ecmwf_aifs025_single,h0,17.4,24
2026-02-21,icon_seamless,h24,21.7,24
2026-02-21,ukmo_seamless,h24,20.8,24
2026-02-21,meteofrance_seamless,h24,24.7,24
2026-02-21,gem_seamless,h24,22.5,24
2026-02-21,ecmwf_ifs025,h24,23.4,24
2026-02-21,ecmwf_aifs025_single,h24,22.5,24
2026-02-21,icon_seamless,h0,23.2,24
2026-02-21,ukmo_seamless,h0,20.7,24
2026-02-21,meteofrance_seamless,h0,24.1,24
2026-02-21,gem_seamless,h0,23.0,24
2026-02-21,ecmwf_ifs025,h0,22.8,24
2026-02-21,ecmwf_aifs025_single,h0,22.5,24
2026-02-22,icon_seamless,h24,21.7,24
2026-02-22,ukmo_seamless,h24,20.7,24
2026-02-22,meteofrance_seamless,h24,24.1,24
2026-02-22,gem_seamless,h24,21.7,24
2026-02-22,ecmwf_ifs025,h24,21.7,24
2026-02-22,ecmwf_aifs025_single,h24,23.0,24
2026-02-22,icon_seamless,h0,24.2,24
2026-02-22,ukmo_seamless,h0,22.6,24
2026-02-22,meteofrance_seamless,h0,25.1,24
2026-02-22,gem_seamless,h0,22.5,24
2026-02-22,ecmwf_ifs025,h0,23.3,24
2026-02-22,ecmwf_aifs025_single,h0,24.0,24
2026-02-23,icon_seamless,h24,15.6,24
2026-02-23,ukmo_seamless,h24,13.8,24
2026-02-23,meteofrance_seamless,h24,15.3,24
2026-02-23,gem_seamless,h24,16.8,24
2026-02-23,ecmwf_ifs025,h24,12.4,24
2026-02-23,ecmwf_aifs025_single,h24,15.3,24
2026-02-23,icon_seamless,h0,14.2,24
2026-02-23,ukmo_seamless,h0,15.3,24
2026-02-23,meteofrance_seamless,h0,15.3,24
2026-02-23,gem_seamless,h0,15.5,24
2026-02-23,ecmwf_ifs025,h0,12.9,24
2026-02-23,ecmwf_aifs025_single,h0,13.6,24
2026-02-24,icon_seamless,h24,13.8,24
2026-02-24,ukmo_seamless,h24,13.1,24
2026-02-24,meteofrance_seamless,h24,11.9,24
2026-02-24,gem_seamless,h24,12.1,24
2026-02-24,ecmwf_ifs025,h24,15.1,24
2026-02-24,ecmwf_aifs025_single,h24,10.0,24
2026-02-24,icon_seamless,h0,10.6,24
2026-02-24,ukmo_seamless,h0,11.5,24
2026-02-24,meteofrance_seamless,h0,11.4,24
2026-02-24,gem_seamless,h0,11.5,24
2026-02-24,ecmwf_ifs025,h0,12.1,24
2026-02-24,ecmwf_aifs025_single,h0,11.1,24
2026-02-25,icon_seamless,h24,14.2,24
2026-02-25,ukmo_seamless,h24,13.8,24
2026-02-25,meteofrance_seamless,h24,13.6,24
2026-02-25,gem_seamless,h24,15.6,24
2026-02-25,ecmwf_ifs025,h24,16.1,24
2026-02-25,ecmwf_aifs025_single,h24,11.5,24
2026-02-25,icon_seamless,h0,12.9,24
2026-02-25,ukmo_seamless,h0,12.2,24
2026-02-25,meteofrance_seamless,h0,14.2,24
2026-02-25,gem_seamless,h0,14.5,24
2026-02-25,ecmwf_ifs025,h0,14.3,24
2026-02-25,ecmwf_aifs025_single,h0,11.7,24
2026-02-26,icon_seamless,h24,11.6,24
2026-02-26,ukmo_seamless,h24,13.0,24
2026-02-26,meteofrance_seamless,h24,11.3,24
2026-02-26,gem_seamless,h24,12.3,24
2026-02-26,ecmwf_ifs025,h24,14.4,24
2026-02-26,ecmwf_aifs025_single,h24,10.4,24
2026-02-26,icon_seamless,h0,11.2,24
2026-02-26,ukmo_seamless,h0,12.0,24
2026-02-26,meteofrance_seamless,h0,11.3,24
2026-02-26,gem_seamless,h0,12.5,24
2026-02-26,ecmwf_ifs025,h0,12.3,24
2026-02-26,ecmwf_aifs025_single,h0,11.2,24
2026-02-27,icon_seamless,h24,12.0,24
2026-02-27,ukmo_seamless,h24,13.3,24
2026-02-27,meteofrance_seamless,h24,11.8,24
2026-02-27,gem_seamless,h24,12.0,24
2026-02-27,ecmwf_ifs025,h24,14.5,24
2026-02-27,ecmwf_aifs025_single,h24,11.3,24
2026-02-27,icon_seamless,h0,12.6,24
2026-02-27,ukmo_seamless,h0,12.6,24
2026-02-27,meteofrance_seamless,h0,11.7,24
2026-02-27,gem_seamless,h0,12.7,24
2026-02-27,ecmwf_ifs025,h0,12.9,24
2026-02-27,ecmwf_aifs025_single,h0,12.2,24
2026-02-28,icon_seamless,h24,12.5,24
2026-02-28,ukmo_seamless,h24,15.0,24
2026-02-28,meteofrance_seamless,h24,12.7,24
2026-02-28,gem_seamless,h24,13.5,24
2026-02-28,ecmwf_ifs025,h24,15.0,24
2026-02-28,ecmwf_aifs025_single,h24,11.4,24
2026-02-28,icon_seamless,h0,12.8,24
2026-02-28,ukmo_seamless,h0,13.9,24
2026-02-28,meteofrance_seamless,h0,13.3,24
2026-02-28,gem_seamless,h0,15.3,24
2026-02-28,ecmwf_ifs025,h0,13.1,24
2026-02-28,ecmwf_aifs025_single,h0,13.6,24
2026-03-01,icon_seamless,h24,11.2,24
2026-03-01,ukmo_seamless,h24,12.5,24
2026-03-01,meteofrance_seamless,h24,11.5,24
2026-03-01,gem_seamless,h24,12.0,24
2026-03-01,ecmwf_ifs025,h24,11.6,24
2026-03-01,ecmwf_aifs025_single,h24,10.3,24
2026-03-01,icon_seamless,h0,11.2,24
2026-03-01,ukmo_seamless,h0,11.8,24
2026-03-01,meteofrance_seamless,h0,11.6,24
2026-03-01,gem_seamless,h0,11.2,24
2026-03-01,ecmwf_ifs025,h0,11.5,24
2026-03-01,ecmwf_aifs025_single,h0,11.5,24
2026-03-02,icon_seamless,h24,8.4,24
2026-03-02,ukmo_seamless,h24,11.5,24
2026-03-02,meteofrance_seamless,h24,8.1,24
2026-03-02,gem_seamless,h24,9.1,24
2026-03-02,ecmwf_ifs025,h24,9.8,24
2026-03-02,ecmwf_aifs025_single,h24,7.3,24
2026-03-02,icon_seamless,h0,7.3,24
2026-03-02,ukmo_seamless,h0,10.5,24
2026-03-02,meteofrance_seamless,h0,8.3,24
2026-03-02,gem_seamless,h0,8.4,24
2026-03-02,ecmwf_ifs025,h0,9.3,24
2026-03-02,ecmwf_aifs025_single,h0,8.7,24
2026-03-03,icon_seamless,h24,10.3,24
2026-03-03,ukmo_seamless,h24,12.7,24
2026-03-03,meteofrance_seamless,h24,11.8,24
2026-03-03,gem_seamless,h24,14.1,24
2026-03-03,ecmwf_ifs025,h24,14.9,24
2026-03-03,ecmwf_aifs025_single,h24,10.6,24
2026-03-03,icon_seamless,h0,11.6,24
2026-03-03,ukmo_seamless,h0,12.5,24
2026-03-03,meteofrance_seamless,h0,11.4,24
2026-03-03,gem_seamless,h0,13.6,24
2026-03-03,ecmwf_ifs025,h0,13.0,24
2026-03-03,ecmwf_aifs025_single,h0,11.7,24
2026-03-04,icon_seamless,h24,13.8,24
2026-03-04,ukmo_seamless,h24,13.3,24
2026-03-04,meteofrance_seamless,h24,14.3,24
2026-03-04,gem_seamless,h24,15.2,24
2026-03-04,ecmwf_ifs025,h24,15.4,24
2026-03-04,ecmwf_aifs025_single,h24,12.3,24
2026-03-04,icon_seamless,h0,13.2,24
2026-03-04,ukmo_seamless,h0,12.4,24
2026-03-04,meteofrance_seamless,h0,14.5,24
2026-03-04,gem_seamless,h0,13.9,24
2026-03-04,ecmwf_ifs025,h0,13.5,24
2026-03-04,ecmwf_aifs025_single,h0,12.9,24
2026-03-05,icon_seamless,h24,14.6,24
2026-03-05,ukmo_seamless,h24,14.0,24
2026-03-05,meteofrance_seamless,h24,16.7,24
2026-03-05,gem_seamless,h24,16.4,24
2026-03-05,ecmwf_ifs025,h24,15.9,24
2026-03-05,ecmwf_aifs025_single,h24,14.2,24
2026-03-05,icon_seamless,h0,14.7,24
2026-03-05,ukmo_seamless,h0,14.8,24
2026-03-05,meteofrance_seamless,h0,15.3,24
2026-03-05,gem_seamless,h0,14.7,24
2026-03-05,ecmwf_ifs025,h0,15.3,24
2026-03-05,ecmwf_aifs025_single,h0,14.1,24
2026-03-06,icon_seamless,h24,15.4,24
2026-03-06,ukmo_seamless,h24,12.7,24
2026-03-06,meteofrance_seamless,h24,16.5,24
2026-03-06,gem_seamless,h24,13.6,24
2026-03-06,ecmwf_ifs025,h24,15.3,24
2026-03-06,ecmwf_aifs025_single,h24,13.0,24
2026-03-06,icon_seamless,h0,13.7,24
2026-03-06,ukmo_seamless,h0,12.2,24
2026-03-06,meteofrance_seamless,h0,15.3,24
2026-03-06,gem_seamless,h0,13.6,24
2026-03-06,ecmwf_ifs025,h0,13.9,24
2026-03-06,ecmwf_aifs025_single,h0,13.5,24
2026-03-07,icon_seamless,h24,14.8,24
2026-03-07,ukmo_seamless,h24,14.3,24
2026-03-07,meteofrance_seamless,h24,16.8,24
2026-03-07,gem_seamless,h24,13.4,24
2026-03-07,ecmwf_ifs025,h24,15.9,24
2026-03-07,ecmwf_aifs025_single,h24,13.0,24
2026-03-07,icon_seamless,h0,14.3,24
2026-03-07,ukmo_seamless,h0,14.8,24
2026-03-07,meteofrance_seamless,h0,16.0,24
2026-03-07,gem_seamless,h0,15.6,24
2026-03-07,ecmwf_ifs025,h0,15.7,24
2026-03-07,ecmwf_aifs025_single,h0,14.3,24
2026-03-08,icon_seamless,h24,14.1,24
2026-03-08,ukmo_seamless,h24,14.1,24
2026-03-08,meteofrance_seamless,h24,14.8,24
2026-03-08,gem_seamless,h24,14.6,24
2026-03-08,ecmwf_ifs025,h24,16.0,24
2026-03-08,ecmwf_aifs025_single,h24,13.3,24
2026-03-08,icon_seamless,h0,13.5,24
2026-03-08,ukmo_seamless,h0,13.3,24
2026-03-08,meteofrance_seamless,h0,14.0,24
2026-03-08,gem_seamless,h0,13.9,24
2026-03-08,ecmwf_ifs025,h0,14.2,24
2026-03-08,ecmwf_aifs025_single,h0,12.3,24
2026-03-09,icon_seamless,h24,15.9,24
2026-03-09,ukmo_seamless,h24,16.0,24
2026-03-09,meteofrance_seamless,h24,18.6,24
2026-03-09,gem_seamless,h24,15.2,24
2026-03-09,ecmwf_ifs025,h24,17.3,24
2026-03-09,ecmwf_aifs025_single,h24,15.6,24
2026-03-09,icon_seamless,h0,15.6,24
2026-03-09,ukmo_seamless,h0,15.4,24
2026-03-09,meteofrance_seamless,h0,17.6,24
2026-03-09,gem_seamless,h0,15.4,24
2026-03-09,ecmwf_ifs025,h0,16.7,24
2026-03-09,ecmwf_aifs025_single,h0,16.0,24
2026-03-10,icon_seamless,h24,17.4,24
2026-03-10,ukmo_seamless,h24,16.8,24
2026-03-10,meteofrance_seamless,h24,19.6,24
2026-03-10,gem_seamless,h24,17.1,24
2026-03-10,ecmwf_ifs025,h24,18.1,24
2026-03-10,ecmwf_aifs025_single,h24,17.6,24
2026-03-10,icon_seamless,h0,17.6,24
2026-03-10,ukmo_seamless,h0,17.3,24
2026-03-10,meteofrance_seamless,h0,19.3,24
2026-03-10,gem_seamless,h0,17.7,24
2026-03-10,ecmwf_ifs025,h0,17.8,24
2026-03-10,ecmwf_aifs025_single,h0,17.5,24
2026-03-11,icon_seamless,h24,19.4,24
2026-03-11,ukmo_seamless,h24,18.8,24
2026-03-11,meteofrance_seamless,h24,22.1,24
2026-03-11,gem_seamless,h24,20.0,24
2026-03-11,ecmwf_ifs025,h24,20.3,24
2026-03-11,ecmwf_aifs025_single,h24,19.5,24
2026-03-11,icon_seamless,h0,20.2,24
2026-03-11,ukmo_seamless,h0,19.4,24
2026-03-11,meteofrance_seamless,h0,21.6,24
2026-03-11,gem_seamless,h0,20.6,24
2026-03-11,ecmwf_ifs025,h0,20.1,24
2026-03-11,ecmwf_aifs025_single,h0,20.3,24
2026-03-12,icon_seamless,h24,20.1,24
2026-03-12,ukmo_seamless,h24,19.3,24
2026-03-12,meteofrance_seamless,h24,21.8,24
2026-03-12,gem_seamless,h24,20.1,24
2026-03-12,ecmwf_ifs025,h24,20.0,24
2026-03-12,ecmwf_aifs025_single,h24,19.9,24
2026-03-12,icon_seamless,h0,19.9,24
2026-03-12,ukmo_seamless,h0,20.0,24
2026-03-12,meteofrance_seamless,h0,21.8,24
2026-03-12,gem_seamless,h0,20.5,24
2026-03-12,ecmwf_ifs025,h0,20.3,24
2026-03-12,ecmwf_aifs025_single,h0,20.5,24
2026-03-13,icon_seamless,h24,19.4,24
2026-03-13,ukmo_seamless,h24,18.5,24
2026-03-13,meteofrance_seamless,h24,21.6,24
2026-03-13,gem_seamless,h24,18.6,24
2026-03-13,ecmwf_ifs025,h24,18.4,24
2026-03-13,ecmwf_aifs025_single,h24,20.0,24
2026-03-13,icon_seamless,h0,20.2,24
2026-03-13,ukmo_seamless,h0,19.0,24
2026-03-13,meteofrance_seamless,h0,21.5,24
2026-03-13,gem_seamless,h0,19.2,24
2026-03-13,ecmwf_ifs025,h0,19.2,24
2026-03-13,ecmwf_aifs025_single,h0,19.6,24
2026-03-14,icon_seamless,h24,22.0,24
2026-03-14,ukmo_seamless,h24,21.2,24
2026-03-14,meteofrance_seamless,h24,23.8,24
2026-03-14,gem_seamless,h24,22.8,24
2026-03-14,ecmwf_ifs025,h24,21.5,24
2026-03-14,ecmwf_aifs025_single,h24,20.6,24
2026-03-14,icon_seamless,h0,22.3,24
2026-03-14,ukmo_seamless,h0,21.4,24
2026-03-14,meteofrance_seamless,h0,23.2,24
2026-03-14,gem_seamless,h0,22.5,24
2026-03-14,ecmwf_ifs025,h0,21.7,24
2026-03-14,ecmwf_aifs025_single,h0,21.9,24
2026-03-15,icon_seamless,h24,13.4,24
2026-03-15,ukmo_seamless,h24,14.8,24
2026-03-15,meteofrance_seamless,h24,14.8,24
2026-03-15,gem_seamless,h24,14.2,24
2026-03-15,ecmwf_ifs025,h24,12.4,24
2026-03-15,ecmwf_aifs025_single,h24,12.2,24
2026-03-15,icon_seamless,h0,12.2,24
2026-03-15,ukmo_seamless,h0,12.5,24
2026-03-15,meteofrance_seamless,h0,14.3,24
2026-03-15,gem_seamless,h0,12.9,24
2026-03-15,ecmwf_ifs025,h0,12.3,24
2026-03-15,ecmwf_aifs025_single,h0,12.6,24
2026-03-16,icon_seamless,h24,10.3,24
2026-03-16,ukmo_seamless,h24,11.4,24
2026-03-16,meteofrance_seamless,h24,11.3,24
2026-03-16,gem_seamless,h24,12.1,24
2026-03-16,ecmwf_ifs025,h24,10.5,24
2026-03-16,ecmwf_aifs025_single,h24,9.8,24
2026-03-16,icon_seamless,h0,9.9,24
2026-03-16,ukmo_seamless,h0,10.2,24
2026-03-16,meteofrance_seamless,h0,10.8,24
2026-03-16,gem_seamless,h0,11.3,24
2026-03-16,ecmwf_ifs025,h0,10.5,24
2026-03-16,ecmwf_aifs025_single,h0,9.6,24
2026-03-17,icon_seamless,h24,11.2,24
2026-03-17,ukmo_seamless,h24,13.4,24
2026-03-17,meteofrance_seamless,h24,11.3,24
2026-03-17,gem_seamless,h24,13.3,24
2026-03-17,ecmwf_ifs025,h24,11.4,24
2026-03-17,ecmwf_aifs025_single,h24,10.1,24
2026-03-17,icon_seamless,h0,11.0,24
2026-03-17,ukmo_seamless,h0,11.7,24
2026-03-17,meteofrance_seamless,h0,10.5,24
2026-03-17,gem_seamless,h0,11.8,24
2026-03-17,ecmwf_ifs025,h0,11.5,24
2026-03-17,ecmwf_aifs025_single,h0,10.0,24
2026-03-18,icon_seamless,h24,13.6,24
2026-03-18,ukmo_seamless,h24,17.5,24
2026-03-18,meteofrance_seamless,h24,16.5,24
2026-03-18,gem_seamless,h24,15.3,24
2026-03-18,ecmwf_ifs025,h24,17.0,24
2026-03-18,ecmwf_aifs025_single,h24,12.9,24
2026-03-18,icon_seamless,h0,13.5,24
2026-03-18,ukmo_seamless,h0,12.9,24
2026-03-18,meteofrance_seamless,h0,15.7,24
2026-03-18,gem_seamless,h0,15.3,24
2026-03-18,ecmwf_ifs025,h0,14.6,24
2026-03-18,ecmwf_aifs025_single,h0,13.1,24
2026-03-19,icon_seamless,h24,14.9,24
2026-03-19,ukmo_seamless,h24,16.3,24
2026-03-19,meteofrance_seamless,h24,16.1,24
2026-03-19,gem_seamless,h24,16.4,24
2026-03-19,ecmwf_ifs025,h24,17.1,24
2026-03-19,ecmwf_aifs025_single,h24,15.6,24
2026-03-19,icon_seamless,h0,14.5,24
2026-03-19,ukmo_seamless,h0,14.8,24
2026-03-19,meteofrance_seamless,h0,14.6,24
2026-03-19,gem_seamless,h0,16.2,24
2026-03-19,ecmwf_ifs025,h0,15.4,24
2026-03-19,ecmwf_aifs025_single,h0,14.4,24
2026-03-20,icon_seamless,h24,15.6,24
2026-03-20,ukmo_seamless,h24,17.0,24
2026-03-20,meteofrance_seamless,h24,16.9,24
2026-03-20,gem_seamless,h24,15.9,24
2026-03-20,ecmwf_ifs025,h24,18.9,24
2026-03-20,ecmwf_aifs025_single,h24,16.0,24
2026-03-20,icon_seamless,h0,14.5,24
2026-03-20,ukmo_seamless,h0,14.4,24
2026-03-20,meteofrance_seamless,h0,14.8,24
2026-03-20,gem_seamless,h0,15.3,24
2026-03-20,ecmwf_ifs025,h0,14.0,24
2026-03-20,ecmwf_aifs025_single,h0,13.3,24
2025-12-21,gfs_seamless,h24,10.0,24
2025-12-21,cma_grapes_global,h24,10.3,24
2025-12-21,jma_seamless,h24,11.9,24
2025-12-21,knmi_seamless,h24,11.2,24
2025-12-21,jma_gsm,h24,11.9,24
2025-12-21,gfs_seamless,h0,10.8,24
2025-12-21,cma_grapes_global,h0,10.0,24
2025-12-21,jma_seamless,h0,10.8,24
2025-12-21,knmi_seamless,h0,10.2,24
2025-12-21,jma_gsm,h0,10.8,24
2025-12-22,gfs_seamless,h24,9.9,24
2025-12-22,cma_grapes_global,h24,10.2,24
2025-12-22,jma_seamless,h24,10.9,24
2025-12-22,knmi_seamless,h24,9.3,24
2025-12-22,jma_gsm,h24,10.9,24
2025-12-22,gfs_seamless,h0,9.8,24
2025-12-22,cma_grapes_global,h0,11.0,24
2025-12-22,jma_seamless,h0,11.6,24
2025-12-22,knmi_seamless,h0,10.9,24
2025-12-22,jma_gsm,h0,11.6,24
2025-12-23,gfs_seamless,h24,9.0,24
2025-12-23,cma_grapes_global,h24,10.7,24
2025-12-23,jma_seamless,h24,12.9,24
2025-12-23,knmi_seamless,h24,11.6,24
2025-12-23,jma_gsm,h24,12.9,24
2025-12-23,gfs_seamless,h0,8.7,24
2025-12-23,cma_grapes_global,h0,8.6,24
2025-12-23,jma_seamless,h0,12.5,24
2025-12-23,knmi_seamless,h0,9.9,24
2025-12-23,jma_gsm,h0,12.5,24
2025-12-24,gfs_seamless,h24,9.8,24
2025-12-24,cma_grapes_global,h24,9.5,24
2025-12-24,jma_seamless,h24,11.9,24
2025-12-24,knmi_seamless,h24,10.3,24
2025-12-24,jma_gsm,h24,11.9,24
2025-12-24,gfs_seamless,h0,8.7,24
2025-12-24,cma_grapes_global,h0,9.4,24
2025-12-24,jma_seamless,h0,11.2,24
2025-12-24,knmi_seamless,h0,9.0,24
2025-12-24,jma_gsm,h0,11.2,24
2025-12-25,gfs_seamless,h24,9.9,24
2025-12-25,cma_grapes_global,h24,7.2,24
2025-12-25,jma_seamless,h24,10.0,24
2025-12-25,knmi_seamless,h24,10.1,24
2025-12-25,jma_gsm,h24,10.0,24
2025-12-25,gfs_seamless,h0,9.9,24
2025-12-25,cma_grapes_global,h0,9.7,24
2025-12-25,jma_seamless,h0,10.5,24
2025-12-25,knmi_seamless,h0,10.4,24
2025-12-25,jma_gsm,h0,10.5,24
2025-12-26,gfs_seamless,h24,10.3,24
2025-12-26,cma_grapes_global,h24,6.9,24
2025-12-26,jma_seamless,h24,9.7,24
2025-12-26,knmi_seamless,h24,9.3,24
2025-12-26,jma_gsm,h24,9.7,24
2025-12-26,gfs_seamless,h0,10.0,24
2025-12-26,cma_grapes_global,h0,8.5,24
2025-12-26,jma_seamless,h0,10.1,24
2025-12-26,knmi_seamless,h0,9.4,24
2025-12-26,jma_gsm,h0,10.1,24
2025-12-27,gfs_seamless,h24,12.1,24
2025-12-27,cma_grapes_global,h24,9.2,24
2025-12-27,jma_seamless,h24,12.2,24
2025-12-27,knmi_seamless,h24,12.5,24
2025-12-27,jma_gsm,h24,12.2,24
2025-12-27,gfs_seamless,h0,12.1,24
2025-12-27,cma_grapes_global,h0,10.8,24
2025-12-27,jma_seamless,h0,12.3,24
2025-12-27,knmi_seamless,h0,12.2,24
2025-12-27,jma_gsm,h0,12.3,24
2025-12-28,gfs_seamless,h24,15.9,24
2025-12-28,cma_grapes_global,h24,12.2,24
2025-12-28,jma_seamless,h24,15.2,24
2025-12-28,knmi_seamless,h24,15.3,24
2025-12-28,jma_gsm,h24,15.2,24
2025-12-28,gfs_seamless,h0,16.0,24
2025-12-28,cma_grapes_global,h0,14.2,24
2025-12-28,jma_seamless,h0,15.9,24
2025-12-28,knmi_seamless,h0,15.4,24
2025-12-28,jma_gsm,h0,15.9,24
2025-12-29,gfs_seamless,h24,16.2,24
2025-12-29,cma_grapes_global,h24,12.9,24
2025-12-29,jma_seamless,h24,16.8,24
2025-12-29,knmi_seamless,h24,16.4,24
2025-12-29,jma_gsm,h24,16.8,24
2025-12-29,gfs_seamless,h0,16.4,24
2025-12-29,cma_grapes_global,h0,15.1,24
2025-12-29,jma_seamless,h0,16.5,24
2025-12-29,knmi_seamless,h0,16.6,24
2025-12-29,jma_gsm,h0,16.5,24
2025-12-30,gfs_seamless,h24,13.2,24
2025-12-30,cma_grapes_global,h24,12.8,24
2025-12-30,jma_seamless,h24,15.0,24
2025-12-30,knmi_seamless,h24,16.1,24
2025-12-30,jma_gsm,h24,15.0,24
2025-12-30,gfs_seamless,h0,13.4,24
2025-12-30,cma_grapes_global,h0,14.0,24
2025-12-30,jma_seamless,h0,15.7,24
2025-12-30,knmi_seamless,h0,16.3,24
2025-12-30,jma_gsm,h0,15.7,24
2025-12-31,gfs_seamless,h24,12.5,24
2025-12-31,cma_grapes_global,h24,10.3,24
2025-12-31,jma_seamless,h24,11.6,24
2025-12-31,knmi_seamless,h24,10.5,24
2025-12-31,jma_gsm,h24,11.6,24
2025-12-31,gfs_seamless,h0,13.4,24
2025-12-31,cma_grapes_global,h0,11.2,24
2025-12-31,jma_seamless,h0,11.7,24
2025-12-31,knmi_seamless,h0,10.5,24
2025-12-31,jma_gsm,h0,11.7,24
2026-01-01,gfs_seamless,h24,4.9,24
2026-01-01,cma_grapes_global,h24,4.5,24
2026-01-01,jma_seamless,h24,7.0,24
2026-01-01,knmi_seamless,h24,6.7,24
2026-01-01,jma_gsm,h24,7.0,24
2026-01-01,gfs_seamless,h0,5.1,24
2026-01-01,cma_grapes_global,h0,4.7,24
2026-01-01,jma_seamless,h0,6.2,24
2026-01-01,knmi_seamless,h0,5.6,24
2026-01-01,jma_gsm,h0,6.2,24
2026-01-02,gfs_seamless,h24,7.6,24
2026-01-02,cma_grapes_global,h24,5.3,24
2026-01-02,jma_seamless,h24,8.0,24
2026-01-02,knmi_seamless,h24,6.7,24
2026-01-02,jma_gsm,h24,8.0,24
2026-01-02,gfs_seamless,h0,6.3,24
2026-01-02,cma_grapes_global,h0,5.2,24
2026-01-02,jma_seamless,h0,6.4,24
2026-01-02,knmi_seamless,h0,6.4,24
2026-01-02,jma_gsm,h0,6.4,24
2026-01-03,gfs_seamless,h24,9.0,24
2026-01-03,cma_grapes_global,h24,6.2,24
2026-01-03,jma_seamless,h24,7.8,24
2026-01-03,knmi_seamless,h24,6.8,24
2026-01-03,jma_gsm,h24,7.8,24
2026-01-03,gfs_seamless,h0,8.1,24
2026-01-03,cma_grapes_global,h0,6.6,24
2026-01-03,jma_seamless,h0,7.6,24
2026-01-03,knmi_seamless,h0,7.7,24
2026-01-03,jma_gsm,h0,7.6,24
2026-01-04,gfs_seamless,h24,5.9,24
2026-01-04,cma_grapes_global,h24,7.5,24
2026-01-04,jma_seamless,h24,8.6,24
2026-01-04,knmi_seamless,h24,7.1,24
2026-01-04,jma_gsm,h24,8.6,24
2026-01-04,gfs_seamless,h0,4.9,24
2026-01-04,cma_grapes_global,h0,6.2,24
2026-01-04,jma_seamless,h0,7.4,24
2026-01-04,knmi_seamless,h0,5.9,24
2026-01-04,jma_gsm,h0,7.4,24
2026-01-05,gfs_seamless,h24,9.3,24
2026-01-05,cma_grapes_global,h24,8.0,24
2026-01-05,jma_seamless,h24,10.5,24
2026-01-05,knmi_seamless,h24,10.4,24
2026-01-05,jma_gsm,h24,10.5,24
2026-01-05,gfs_seamless,h0,8.0,24
2026-01-05,cma_grapes_global,h0,8.9,24
2026-01-05,jma_seamless,h0,10.0,24
2026-01-05,knmi_seamless,h0,9.4,24
2026-01-05,jma_gsm,h0,10.0,24
2026-01-06,gfs_seamless,h24,9.8,24
2026-01-06,cma_grapes_global,h24,7.4,24
2026-01-06,jma_seamless,h24,9.9,24
2026-01-06,knmi_seamless,h24,9.7,24
2026-01-06,jma_gsm,h24,9.9,24
2026-01-06,gfs_seamless,h0,9.2,24
2026-01-06,cma_grapes_global,h0,8.6,24
2026-01-06,jma_seamless,h0,10.0,24
2026-01-06,knmi_seamless,h0,10.1,24
2026-01-06,jma_gsm,h0,10.0,24
2026-01-07,gfs_seamless,h24,10.6,24
2026-01-07,cma_grapes_global,h24,8.9,24
2026-01-07,jma_seamless,h24,11.5,24
2026-01-07,knmi_seamless,h24,11.3,24
2026-01-07,jma_gsm,h24,11.5,24
2026-01-07,gfs_seamless,h0,11.3,24
2026-01-07,cma_grapes_global,h0,11.1,24
2026-01-07,jma_seamless,h0,11.8,24
2026-01-07,knmi_seamless,h0,11.9,24
2026-01-07,jma_gsm,h0,11.8,24
2026-01-08,gfs_seamless,h24,11.0,24
2026-01-08,cma_grapes_global,h24,9.3,24
2026-01-08,jma_seamless,h24,11.0,24
2026-01-08,knmi_seamless,h24,11.8,24
2026-01-08,jma_gsm,h24,11.0,24
2026-01-08,gfs_seamless,h0,11.5,24
2026-01-08,cma_grapes_global,h0,11.3,24
2026-01-08,jma_seamless,h0,12.8,24
2026-01-08,knmi_seamless,h0,12.5,24
2026-01-08,jma_gsm,h0,12.8,24
2026-01-09,gfs_seamless,h24,14.4,24
2026-01-09,cma_grapes_global,h24,12.0,24
2026-01-09,jma_seamless,h24,15.3,24
2026-01-09,knmi_seamless,h24,15.1,24
2026-01-09,jma_gsm,h24,15.3,24
2026-01-09,gfs_seamless,h0,14.6,24
2026-01-09,cma_grapes_global,h0,14.2,24
2026-01-09,jma_seamless,h0,16.3,24
2026-01-09,knmi_seamless,h0,15.2,24
2026-01-09,jma_gsm,h0,16.3,24
2026-01-10,gfs_seamless,h24,11.6,24
2026-01-10,cma_grapes_global,h24,10.2,24
2026-01-10,jma_seamless,h24,13.6,24
2026-01-10,knmi_seamless,h24,11.6,24
2026-01-10,jma_gsm,h24,13.6,24
2026-01-10,gfs_seamless,h0,13.3,24
2026-01-10,cma_grapes_global,h0,13.2,24
2026-01-10,jma_seamless,h0,14.5,24
2026-01-10,knmi_seamless,h0,14.2,24
2026-01-10,jma_gsm,h0,14.5,24
2026-01-11,gfs_seamless,h24,11.3,24
2026-01-11,cma_grapes_global,h24,7.4,24
2026-01-11,jma_seamless,h24,10.6,24
2026-01-11,knmi_seamless,h24,11.7,24
2026-01-11,jma_gsm,h24,10.6,24
2026-01-11,gfs_seamless,h0,12.3,24
2026-01-11,cma_grapes_global,h0,11.1,24
2026-01-11,jma_seamless,h0,12.8,24
2026-01-11,knmi_seamless,h0,12.3,24
2026-01-11,jma_gsm,h0,12.8,24
2026-01-12,gfs_seamless,h24,16.0,24
2026-01-12,cma_grapes_global,h24,12.6,24
2026-01-12,jma_seamless,h24,16.4,24
2026-01-12,knmi_seamless,h24,16.3,24
2026-01-12,jma_gsm,h24,16.4,24
2026-01-12,gfs_seamless,h0,16.6,24
2026-01-12,cma_grapes_global,h0,14.6,24
2026-01-12,jma_seamless,h0,17.8,24
2026-01-12,knmi_seamless,h0,16.5,24
2026-01-12,jma_gsm,h0,17.8,24
2026-01-13,gfs_seamless,h24,18.9,24
2026-01-13,cma_grapes_global,h24,13.9,24
2026-01-13,jma_seamless,h24,18.4,24
2026-01-13,knmi_seamless,h24,19.1,24
2026-01-13,jma_gsm,h24,18.4,24
2026-01-13,gfs_seamless,h0,18.8,24
2026-01-13,cma_grapes_global,h0,16.8,24
2026-01-13,jma_seamless,h0,18.5,24
2026-01-13,knmi_seamless,h0,19.0,24
2026-01-13,jma_gsm,h0,18.5,24
2026-01-14,gfs_seamless,h24,18.5,24
2026-01-14,cma_grapes_global,h24,13.9,24
2026-01-14,jma_seamless,h24,18.5,24
2026-01-14,knmi_seamless,h24,19.3,24
2026-01-14,jma_gsm,h24,18.5,24
2026-01-14,gfs_seamless,h0,18.6,24
2026-01-14,cma_grapes_global,h0,16.6,24
2026-01-14,jma_seamless,h0,19.0,24
2026-01-14,knmi_seamless,h0,19.8,24
2026-01-14,jma_gsm,h0,19.0,24
2026-01-15,gfs_seamless,h24,18.5,24
2026-01-15,cma_grapes_global,h24,14.3,24
2026-01-15,jma_seamless,h24,18.3,24
2026-01-15,knmi_seamless,h24,18.3,24
2026-01-15,jma_gsm,h24,18.3,24
2026-01-15,gfs_seamless,h0,18.5,24
2026-01-15,cma_grapes_global,h0,16.3,24
2026-01-15,jma_seamless,h0,18.7,24
2026-01-15,knmi_seamless,h0,19.0,24
2026-01-15,jma_gsm,h0,18.7,24
2026-01-16,gfs_seamless,h24,20.5,24
2026-01-16,cma_grapes_global,h24,15.8,24
2026-01-16,jma_seamless,h24,18.9,24
2026-01-16,knmi_seamless,h24,21.3,24
2026-01-16,jma_gsm,h24,18.9,24
2026-01-16,gfs_seamless,h0,18.5,24
2026-01-16,cma_grapes_global,h0,18.0,24
2026-01-16,jma_seamless,h0,19.4,24
2026-01-16,knmi_seamless,h0,20.9,24
2026-01-16,jma_gsm,h0,19.4,24
2026-01-17,gfs_seamless,h24,12.2,24
2026-01-17,cma_grapes_global,h24,8.6,24
2026-01-17,jma_seamless,h24,12.6,24
2026-01-17,knmi_seamless,h24,13.0,24
2026-01-17,jma_gsm,h24,12.6,24
2026-01-17,gfs_seamless,h0,13.2,24
2026-01-17,cma_grapes_global,h0,10.9,24
2026-01-17,jma_seamless,h0,14.4,24
2026-01-17,knmi_seamless,h0,12.4,24
2026-01-17,jma_gsm,h0,14.4,24
2026-01-18,gfs_seamless,h24,17.1,24
2026-01-18,cma_grapes_global,h24,10.5,24
2026-01-18,jma_seamless,h24,14.5,24
2026-01-18,knmi_seamless,h24,16.7,24
2026-01-18,jma_gsm,h24,14.5,24
2026-01-18,gfs_seamless,h0,11.3,24
2026-01-18,cma_grapes_global,h0,11.4,24
2026-01-18,jma_seamless,h0,11.4,24
2026-01-18,knmi_seamless,h0,12.8,24
2026-01-18,jma_gsm,h0,11.4,24
2026-01-19,gfs_seamless,h24,4.0,24
2026-01-19,cma_grapes_global,h24,4.9,24
2026-01-19,jma_seamless,h24,5.9,24
2026-01-19,knmi_seamless,h24,4.6,24
2026-01-19,jma_gsm,h24,5.9,24
2026-01-19,gfs_seamless,h0,3.1,24
2026-01-19,cma_grapes_global,h0,3.7,24
2026-01-19,jma_seamless,h0,3.2,24
2026-01-19,knmi_seamless,h0,2.5,24
2026-01-19,jma_gsm,h0,3.2,24
2026-01-20,gfs_seamless,h24,-1.1,24
2026-01-20,cma_grapes_global,h24,1.0,24
2026-01-20,jma_seamless,h24,-1.0,24
2026-01-20,knmi_seamless,h24,-1.8,24
2026-01-20,jma_gsm,h24,-1.0,24
2026-01-20,gfs_seamless,h0,-0.9,24
2026-01-20,cma_grapes_global,h0,0.1,24
2026-01-20,jma_seamless,h0,-1.6,24
2026-01-20,knmi_seamless,h0,-1.9,24
2026-01-20,jma_gsm,h0,-1.6,24
2026-01-21,gfs_seamless,h24,2.3,24
2026-01-21,cma_grapes_global,h24,3.5,24
2026-01-21,jma_seamless,h24,2.8,24
2026-01-21,knmi_seamless,h24,0.3,24
2026-01-21,jma_gsm,h24,2.8,24
2026-01-21,gfs_seamless,h0,4.3,24
2026-01-21,cma_grapes_global,h0,1.2,24
2026-01-21,jma_seamless,h0,1.9,24
2026-01-21,knmi_seamless,h0,1.6,24
2026-01-21,jma_gsm,h0,1.9,24
2026-01-22,gfs_seamless,h24,6.5,24
2026-01-22,cma_grapes_global,h24,-0.8,8
2026-01-22,jma_seamless,h24,4.5,24
2026-01-22,knmi_seamless,h24,4.9,24
2026-01-22,jma_gsm,h24,4.5,24
2026-01-22,gfs_seamless,h0,3.9,24
2026-01-22,cma_grapes_global,h0,2.2,24
2026-01-22,jma_seamless,h0,3.2,24
2026-01-22,knmi_seamless,h0,4.0,24
2026-01-22,jma_gsm,h0,3.2,24
2026-01-23,gfs_seamless,h24,8.8,24
2026-01-23,jma_seamless,h24,8.5,24
2026-01-23,knmi_seamless,h24,8.4,24
2026-01-23,jma_gsm,h24,8.5,24
2026-01-23,gfs_seamless,h0,6.9,24
2026-01-23,cma_grapes_global,h0,6.5,24
2026-01-23,jma_seamless,h0,6.7,24
2026-01-23,knmi_seamless,h0,6.8,24
2026-01-23,jma_gsm,h0,6.7,24
2026-01-24,gfs_seamless,h24,11.6,24
2026-01-24,jma_seamless,h24,11.4,24
2026-01-24,knmi_seamless,h24,11.7,24
2026-01-24,jma_gsm,h24,11.4,24
2026-01-24,gfs_seamless,h0,11.1,24
2026-01-24,cma_grapes_global,h0,10.1,24
2026-01-24,jma_seamless,h0,10.0,24
2026-01-24,knmi_seamless,h0,10.7,24
2026-01-24,jma_gsm,h0,10.0,24
2026-01-25,gfs_seamless,h24,8.8,24
2026-01-25,jma_seamless,h24,10.6,24
2026-01-25,knmi_seamless,h24,10.5,24
2026-01-25,jma_gsm,h24,10.6,24
2026-01-25,gfs_seamless,h0,8.4,24
2026-01-25,cma_grapes_global,h0,10.0,23
2026-01-25,jma_seamless,h0,8.6,24
2026-01-25,knmi_seamless,h0,8.9,24
2026-01-25,jma_gsm,h0,8.6,24
2026-01-26,gfs_seamless,h24,10.4,24
2026-01-26,jma_seamless,h24,9.1,24
2026-01-26,knmi_seamless,h24,11.6,24
2026-01-26,jma_gsm,h24,9.1,24
2026-01-26,gfs_seamless,h0,8.4,24
2026-01-26,jma_seamless,h0,7.0,24
2026-01-26,knmi_seamless,h0,7.5,24
2026-01-26,jma_gsm,h0,7.0,24
2026-01-26,cma_grapes_global,h0,6.9,19
2026-01-27,gfs_seamless,h24,9.4,24
2026-01-27,jma_seamless,h24,10.3,24
2026-01-27,knmi_seamless,h24,8.1,24
2026-01-27,jma_gsm,h24,10.3,24
2026-01-27,gfs_seamless,h0,8.2,24
2026-01-27,cma_grapes_global,h0,8.1,21
2026-01-27,jma_seamless,h0,9.1,24
2026-01-27,knmi_seamless,h0,7.4,24
2026-01-27,jma_gsm,h0,9.1,24
2026-01-28,gfs_seamless,h24,10.5,24
2026-01-28,jma_seamless,h24,11.3,24
2026-01-28,knmi_seamless,h24,10.6,24
2026-01-28,jma_gsm,h24,11.3,24
2026-01-28,gfs_seamless,h0,10.0,24
2026-01-28,cma_grapes_global,h0,8.2,24
2026-01-28,jma_seamless,h0,10.1,24
2026-01-28,knmi_seamless,h0,9.3,24
2026-01-28,jma_gsm,h0,10.1,24
2026-01-29,gfs_seamless,h24,7.7,24
2026-01-29,jma_seamless,h24,9.2,24
2026-01-29,knmi_seamless,h24,9.2,24
2026-01-29,jma_gsm,h24,9.2,24
2026-01-29,gfs_seamless,h0,7.0,24
2026-01-29,cma_grapes_global,h0,10.0,24
2026-01-29,jma_seamless,h0,7.4,24
2026-01-29,knmi_seamless,h0,8.9,24
2026-01-29,jma_gsm,h0,7.4,24
2026-01-30,gfs_seamless,h24,6.4,24
2026-01-30,jma_seamless,h24,7.3,24
2026-01-30,knmi_seamless,h24,6.3,24
2026-01-30,jma_gsm,h24,7.3,24
2026-01-30,gfs_seamless,h0,5.2,24
2026-01-30,cma_grapes_global,h0,6.0,24
2026-01-30,jma_seamless,h0,6.9,24
2026-01-30,knmi_seamless,h0,5.3,24
2026-01-30,jma_gsm,h0,6.9,24
2026-01-31,gfs_seamless,h24,7.8,24
2026-01-31,jma_seamless,h24,10.0,24
2026-01-31,knmi_seamless,h24,8.2,24
2026-01-31,jma_gsm,h24,10.0,24
2026-01-31,gfs_seamless,h0,6.0,24
2026-01-31,cma_grapes_global,h0,6.8,20
2026-01-31,jma_seamless,h0,8.8,24
2026-01-31,knmi_seamless,h0,6.5,24
2026-01-31,jma_gsm,h0,8.8,24
2026-02-01,gfs_seamless,h24,10.1,24
2026-02-01,jma_seamless,h24,11.5,24
2026-02-01,knmi_seamless,h24,10.6,24
2026-02-01,jma_gsm,h24,11.5,24
2026-02-01,gfs_seamless,h0,10.0,24
2026-02-01,jma_seamless,h0,9.8,24
2026-02-01,knmi_seamless,h0,9.9,24
2026-02-01,jma_gsm,h0,9.8,24
2026-02-01,cma_grapes_global,h0,8.1,19
2026-02-02,gfs_seamless,h24,13.5,24
2026-02-02,jma_seamless,h24,13.5,24
2026-02-02,knmi_seamless,h24,13.5,24
2026-02-02,jma_gsm,h24,13.5,24
2026-02-02,gfs_seamless,h0,13.0,24
2026-02-02,cma_grapes_global,h0,11.0,24
2026-02-02,jma_seamless,h0,12.1,24
2026-02-02,knmi_seamless,h0,12.5,24
2026-02-02,jma_gsm,h0,12.1,24
2026-02-03,gfs_seamless,h24,14.1,24
2026-02-03,jma_seamless,h24,13.6,24
2026-02-03,knmi_seamless,h24,13.2,24
2026-02-03,jma_gsm,h24,13.6,24
2026-02-03,gfs_seamless,h0,14.1,24
2026-02-03,cma_grapes_global,h0,12.1,24
2026-02-03,jma_seamless,h0,13.6,24
2026-02-03,knmi_seamless,h0,12.5,24
2026-02-03,jma_gsm,h0,13.6,24
2026-02-03,cma_grapes_global,h24,11.2,10
2026-02-04,gfs_seamless,h24,11.8,24
2026-02-04,cma_grapes_global,h24,13.2,24
2026-02-04,jma_seamless,h24,15.6,24
2026-02-04,knmi_seamless,h24,15.1,24
2026-02-04,jma_gsm,h24,15.6,24
2026-02-04,gfs_seamless,h0,11.5,24
2026-02-04,cma_grapes_global,h0,12.9,24
2026-02-04,jma_seamless,h0,16.1,24
2026-02-04,knmi_seamless,h0,12.0,24
2026-02-04,jma_gsm,h0,16.1,24
2026-02-05,gfs_seamless,h24,16.5,24
2026-02-05,cma_grapes_global,h24,14.6,24
2026-02-05,jma_seamless,h24,18.6,24
2026-02-05,knmi_seamless,h24,17.4,24
2026-02-05,jma_gsm,h24,18.6,24
2026-02-05,gfs_seamless,h0,14.3,24
2026-02-05,cma_grapes_global,h0,14.0,24
2026-02-05,jma_seamless,h0,17.0,24
2026-02-05,knmi_seamless,h0,16.2,24
2026-02-05,jma_gsm,h0,17.0,24
2026-02-06,gfs_seamless,h24,11.5,24
2026-02-06,cma_grapes_global,h24,9.2,24
2026-02-06,jma_seamless,h24,13.0,24
2026-02-06,knmi_seamless,h24,11.1,24
2026-02-06,jma_gsm,h24,13.0,24
2026-02-06,gfs_seamless,h0,10.9,24
2026-02-06,cma_grapes_global,h0,10.3,24
2026-02-06,jma_seamless,h0,13.1,24
2026-02-06,knmi_seamless,h0,9.8,24
2026-02-06,jma_gsm,h0,13.1,24
2026-02-07,gfs_seamless,h24,8.4,24
2026-02-07,cma_grapes_global,h24,5.8,24
2026-02-07,jma_seamless,h24,8.6,24
2026-02-07,knmi_seamless,h24,8.4,24
2026-02-07,jma_gsm,h24,8.6,24
2026-02-07,gfs_seamless,h0,8.4,24
2026-02-07,cma_grapes_global,h0,7.1,24
2026-02-07,jma_seamless,h0,8.4,24
2026-02-07,knmi_seamless,h0,8.8,24
2026-02-07,jma_gsm,h0,8.4,24
2026-02-08,gfs_seamless,h24,8.7,24
2026-02-08,cma_grapes_global,h24,6.9,24
2026-02-08,jma_seamless,h24,9.1,24
2026-02-08,knmi_seamless,h24,8.6,24
2026-02-08,jma_gsm,h24,9.1,24
2026-02-08,gfs_seamless,h0,8.2,24
2026-02-08,cma_grapes_global,h0,7.3,24
2026-02-08,jma_seamless,h0,8.4,24
2026-02-08,knmi_seamless,h0,8.3,24
2026-02-08,jma_gsm,h0,8.4,24
2026-02-09,gfs_seamless,h24,4.9,24
2026-02-09,cma_grapes_global,h24,5.6,24
2026-02-09,jma_seamless,h24,6.1,24
2026-02-09,knmi_seamless,h24,7.0,24
2026-02-09,jma_gsm,h24,6.1,24
2026-02-09,gfs_seamless,h0,4.6,24
2026-02-09,cma_grapes_global,h0,7.5,24
2026-02-09,jma_seamless,h0,6.8,24
2026-02-09,knmi_seamless,h0,5.6,24
2026-02-09,jma_gsm,h0,6.8,24
2026-02-10,gfs_seamless,h24,12.0,24
2026-02-10,cma_grapes_global,h24,11.1,24
2026-02-10,jma_seamless,h24,12.7,24
2026-02-10,knmi_seamless,h24,13.6,24
2026-02-10,jma_gsm,h24,12.7,24
2026-02-10,gfs_seamless,h0,11.3,24
2026-02-10,cma_grapes_global,h0,9.7,24
2026-02-10,jma_seamless,h0,10.6,24
2026-02-10,knmi_seamless,h0,11.2,24
2026-02-10,jma_gsm,h0,10.6,24
2026-02-11,gfs_seamless,h24,14.2,24
2026-02-11,cma_grapes_global,h24,11.6,24
2026-02-11,jma_seamless,h24,14.6,24
2026-02-11,knmi_seamless,h24,14.1,24
2026-02-11,jma_gsm,h24,14.6,24
2026-02-11,gfs_seamless,h0,13.2,24
2026-02-11,cma_grapes_global,h0,11.2,24
2026-02-11,jma_seamless,h0,13.4,24
2026-02-11,knmi_seamless,h0,12.7,24
2026-02-11,jma_gsm,h0,13.4,24
2026-02-12,gfs_seamless,h24,16.3,24
2026-02-12,cma_grapes_global,h24,12.9,24
2026-02-12,jma_seamless,h24,16.6,24
2026-02-12,knmi_seamless,h24,16.6,24
2026-02-12,jma_gsm,h24,16.6,24
2026-02-12,gfs_seamless,h0,16.1,24
2026-02-12,cma_grapes_global,h0,14.1,24
2026-02-12,jma_seamless,h0,16.5,24
2026-02-12,knmi_seamless,h0,16.2,24
2026-02-12,jma_gsm,h0,16.5,24
2026-02-13,gfs_seamless,h24,18.0,24
2026-02-13,cma_grapes_global,h24,14.9,24
2026-02-13,jma_seamless,h24,18.6,24
2026-02-13,knmi_seamless,h24,18.2,24
2026-02-13,jma_gsm,h24,18.6,24
2026-02-13,gfs_seamless,h0,17.6,24
2026-02-13,cma_grapes_global,h0,15.6,24
2026-02-13,jma_seamless,h0,17.6,24
2026-02-13,knmi_seamless,h0,17.7,24
2026-02-13,jma_gsm,h0,17.6,24
2026-02-14,gfs_seamless,h24,21.4,24
2026-02-14,cma_grapes_global,h24,17.4,24
2026-02-14,jma_seamless,h24,20.6,24
2026-02-14,knmi_seamless,h24,20.9,24
2026-02-14,jma_gsm,h24,20.6,24
2026-02-14,gfs_seamless,h0,21.3,24
2026-02-14,cma_grapes_global,h0,18.5,24
2026-02-14,jma_seamless,h0,19.4,24
2026-02-14,knmi_seamless,h0,20.6,24
2026-02-14,jma_gsm,h0,19.4,24
2026-02-15,gfs_seamless,h24,18.1,24
2026-02-15,cma_grapes_global,h24,14.5,24
2026-02-15,jma_seamless,h24,15.7,24
2026-02-15,knmi_seamless,h24,16.4,24
2026-02-15,jma_gsm,h24,15.7,24
2026-02-15,gfs_seamless,h0,18.8,24
2026-02-15,cma_grapes_global,h0,16.8,24
2026-02-15,jma_seamless,h0,15.9,24
2026-02-15,knmi_seamless,h0,18.9,24
2026-02-15,jma_gsm,h0,15.9,24
2026-02-16,gfs_seamless,h24,5.3,24
2026-02-16,cma_grapes_global,h24,4.7,24
2026-02-16,jma_seamless,h24,6.7,24
2026-02-16,knmi_seamless,h24,6.9,24
2026-02-16,jma_gsm,h24,6.7,24
2026-02-16,gfs_seamless,h0,4.2,24
2026-02-16,cma_grapes_global,h0,5.7,24
2026-02-16,jma_seamless,h0,6.0,24
2026-02-16,knmi_seamless,h0,5.7,24
2026-02-16,jma_gsm,h0,6.0,24
2026-02-17,gfs_seamless,h24,9.0,24
2026-02-17,cma_grapes_global,h24,7.7,24
2026-02-17,jma_seamless,h24,10.7,24
2026-02-17,knmi_seamless,h24,9.4,24
2026-02-17,jma_gsm,h24,10.7,24
2026-02-17,gfs_seamless,h0,8.8,24
2026-02-17,cma_grapes_global,h0,7.0,24
2026-02-17,jma_seamless,h0,8.1,24
2026-02-17,knmi_seamless,h0,7.8,24
2026-02-17,jma_gsm,h0,8.1,24
2026-02-18,gfs_seamless,h24,13.7,24
2026-02-18,cma_grapes_global,h24,11.2,24
2026-02-18,jma_seamless,h24,14.7,24
2026-02-18,knmi_seamless,h24,13.4,24
2026-02-18,jma_gsm,h24,14.7,24
2026-02-18,gfs_seamless,h0,12.2,24
2026-02-18,cma_grapes_global,h0,11.0,24
2026-02-18,jma_seamless,h0,12.0,24
2026-02-18,knmi_seamless,h0,12.6,24
2026-02-18,jma_gsm,h0,12.0,24
2026-02-19,gfs_seamless,h24,16.8,24
2026-02-19,cma_grapes_global,h24,14.0,24
2026-02-19,jma_seamless,h24,16.5,24
2026-02-19,knmi_seamless,h24,16.8,24
2026-02-19,jma_gsm,h24,16.5,24
2026-02-19,gfs_seamless,h0,16.4,24
2026-02-19,cma_grapes_global,h0,14.4,24
2026-02-19,jma_seamless,h0,16.5,24
2026-02-19,knmi_seamless,h0,16.7,24
2026-02-19,jma_gsm,h0,16.5,24
2026-02-20,gfs_seamless,h24,19.2,24
2026-02-20,cma_grapes_global,h24,16.5,24
2026-02-20,jma_seamless,h24,20.9,24
2026-02-20,knmi_seamless,h24,20.4,24
2026-02-20,jma_gsm,h24,20.9,24
2026-02-20,gfs_seamless,h0,19.0,24
2026-02-20,cma_grapes_global,h0,17.4,24
2026-02-20,jma_seamless,h0,19.4,24
2026-02-20,knmi_seamless,h0,18.8,24
2026-02-20,jma_gsm,h0,19.4,24
2026-02-21,gfs_seamless,h24,23.6,24
2026-02-21,cma_grapes_global,h24,19.1,24
2026-02-21,jma_seamless,h24,23.4,24
2026-02-21,knmi_seamless,h24,23.8,24
2026-02-21,jma_gsm,h24,23.4,24
2026-02-21,gfs_seamless,h0,23.4,24
2026-02-21,cma_grapes_global,h0,20.8,24
2026-02-21,jma_seamless,h0,23.3,24
2026-02-21,knmi_seamless,h0,23.5,24
2026-02-21,jma_gsm,h0,23.3,24
2026-02-22,gfs_seamless,h24,22.9,24
2026-02-22,cma_grapes_global,h24,17.1,24
2026-02-22,jma_seamless,h24,22.0,24
2026-02-22,knmi_seamless,h24,21.8,24
2026-02-22,jma_gsm,h24,22.0,24
2026-02-22,gfs_seamless,h0,24.0,24
2026-02-22,cma_grapes_global,h0,22.0,24
2026-02-22,jma_seamless,h0,23.6,24
2026-02-22,knmi_seamless,h0,23.6,24
2026-02-22,jma_gsm,h0,23.6,24
2026-02-23,gfs_seamless,h24,14.7,24
2026-02-23,cma_grapes_global,h24,15.7,24
2026-02-23,jma_seamless,h24,19.0,24
2026-02-23,knmi_seamless,h24,13.8,24
2026-02-23,jma_gsm,h24,19.0,24
2026-02-23,gfs_seamless,h0,15.5,24
2026-02-23,cma_grapes_global,h0,16.0,24
2026-02-23,jma_seamless,h0,15.5,24
2026-02-23,knmi_seamless,h0,14.1,24
2026-02-23,jma_gsm,h0,15.5,24
2026-02-24,gfs_seamless,h24,12.4,24
2026-02-24,cma_grapes_global,h24,13.1,24
2026-02-24,jma_seamless,h24,14.1,24
2026-02-24,knmi_seamless,h24,15.2,24
2026-02-24,jma_gsm,h24,14.1,24
2026-02-24,gfs_seamless,h0,11.3,24
2026-02-24,cma_grapes_global,h0,10.7,24
2026-02-24,jma_seamless,h0,13.3,24
2026-02-24,knmi_seamless,h0,12.8,24
2026-02-24,jma_gsm,h0,13.3,24
2026-02-25,gfs_seamless,h24,16.7,24
2026-02-25,cma_grapes_global,h24,13.8,24
2026-02-25,jma_seamless,h24,18.0,24
2026-02-25,knmi_seamless,h24,16.3,24
2026-02-25,jma_gsm,h24,18.0,24
2026-02-25,gfs_seamless,h0,16.0,24
2026-02-25,cma_grapes_global,h0,13.2,24
2026-02-25,jma_seamless,h0,15.3,24
2026-02-25,knmi_seamless,h0,14.3,24
2026-02-25,jma_gsm,h0,15.3,24
2026-02-26,gfs_seamless,h24,13.9,24
2026-02-26,cma_grapes_global,h24,13.3,24
2026-02-26,jma_seamless,h24,13.4,24
2026-02-26,knmi_seamless,h24,14.5,24
2026-02-26,jma_gsm,h24,13.4,24
2026-02-26,gfs_seamless,h0,13.1,24
2026-02-26,cma_grapes_global,h0,13.4,24
2026-02-26,jma_seamless,h0,14.3,24
2026-02-26,knmi_seamless,h0,13.4,24
2026-02-26,jma_gsm,h0,14.3,24
2026-02-27,gfs_seamless,h24,13.7,24
2026-02-27,cma_grapes_global,h24,13.4,24
2026-02-27,jma_seamless,h24,15.8,24
2026-02-27,knmi_seamless,h24,14.7,24
2026-02-27,jma_gsm,h24,15.8,24
2026-02-27,gfs_seamless,h0,12.8,24
2026-02-27,cma_grapes_global,h0,12.3,24
2026-02-27,jma_seamless,h0,15.3,24
2026-02-27,knmi_seamless,h0,13.7,24
2026-02-27,jma_gsm,h0,15.3,24
2026-02-28,gfs_seamless,h24,15.2,24
2026-02-28,cma_grapes_global,h24,14.4,24
2026-02-28,jma_seamless,h24,15.5,24
2026-02-28,knmi_seamless,h24,15.2,24
2026-02-28,jma_gsm,h24,15.5,24
2026-02-28,gfs_seamless,h0,13.9,24
2026-02-28,cma_grapes_global,h0,15.3,24
2026-02-28,jma_seamless,h0,15.6,24
2026-02-28,knmi_seamless,h0,15.3,24
2026-02-28,jma_gsm,h0,15.6,24
2026-03-01,gfs_seamless,h24,11.9,24
2026-03-01,cma_grapes_global,h24,12.4,24
2026-03-01,jma_seamless,h24,12.0,24
2026-03-01,knmi_seamless,h24,11.5,24
2026-03-01,jma_gsm,h24,12.0,24
2026-03-01,gfs_seamless,h0,11.9,24
2026-03-01,cma_grapes_global,h0,11.1,24
2026-03-01,jma_seamless,h0,11.8,24
2026-03-01,knmi_seamless,h0,11.6,24
2026-03-01,jma_gsm,h0,11.8,24
2026-03-02,gfs_seamless,h24,6.9,24
2026-03-02,cma_grapes_global,h24,11.6,24
2026-03-02,jma_seamless,h24,12.0,24
2026-03-02,knmi_seamless,h24,10.5,24
2026-03-02,jma_gsm,h24,12.0,24
2026-03-02,gfs_seamless,h0,7.4,24
2026-03-02,cma_grapes_global,h0,9.6,24
2026-03-02,jma_seamless,h0,11.1,24
2026-03-02,knmi_seamless,h0,9.4,24
2026-03-02,jma_gsm,h0,11.1,24
2026-03-03,gfs_seamless,h24,13.7,24
2026-03-03,cma_grapes_global,h24,12.5,24
2026-03-03,jma_seamless,h24,14.6,24
2026-03-03,knmi_seamless,h24,14.9,24
2026-03-03,jma_gsm,h24,14.6,24
2026-03-03,gfs_seamless,h0,13.7,24
2026-03-03,cma_grapes_global,h0,11.7,24
2026-03-03,jma_seamless,h0,14.1,24
2026-03-03,knmi_seamless,h0,12.9,24
2026-03-03,jma_gsm,h0,14.1,24
2026-03-04,gfs_seamless,h24,16.1,24
2026-03-04,cma_grapes_global,h24,13.1,24
2026-03-04,jma_seamless,h24,17.3,24
2026-03-04,knmi_seamless,h24,15.7,24
2026-03-04,jma_gsm,h24,17.3,24
2026-03-04,gfs_seamless,h0,14.2,24
2026-03-04,cma_grapes_global,h0,12.4,24
2026-03-04,jma_seamless,h0,15.3,24
2026-03-04,knmi_seamless,h0,13.8,24
2026-03-04,jma_gsm,h0,15.3,24
2026-03-05,gfs_seamless,h24,16.2,24
2026-03-05,cma_grapes_global,h24,13.6,24
2026-03-05,jma_seamless,h24,18.2,24
2026-03-05,knmi_seamless,h24,16.7,24
2026-03-05,jma_gsm,h24,18.2,24
2026-03-05,gfs_seamless,h0,16.0,24
2026-03-05,cma_grapes_global,h0,13.5,24
2026-03-05,jma_seamless,h0,15.5,24
2026-03-05,knmi_seamless,h0,15.5,24
2026-03-05,jma_gsm,h0,15.5,24
2026-03-06,gfs_seamless,h24,16.6,24
2026-03-06,cma_grapes_global,h24,14.0,24
2026-03-06,jma_seamless,h24,17.9,24
2026-03-06,knmi_seamless,h24,15.2,24
2026-03-06,jma_gsm,h24,17.9,24
2026-03-06,gfs_seamless,h0,15.0,24
2026-03-06,cma_grapes_global,h0,13.0,24
2026-03-06,jma_seamless,h0,15.7,24
2026-03-06,knmi_seamless,h0,14.4,24
2026-03-06,jma_gsm,h0,15.7,24
2026-03-07,gfs_seamless,h24,14.8,24
2026-03-07,cma_grapes_global,h24,12.8,24
2026-03-07,jma_seamless,h24,17.0,24
2026-03-07,knmi_seamless,h24,15.9,24
2026-03-07,jma_gsm,h24,17.0,24
2026-03-07,gfs_seamless,h0,15.1,24
2026-03-07,cma_grapes_global,h0,13.8,24
2026-03-07,jma_seamless,h0,16.3,24
2026-03-07,knmi_seamless,h0,15.7,24
2026-03-07,jma_gsm,h0,16.3,24
2026-03-08,gfs_seamless,h24,13.8,24
2026-03-08,cma_grapes_global,h24,14.2,24
2026-03-08,jma_seamless,h24,17.4,24
2026-03-08,knmi_seamless,h24,16.0,24
2026-03-08,jma_gsm,h24,17.4,24
2026-03-08,gfs_seamless,h0,13.7,24
2026-03-08,cma_grapes_global,h0,13.8,24
2026-03-08,jma_seamless,h0,15.8,24
2026-03-08,knmi_seamless,h0,14.7,24
2026-03-08,jma_gsm,h0,15.8,24
2026-03-09,gfs_seamless,h24,17.0,24
2026-03-09,cma_grapes_global,h24,15.2,24
2026-03-09,jma_seamless,h24,17.9,24
2026-03-09,knmi_seamless,h24,17.5,24
2026-03-09,jma_gsm,h24,17.9,24
2026-03-09,gfs_seamless,h0,16.1,24
2026-03-09,cma_grapes_global,h0,14.9,24
2026-03-09,jma_seamless,h0,17.2,24
2026-03-09,knmi_seamless,h0,16.9,24
2026-03-09,jma_gsm,h0,17.2,24
2026-03-10,gfs_seamless,h24,18.7,24
2026-03-10,cma_grapes_global,h24,15.5,24
2026-03-10,jma_seamless,h24,19.6,24
2026-03-10,knmi_seamless,h24,18.3,24
2026-03-10,jma_gsm,h24,19.6,24
2026-03-10,gfs_seamless,h0,18.6,24
2026-03-10,cma_grapes_global,h0,16.7,24
2026-03-10,jma_seamless,h0,19.6,24
2026-03-10,knmi_seamless,h0,18.0,24
2026-03-10,jma_gsm,h0,19.6,24
2026-03-11,gfs_seamless,h24,21.0,24
2026-03-11,cma_grapes_global,h24,17.6,24
2026-03-11,jma_seamless,h24,19.7,24
2026-03-11,knmi_seamless,h24,20.1,24
2026-03-11,jma_gsm,h24,19.7,24
2026-03-11,gfs_seamless,h0,20.7,24
2026-03-11,cma_grapes_global,h0,18.7,24
2026-03-11,jma_seamless,h0,19.8,24
2026-03-11,knmi_seamless,h0,20.5,24
2026-03-11,jma_gsm,h0,19.8,24
2026-03-12,gfs_seamless,h24,20.4,24
2026-03-12,cma_grapes_global,h24,17.7,24
2026-03-12,jma_seamless,h24,20.5,24
2026-03-12,knmi_seamless,h24,20.0,24
2026-03-12,jma_gsm,h24,20.5,24
2026-03-12,gfs_seamless,h0,20.7,24
2026-03-12,cma_grapes_global,h0,18.2,24
2026-03-12,jma_seamless,h0,20.8,24
2026-03-12,knmi_seamless,h0,20.5,24
2026-03-12,jma_gsm,h0,20.8,24
2026-03-13,gfs_seamless,h24,20.0,24
2026-03-13,cma_grapes_global,h24,15.6,24
2026-03-13,jma_seamless,h24,19.7,24
2026-03-13,knmi_seamless,h24,18.5,24
2026-03-13,jma_gsm,h24,19.7,24
2026-03-13,gfs_seamless,h0,20.4,24
2026-03-13,cma_grapes_global,h0,18.5,24
2026-03-13,jma_seamless,h0,20.5,24
2026-03-13,knmi_seamless,h0,19.4,24
2026-03-13,jma_gsm,h0,20.5,24
2026-03-14,gfs_seamless,h24,22.2,24
2026-03-14,cma_grapes_global,h24,18.1,24
2026-03-14,jma_seamless,h24,22.3,24
2026-03-14,knmi_seamless,h24,21.7,24
2026-03-14,jma_gsm,h24,22.3,24
2026-03-14,gfs_seamless,h0,22.5,24
2026-03-14,cma_grapes_global,h0,20.0,24
2026-03-14,jma_seamless,h0,22.8,24
2026-03-14,knmi_seamless,h0,21.9,24
2026-03-14,jma_gsm,h0,22.8,24
2026-03-15,gfs_seamless,h24,12.6,24
2026-03-15,cma_grapes_global,h24,13.5,24
2026-03-15,jma_seamless,h24,15.5,24
2026-03-15,knmi_seamless,h24,13.0,24
2026-03-15,jma_gsm,h24,15.5,24
2026-03-15,gfs_seamless,h0,12.1,24
2026-03-15,cma_grapes_global,h0,11.2,24
2026-03-15,jma_seamless,h0,12.6,24
2026-03-15,knmi_seamless,h0,11.9,24
2026-03-15,jma_gsm,h0,12.6,24
2026-03-16,gfs_seamless,h24,8.8,24
2026-03-16,cma_grapes_global,h24,12.5,24
2026-03-16,jma_seamless,h24,15.4,24
2026-03-16,knmi_seamless,h24,10.7,24
2026-03-16,jma_gsm,h24,15.4,24
2026-03-16,gfs_seamless,h0,8.8,24
2026-03-16,cma_grapes_global,h0,11.4,24
2026-03-16,jma_seamless,h0,11.9,24
2026-03-16,knmi_seamless,h0,10.5,24
2026-03-16,jma_gsm,h0,11.9,24
2026-03-17,gfs_seamless,h24,9.5,24
2026-03-17,cma_grapes_global,h24,12.7,24
2026-03-17,jma_seamless,h24,12.8,24
2026-03-17,knmi_seamless,h24,11.7,24
2026-03-17,jma_gsm,h24,12.8,24
2026-03-17,gfs_seamless,h0,9.5,24
2026-03-17,cma_grapes_global,h0,12.4,24
2026-03-17,jma_seamless,h0,12.1,24
2026-03-17,knmi_seamless,h0,11.7,24
2026-03-17,jma_gsm,h0,12.1,24
2026-03-18,gfs_seamless,h24,11.6,24
2026-03-18,cma_grapes_global,h24,15.3,24
2026-03-18,jma_seamless,h24,16.2,24
2026-03-18,knmi_seamless,h24,16.9,24
2026-03-18,jma_gsm,h24,16.2,24
2026-03-18,gfs_seamless,h0,15.6,24
2026-03-18,cma_grapes_global,h0,15.4,24
2026-03-18,jma_seamless,h0,16.9,24
2026-03-18,knmi_seamless,h0,14.6,24
2026-03-18,jma_gsm,h0,16.9,24
2026-03-19,gfs_seamless,h24,14.4,24
2026-03-19,cma_grapes_global,h24,15.5,24
2026-03-19,jma_seamless,h24,17.6,24
2026-03-19,knmi_seamless,h24,17.3,24
2026-03-19,jma_gsm,h24,17.6,24
2026-03-19,gfs_seamless,h0,16.5,24
2026-03-19,cma_grapes_global,h0,15.2,24
2026-03-19,jma_seamless,h0,17.4,24
2026-03-19,knmi_seamless,h0,15.6,24
2026-03-19,jma_gsm,h0,17.4,24
2026-03-20,gfs_seamless,h24,13.0,24
2026-03-20,cma_grapes_global,h24,18.0,24
2026-03-20,jma_seamless,h24,19.6,24
2026-03-20,knmi_seamless,h24,18.8,24
2026-03-20,jma_gsm,h24,19.6,24
2026-03-20,gfs_seamless,h0,13.7,24
2026-03-20,cma_grapes_global,h0,14.5,24
2026-03-20,jma_seamless,h0,18.8,24
2026-03-20,knmi_seamless,h0,14.1,24
2026-03-20,jma_gsm,h0,18.8,24
2026-03-21,icon_seamless,h24,17.6,24
2026-03-21,ukmo_seamless,h24,17.6,24
2026-03-21,meteofrance_seamless,h24,18.1,24
2026-03-21,gem_seamless,h24,18.7,24
2026-03-21,ecmwf_ifs025,h24,18.2,24
2026-03-21,ecmwf_aifs025_single,h24,16.4,24
2026-03-21,icon_seamless,h0,17.3,24
2026-03-21,ukmo_seamless,h0,17.0,24
2026-03-21,meteofrance_seamless,h0,18.2,24
2026-03-21,gem_seamless,h0,18.5,24
2026-03-21,ecmwf_ifs025,h0,18.4,24
2026-03-21,ecmwf_aifs025_single,h0,17.6,24
2026-03-22,icon_seamless,h24,19.2,24
2026-03-22,ukmo_seamless,h24,18.3,24
2026-03-22,meteofrance_seamless,h24,20.7,24
2026-03-22,gem_seamless,h24,20.4,24
2026-03-22,ecmwf_ifs025,h24,21.9,24
2026-03-22,ecmwf_aifs025_single,h24,18.6,24
2026-03-22,icon_seamless,h0,19.0,24
2026-03-22,ukmo_seamless,h0,17.9,24
2026-03-22,meteofrance_seamless,h0,19.9,24
2026-03-22,gem_seamless,h0,20.1,24
2026-03-22,ecmwf_ifs025,h0,19.0,24
2026-03-22,ecmwf_aifs025_single,h0,19.0,24
2026-03-23,icon_seamless,h24,16.4,24
2026-03-23,ukmo_seamless,h24,17.9,24
2026-03-23,meteofrance_seamless,h24,15.9,24
2026-03-23,gem_seamless,h24,16.5,24
2026-03-23,ecmwf_ifs025,h24,18.0,24
2026-03-23,ecmwf_aifs025_single,h24,15.5,24
2026-03-23,icon_seamless,h0,16.8,24
2026-03-23,ukmo_seamless,h0,18.8,24
2026-03-23,meteofrance_seamless,h0,17.1,24
2026-03-23,gem_seamless,h0,17.3,24
2026-03-23,ecmwf_ifs025,h0,17.6,24
2026-03-23,ecmwf_aifs025_single,h0,17.3,24
2026-03-24,icon_seamless,h24,18.6,24
2026-03-24,ukmo_seamless,h24,20.3,24
2026-03-24,meteofrance_seamless,h24,19.1,24
2026-03-24,gem_seamless,h24,18.2,24
2026-03-24,ecmwf_ifs025,h24,20.7,24
2026-03-24,ecmwf_aifs025_single,h24,16.7,24
2026-03-24,icon_seamless,h0,17.2,24
2026-03-24,ukmo_seamless,h0,19.3,24
2026-03-24,meteofrance_seamless,h0,18.3,24
2026-03-24,gem_seamless,h0,19.2,24
2026-03-24,ecmwf_ifs025,h0,18.2,24
2026-03-24,ecmwf_aifs025_single,h0,17.7,24
2026-03-25,icon_seamless,h24,20.0,24
2026-03-25,ukmo_seamless,h24,20.5,24
2026-03-25,meteofrance_seamless,h24,21.5,24
2026-03-25,gem_seamless,h24,20.1,24
2026-03-25,ecmwf_ifs025,h24,20.9,24
2026-03-25,ecmwf_aifs025_single,h24,20.0,24
2026-03-25,icon_seamless,h0,20.4,24
2026-03-25,ukmo_seamless,h0,19.7,24
2026-03-25,meteofrance_seamless,h0,20.3,24
2026-03-25,gem_seamless,h0,20.7,24
2026-03-25,ecmwf_ifs025,h0,20.8,24
2026-03-25,ecmwf_aifs025_single,h0,20.3,24
2026-03-26,icon_seamless,h24,17.7,24
2026-03-26,ukmo_seamless,h24,20.6,24
2026-03-26,meteofrance_seamless,h24,17.4,24
2026-03-26,gem_seamless,h24,17.6,24
2026-03-26,ecmwf_ifs025,h24,20.3,24
2026-03-26,ecmwf_aifs025_single,h24,18.1,24
2026-03-26,icon_seamless,h0,17.1,24
2026-03-26,ukmo_seamless,h0,19.7,24
2026-03-26,meteofrance_seamless,h0,17.2,24
2026-03-26,gem_seamless,h0,18.8,24
2026-03-26,ecmwf_ifs025,h0,17.9,24
2026-03-26,ecmwf_aifs025_single,h0,18.1,24
2026-03-27,icon_seamless,h24,21.6,24
2026-03-27,ukmo_seamless,h24,22.4,24
2026-03-27,meteofrance_seamless,h24,23.8,24
2026-03-27,gem_seamless,h24,22.3,24
2026-03-27,ecmwf_ifs025,h24,22.8,24
2026-03-27,ecmwf_aifs025_single,h24,21.7,24
2026-03-27,icon_seamless,h0,21.9,24
2026-03-27,ukmo_seamless,h0,22.0,24
2026-03-27,meteofrance_seamless,h0,22.5,24
2026-03-27,gem_seamless,h0,22.0,24
2026-03-27,ecmwf_ifs025,h0,22.8,24
2026-03-27,ecmwf_aifs025_single,h0,22.8,24
2026-03-28,icon_seamless,h24,22.6,24
2026-03-28,ukmo_seamless,h24,21.6,24
2026-03-28,meteofrance_seamless,h24,24.2,24
2026-03-28,gem_seamless,h24,22.1,24
2026-03-28,ecmwf_ifs025,h24,23.1,24
2026-03-28,ecmwf_aifs025_single,h24,22.5,24
2026-03-28,icon_seamless,h0,22.3,24
2026-03-28,ukmo_seamless,h0,22.2,24
2026-03-28,meteofrance_seamless,h0,24.0,24
2026-03-28,gem_seamless,h0,22.4,24
2026-03-28,ecmwf_ifs025,h0,22.3,24
2026-03-28,ecmwf_aifs025_single,h0,22.6,24
2026-03-29,icon_seamless,h24,21.7,24
2026-03-29,ukmo_seamless,h24,22.4,24
2026-03-29,meteofrance_seamless,h24,23.6,24
2026-03-29,gem_seamless,h24,21.1,24
2026-03-29,ecmwf_ifs025,h24,22.4,24
2026-03-29,ecmwf_aifs025_single,h24,21.4,24
2026-03-29,icon_seamless,h0,22.2,24
2026-03-29,ukmo_seamless,h0,21.7,24
2026-03-29,meteofrance_seamless,h0,23.6,24
2026-03-29,gem_seamless,h0,21.8,24
2026-03-29,ecmwf_ifs025,h0,21.8,24
2026-03-29,ecmwf_aifs025_single,h0,22.0,24
2026-03-30,icon_seamless,h24,17.8,24
2026-03-30,ukmo_seamless,h24,18.0,24
2026-03-30,meteofrance_seamless,h24,18.9,24
2026-03-30,gem_seamless,h24,16.0,24
2026-03-30,ecmwf_ifs025,h24,19.3,24
2026-03-30,ecmwf_aifs025_single,h24,16.6,24
2026-03-30,icon_seamless,h0,16.7,24
2026-03-30,ukmo_seamless,h0,17.5,24
2026-03-30,meteofrance_seamless,h0,18.3,24
2026-03-30,gem_seamless,h0,16.9,24
2026-03-30,ecmwf_ifs025,h0,17.3,24
2026-03-30,ecmwf_aifs025_single,h0,16.6,24
2026-03-31,icon_seamless,h24,18.0,24
2026-03-31,ukmo_seamless,h24,17.6,24
2026-03-31,meteofrance_seamless,h24,19.6,24
2026-03-31,gem_seamless,h24,17.8,24
2026-03-31,ecmwf_ifs025,h24,20.0,24
2026-03-31,ecmwf_aifs025_single,h24,17.6,24
2026-03-31,icon_seamless,h0,18.7,24
2026-03-31,ukmo_seamless,h0,18.4,24
2026-03-31,meteofrance_seamless,h0,19.1,24
2026-03-31,gem_seamless,h0,19.4,24
2026-03-31,ecmwf_ifs025,h0,19.4,24
2026-03-31,ecmwf_aifs025_single,h0,19.0,24
2026-04-01,icon_seamless,h24,23.1,24
2026-04-01,ukmo_seamless,h24,22.9,24
2026-04-01,meteofrance_seamless,h24,24.4,24
2026-04-01,gem_seamless,h24,23.4,24
2026-04-01,ecmwf_ifs025,h24,22.9,24
2026-04-01,ecmwf_aifs025_single,h24,22.1,24
2026-04-01,icon_seamless,h0,23.2,24
2026-04-01,ukmo_seamless,h0,22.1,24
2026-04-01,meteofrance_seamless,h0,24.3,24
2026-04-01,gem_seamless,h0,22.8,24
2026-04-01,ecmwf_ifs025,h0,22.5,24
2026-04-01,ecmwf_aifs025_single,h0,23.0,24
2026-04-02,icon_seamless,h24,19.0,24
2026-04-02,ukmo_seamless,h24,21.9,24
2026-04-02,meteofrance_seamless,h24,20.3,24
2026-04-02,gem_seamless,h24,20.0,24
2026-04-02,ecmwf_ifs025,h24,20.8,24
2026-04-02,ecmwf_aifs025_single,h24,20.3,24
2026-04-02,icon_seamless,h0,19.5,24
2026-04-02,ukmo_seamless,h0,20.0,24
2026-04-02,meteofrance_seamless,h0,22.0,24
2026-04-02,gem_seamless,h0,20.7,24
2026-04-02,ecmwf_ifs025,h0,19.3,24
2026-04-02,ecmwf_aifs025_single,h0,18.2,24
2026-04-03,icon_seamless,h24,20.7,24
2026-04-03,ukmo_seamless,h24,19.3,24
2026-04-03,meteofrance_seamless,h24,20.8,24
2026-04-03,gem_seamless,h24,20.9,24
2026-04-03,ecmwf_ifs025,h24,20.9,24
2026-04-03,ecmwf_aifs025_single,h24,18.8,24
2026-04-03,icon_seamless,h0,19.1,24
2026-04-03,ukmo_seamless,h0,17.7,24
2026-04-03,meteofrance_seamless,h0,19.4,24
2026-04-03,gem_seamless,h0,20.3,24
2026-04-03,ecmwf_ifs025,h0,19.7,24
2026-04-03,ecmwf_aifs025_single,h0,18.6,24
2026-04-04,icon_seamless,h24,23.6,24
2026-04-04,ukmo_seamless,h24,21.3,24
2026-04-04,meteofrance_seamless,h24,24.7,24
2026-04-04,gem_seamless,h24,23.5,24
2026-04-04,ecmwf_ifs025,h24,23.4,24
2026-04-04,ecmwf_aifs025_single,h24,22.7,24
2026-04-04,icon_seamless,h0,24.6,24
2026-04-04,ukmo_seamless,h0,23.8,24
2026-04-04,meteofrance_seamless,h0,25.9,24
2026-04-04,gem_seamless,h0,24.4,24
2026-04-04,ecmwf_ifs025,h0,23.9,24
2026-04-04,ecmwf_aifs025_single,h0,24.3,24
2026-04-05,icon_seamless,h24,24.8,24
2026-04-05,ukmo_seamless,h24,26.6,24
2026-04-05,meteofrance_seamless,h24,28.3,24
2026-04-05,gem_seamless,h24,23.5,24
2026-04-05,ecmwf_ifs025,h24,26.0,24
2026-04-05,ecmwf_aifs025_single,h24,23.7,24
2026-04-05,icon_seamless,h0,26.1,24
2026-04-05,ukmo_seamless,h0,26.2,24
2026-04-05,meteofrance_seamless,h0,28.2,24
2026-04-05,gem_seamless,h0,23.6,24
2026-04-05,ecmwf_ifs025,h0,24.4,24
2026-04-05,ecmwf_aifs025_single,h0,24.5,24
2026-04-06,icon_seamless,h24,22.2,24
2026-04-06,ukmo_seamless,h24,25.1,24
2026-04-06,meteofrance_seamless,h24,26.4,24
2026-04-06,gem_seamless,h24,25.0,24
2026-04-06,ecmwf_ifs025,h24,23.9,24
2026-04-06,ecmwf_aifs025_single,h24,23.8,24
2026-04-06,icon_seamless,h0,23.3,24
2026-04-06,ukmo_seamless,h0,21.7,24
2026-04-06,meteofrance_seamless,h0,26.4,24
2026-04-06,gem_seamless,h0,24.1,24
2026-04-06,ecmwf_ifs025,h0,22.8,24
2026-04-06,ecmwf_aifs025_single,h0,22.8,24
2026-04-07,icon_seamless,h24,20.6,24
2026-04-07,ukmo_seamless,h24,26.4,24
2026-04-07,meteofrance_seamless,h24,22.5,9
2026-04-07,gem_seamless,h24,24.6,24
2026-04-07,ecmwf_ifs025,h24,25.4,24
2026-04-07,ecmwf_aifs025_single,h24,23.5,24
2026-04-07,icon_seamless,h0,24.1,24
2026-04-07,ukmo_seamless,h0,25.2,24
2026-04-07,meteofrance_seamless,h0,26.0,24
2026-04-07,gem_seamless,h0,25.2,24
2026-04-07,ecmwf_ifs025,h0,24.9,24
2026-04-07,ecmwf_aifs025_single,h0,25.5,24
2026-04-08,icon_seamless,h24,18.1,24
2026-04-08,ukmo_seamless,h24,23.1,24
2026-04-08,gem_seamless,h24,20.6,24
2026-04-08,ecmwf_ifs025,h24,21.2,24
2026-04-08,ecmwf_aifs025_single,h24,19.4,24
2026-04-08,icon_seamless,h0,21.2,24
2026-04-08,ukmo_seamless,h0,22.9,24
2026-04-08,meteofrance_seamless,h0,22.2,24
2026-04-08,gem_seamless,h0,21.7,24
2026-04-08,ecmwf_ifs025,h0,22.6,24
2026-04-08,ecmwf_aifs025_single,h0,20.1,24
2026-04-09,icon_seamless,h24,21.6,24
2026-04-09,ukmo_seamless,h24,23.4,24
2026-04-09,gem_seamless,h24,20.7,24
2026-04-09,ecmwf_ifs025,h24,23.8,24
2026-04-09,ecmwf_aifs025_single,h24,19.4,24
2026-04-09,icon_seamless,h0,20.5,24
2026-04-09,ukmo_seamless,h0,21.0,24
2026-04-09,meteofrance_seamless,h0,21.1,24
2026-04-09,gem_seamless,h0,21.6,24
2026-04-09,ecmwf_ifs025,h0,20.5,24
2026-04-09,ecmwf_aifs025_single,h0,19.3,24
2026-04-10,icon_seamless,h24,18.5,9
2026-04-10,ukmo_seamless,h24,26.9,24
2026-04-10,gem_seamless,h24,24.7,24
2026-04-10,ecmwf_ifs025,h24,26.3,24
2026-04-10,ecmwf_aifs025_single,h24,23.2,24
2026-04-10,icon_seamless,h0,24.2,24
2026-04-10,ukmo_seamless,h0,25.6,24
2026-04-10,meteofrance_seamless,h0,25.1,24
2026-04-10,gem_seamless,h0,25.1,24
2026-04-10,ecmwf_ifs025,h0,25.6,24
2026-04-10,ecmwf_aifs025_single,h0,24.3,24
2026-04-11,ukmo_seamless,h24,24.3,24
2026-04-11,gem_seamless,h24,21.4,24
2026-04-11,ecmwf_ifs025,h24,23.3,24
2026-04-11,ecmwf_aifs025_single,h24,21.0,24
2026-04-11,icon_seamless,h0,21.4,24
2026-04-11,ukmo_seamless,h0,22.0,24
2026-04-11,meteofrance_seamless,h0,21.0,24
2026-04-11,gem_seamless,h0,22.0,24
2026-04-11,ecmwf_ifs025,h0,20.6,24
2026-04-11,ecmwf_aifs025_single,h0,20.7,24
2026-04-11,meteofrance_seamless,h24,24.0,22
2026-04-12,ukmo_seamless,h24,22.5,24
2026-04-12,meteofrance_seamless,h24,22.8,24
2026-04-12,gem_seamless,h24,21.6,24
2026-04-12,ecmwf_ifs025,h24,22.4,24
2026-04-12,ecmwf_aifs025_single,h24,21.1,24
2026-04-12,icon_seamless,h0,23.0,24
2026-04-12,ukmo_seamless,h0,23.0,24
2026-04-12,meteofrance_seamless,h0,21.6,24
2026-04-12,gem_seamless,h0,22.5,24
2026-04-12,ecmwf_ifs025,h0,22.4,24
2026-04-12,ecmwf_aifs025_single,h0,22.5,24
2026-04-13,ukmo_seamless,h24,22.9,24
2026-04-13,meteofrance_seamless,h24,21.7,24
2026-04-13,gem_seamless,h24,21.1,24
2026-04-13,ecmwf_ifs025,h24,22.7,24
2026-04-13,ecmwf_aifs025_single,h24,19.9,24
2026-04-13,icon_seamless,h0,21.6,24
2026-04-13,ukmo_seamless,h0,21.4,24
2026-04-13,meteofrance_seamless,h0,20.7,24
2026-04-13,gem_seamless,h0,22.2,24
2026-04-13,ecmwf_ifs025,h0,20.3,24
2026-04-13,ecmwf_aifs025_single,h0,20.0,24
2026-04-13,icon_seamless,h24,22.2,10
2026-04-14,icon_seamless,h24,19.4,24
2026-04-14,ukmo_seamless,h24,21.7,24
2026-04-14,meteofrance_seamless,h24,19.0,24
2026-04-14,gem_seamless,h24,21.0,24
2026-04-14,ecmwf_ifs025,h24,20.3,24
2026-04-14,ecmwf_aifs025_single,h24,18.8,24
2026-04-14,icon_seamless,h0,19.2,24
2026-04-14,ukmo_seamless,h0,19.1,24
2026-04-14,meteofrance_seamless,h0,19.4,24
2026-04-14,gem_seamless,h0,20.2,24
2026-04-14,ecmwf_ifs025,h0,19.1,24
2026-04-14,ecmwf_aifs025_single,h0,18.4,24
2026-04-15,icon_seamless,h24,22.0,24
2026-04-15,ukmo_seamless,h24,22.9,24
2026-04-15,meteofrance_seamless,h24,19.9,24
2026-04-15,gem_seamless,h24,20.3,24
2026-04-15,ecmwf_ifs025,h24,22.4,24
2026-04-15,ecmwf_aifs025_single,h24,20.2,24
2026-04-15,icon_seamless,h0,21.5,24
2026-04-15,ukmo_seamless,h0,21.2,24
2026-04-15,meteofrance_seamless,h0,20.6,24
2026-04-15,gem_seamless,h0,21.1,24
2026-04-15,ecmwf_ifs025,h0,21.1,24
2026-04-15,ecmwf_aifs025_single,h0,20.6,24
2026-04-16,icon_seamless,h24,21.4,24
2026-04-16,ukmo_seamless,h24,22.7,24
2026-04-16,meteofrance_seamless,h24,22.3,24
2026-04-16,gem_seamless,h24,21.1,24
2026-04-16,ecmwf_ifs025,h24,23.5,24
2026-04-16,ecmwf_aifs025_single,h24,21.2,24
2026-04-16,icon_seamless,h0,21.0,24
2026-04-16,ukmo_seamless,h0,21.2,24
2026-04-16,meteofrance_seamless,h0,20.0,24
2026-04-16,gem_seamless,h0,22.4,24
2026-04-16,ecmwf_ifs025,h0,22.9,24
2026-04-16,ecmwf_aifs025_single,h0,20.8,24
2026-04-17,icon_seamless,h24,26.1,24
2026-04-17,ukmo_seamless,h24,26.2,24
2026-04-17,meteofrance_seamless,h24,24.6,24
2026-04-17,gem_seamless,h24,26.0,24
2026-04-17,ecmwf_ifs025,h24,26.2,24
2026-04-17,ecmwf_aifs025_single,h24,25.5,24
2026-04-17,icon_seamless,h0,24.7,24
2026-04-17,ukmo_seamless,h0,25.5,24
2026-04-17,meteofrance_seamless,h0,23.8,24
2026-04-17,gem_seamless,h0,25.3,24
2026-04-17,ecmwf_ifs025,h0,25.5,24
2026-04-17,ecmwf_aifs025_single,h0,26.3,24
2026-04-18,icon_seamless,h24,27.3,24
2026-04-18,ukmo_seamless,h24,27.0,24
2026-04-18,meteofrance_seamless,h24,25.7,24
2026-04-18,gem_seamless,h24,26.4,24
2026-04-18,ecmwf_ifs025,h24,26.7,24
2026-04-18,ecmwf_aifs025_single,h24,27.7,24
2026-04-18,icon_seamless,h0,27.3,24
2026-04-18,ukmo_seamless,h0,27.2,24
2026-04-18,meteofrance_seamless,h0,25.7,24
2026-04-18,gem_seamless,h0,26.7,24
2026-04-18,ecmwf_ifs025,h0,26.3,24
2026-04-18,ecmwf_aifs025_single,h0,27.5,24
2026-04-19,icon_seamless,h24,29.0,24
2026-04-19,ukmo_seamless,h24,29.2,21
2026-04-19,meteofrance_seamless,h24,27.2,24
2026-04-19,gem_seamless,h24,27.8,24
2026-04-19,ecmwf_ifs025,h24,28.4,24
2026-04-19,ecmwf_aifs025_single,h24,29.4,24
2026-04-19,icon_seamless,h0,29.4,24
2026-04-19,ukmo_seamless,h0,29.1,24
2026-04-19,meteofrance_seamless,h0,28.2,24
2026-04-19,gem_seamless,h0,28.4,24
2026-04-19,ecmwf_ifs025,h0,28.7,24
2026-04-19,ecmwf_aifs025_single,h0,29.8,24
2026-04-20,icon_seamless,h24,22.4,24
2026-04-20,meteofrance_seamless,h24,21.3,24
2026-04-20,gem_seamless,h24,20.6,24
2026-04-20,ecmwf_ifs025,h24,21.1,24
2026-04-20,ecmwf_aifs025_single,h24,22.3,24
2026-04-20,icon_seamless,h0,22.4,24
2026-04-20,ukmo_seamless,h0,21.3,24
2026-04-20,meteofrance_seamless,h0,21.3,24
2026-04-20,gem_seamless,h0,21.2,24
2026-04-20,ecmwf_ifs025,h0,21.6,24
2026-04-20,ecmwf_aifs025_single,h0,22.4,24
2026-04-21,icon_seamless,h24,14.9,24
2026-04-21,meteofrance_seamless,h24,18.3,24
2026-04-21,gem_seamless,h24,17.8,24
2026-04-21,ecmwf_ifs025,h24,19.5,24
2026-04-21,ecmwf_aifs025_single,h24,16.3,24
2026-04-21,icon_seamless,h0,15.0,24
2026-04-21,ukmo_seamless,h0,17.1,24
2026-04-21,meteofrance_seamless,h0,17.5,24
2026-04-21,gem_seamless,h0,17.0,24
2026-04-21,ecmwf_ifs025,h0,17.9,24
2026-04-21,ecmwf_aifs025_single,h0,17.2,24
2026-04-22,icon_seamless,h24,14.6,24
2026-04-22,meteofrance_seamless,h24,16.2,24
2026-04-22,gem_seamless,h24,14.2,24
2026-04-22,ecmwf_ifs025,h24,17.0,24
2026-04-22,ecmwf_aifs025_single,h24,14.1,24
2026-04-22,icon_seamless,h0,14.7,24
2026-04-22,ukmo_seamless,h0,15.9,24
2026-04-22,meteofrance_seamless,h0,14.2,24
2026-04-22,gem_seamless,h0,15.4,24
2026-04-22,ecmwf_ifs025,h0,15.1,24
2026-04-22,ecmwf_aifs025_single,h0,14.6,24
2026-04-23,icon_seamless,h24,17.6,24
2026-04-23,meteofrance_seamless,h24,17.4,24
2026-04-23,gem_seamless,h24,18.7,24
2026-04-23,ecmwf_ifs025,h24,18.1,24
2026-04-23,ecmwf_aifs025_single,h24,17.0,24
2026-04-23,icon_seamless,h0,17.3,24
2026-04-23,ukmo_seamless,h0,17.5,24
2026-04-23,meteofrance_seamless,h0,17.6,24
2026-04-23,gem_seamless,h0,19.1,24
2026-04-23,ecmwf_ifs025,h0,17.4,24
2026-04-23,ecmwf_aifs025_single,h0,17.6,24
2026-04-24,icon_seamless,h24,21.5,24
2026-04-24,meteofrance_seamless,h24,19.9,24
2026-04-24,gem_seamless,h24,22.4,24
2026-04-24,ecmwf_ifs025,h24,21.5,24
2026-04-24,ecmwf_aifs025_single,h24,20.9,24
2026-04-24,icon_seamless,h0,21.4,24
2026-04-24,ukmo_seamless,h0,20.6,24
2026-04-24,meteofrance_seamless,h0,20.7,24
2026-04-24,gem_seamless,h0,21.8,24
2026-04-24,ecmwf_ifs025,h0,20.9,24
2026-04-24,ecmwf_aifs025_single,h0,21.4,24
2026-04-25,icon_seamless,h24,24.3,24
2026-04-25,meteofrance_seamless,h24,23.6,24
2026-04-25,gem_seamless,h24,25.1,24
2026-04-25,ecmwf_ifs025,h24,24.8,24
2026-04-25,ecmwf_aifs025_single,h24,24.3,24
2026-04-25,icon_seamless,h0,25.1,24
2026-04-25,ukmo_seamless,h0,24.0,24
2026-04-25,meteofrance_seamless,h0,23.8,24
2026-04-25,gem_seamless,h0,24.3,24
2026-04-25,ecmwf_ifs025,h0,23.4,24
2026-04-25,ecmwf_aifs025_single,h0,24.0,24
2026-04-26,icon_seamless,h24,29.1,24
2026-04-26,meteofrance_seamless,h24,27.9,24
2026-04-26,gem_seamless,h24,28.4,24
2026-04-26,ecmwf_ifs025,h24,28.3,24
2026-04-26,ecmwf_aifs025_single,h24,29.2,24
2026-04-26,icon_seamless,h0,28.9,24
2026-04-26,ukmo_seamless,h0,29.5,24
2026-04-26,meteofrance_seamless,h0,28.3,24
2026-04-26,gem_seamless,h0,28.9,24
2026-04-26,ecmwf_ifs025,h0,28.4,24
2026-04-26,ecmwf_aifs025_single,h0,28.9,24
2026-04-27,icon_seamless,h24,25.6,24
2026-04-27,meteofrance_seamless,h24,24.1,24
2026-04-27,gem_seamless,h24,25.7,24
2026-04-27,ecmwf_ifs025,h24,22.4,24
2026-04-27,ecmwf_aifs025_single,h24,22.9,24
2026-04-27,icon_seamless,h0,22.7,24
2026-04-27,ukmo_seamless,h0,24.2,24
2026-04-27,meteofrance_seamless,h0,25.0,24
2026-04-27,gem_seamless,h0,25.2,24
2026-04-27,ecmwf_ifs025,h0,23.5,24
2026-04-27,ecmwf_aifs025_single,h0,22.8,24
2026-04-28,icon_seamless,h24,19.0,24
2026-04-28,meteofrance_seamless,h24,20.1,24
2026-04-28,gem_seamless,h24,17.6,24
2026-04-28,ecmwf_ifs025,h24,19.7,24
2026-04-28,ecmwf_aifs025_single,h24,19.6,24
2026-04-28,icon_seamless,h0,18.9,24
2026-04-28,ukmo_seamless,h0,18.0,24
2026-04-28,meteofrance_seamless,h0,18.8,24
2026-04-28,gem_seamless,h0,18.6,24
2026-04-28,ecmwf_ifs025,h0,19.1,24
2026-04-28,ecmwf_aifs025_single,h0,18.5,24
2026-04-29,icon_seamless,h24,19.1,24
2026-04-29,meteofrance_seamless,h24,19.4,24
2026-04-29,gem_seamless,h24,19.1,24
2026-04-29,ecmwf_ifs025,h24,20.6,24
2026-04-29,ecmwf_aifs025_single,h24,19.0,24
2026-04-29,icon_seamless,h0,18.3,24
2026-04-29,ukmo_seamless,h0,18.2,24
2026-04-29,meteofrance_seamless,h0,18.8,24
2026-04-29,gem_seamless,h0,17.4,24
2026-04-29,ecmwf_ifs025,h0,18.2,24
2026-04-29,ecmwf_aifs025_single,h0,17.8,24
2026-04-30,icon_seamless,h24,21.4,24
2026-04-30,meteofrance_seamless,h24,20.5,24
2026-04-30,gem_seamless,h24,21.0,24
2026-04-30,ecmwf_ifs025,h24,21.3,24
2026-04-30,ecmwf_aifs025_single,h24,21.6,24
2026-04-30,icon_seamless,h0,21.6,24
2026-04-30,ukmo_seamless,h0,21.0,24
2026-04-30,meteofrance_seamless,h0,20.9,24
2026-04-30,gem_seamless,h0,21.3,24
2026-04-30,ecmwf_ifs025,h0,21.6,24
2026-04-30,ecmwf_aifs025_single,h0,21.8,24
2026-05-01,icon_seamless,h24,23.4,24
2026-05-01,meteofrance_seamless,h24,22.3,24
2026-05-01,gem_seamless,h24,22.9,24
2026-05-01,ecmwf_ifs025,h24,24.2,24
2026-05-01,ecmwf_aifs025_single,h24,24.5,24
2026-05-01,icon_seamless,h0,24.7,24
2026-05-01,ukmo_seamless,h0,24.8,24
2026-05-01,meteofrance_seamless,h0,23.1,24
2026-05-01,gem_seamless,h0,23.7,24
2026-05-01,ecmwf_ifs025,h0,24.3,24
2026-05-01,ecmwf_aifs025_single,h0,25.5,24
2026-05-02,icon_seamless,h24,18.7,24
2026-05-02,meteofrance_seamless,h24,18.7,24
2026-05-02,gem_seamless,h24,20.8,24
2026-05-02,ecmwf_ifs025,h24,19.2,24
2026-05-02,ecmwf_aifs025_single,h24,19.5,24
2026-05-02,icon_seamless,h0,19.7,24
2026-05-02,ukmo_seamless,h0,18.8,24
2026-05-02,meteofrance_seamless,h0,19.7,24
2026-05-02,gem_seamless,h0,20.2,24
2026-05-02,ecmwf_ifs025,h0,19.2,24
2026-05-02,ecmwf_aifs025_single,h0,20.5,24
2026-05-03,icon_seamless,h24,23.9,24
2026-05-03,meteofrance_seamless,h24,22.6,24
2026-05-03,gem_seamless,h24,23.4,24
2026-05-03,ecmwf_ifs025,h24,23.8,24
2026-05-03,ecmwf_aifs025_single,h24,24.1,24
2026-05-03,icon_seamless,h0,24.2,24
2026-05-03,ukmo_seamless,h0,24.5,24
2026-05-03,meteofrance_seamless,h0,23.8,24
2026-05-03,gem_seamless,h0,24.3,24
2026-05-03,ecmwf_ifs025,h0,24.1,24
2026-05-03,ecmwf_aifs025_single,h0,24.8,24
2026-05-04,icon_seamless,h24,26.7,24
2026-05-04,meteofrance_seamless,h24,25.1,24
2026-05-04,gem_seamless,h24,25.9,24
2026-05-04,ecmwf_ifs025,h24,26.2,24
2026-05-04,ecmwf_aifs025_single,h24,27.2,24
2026-05-04,icon_seamless,h0,27.0,24
2026-05-04,ukmo_seamless,h0,26.8,24
2026-05-04,meteofrance_seamless,h0,26.0,24
2026-05-04,gem_seamless,h0,26.1,24
2026-05-04,ecmwf_ifs025,h0,26.3,24
2026-05-04,ecmwf_aifs025_single,h0,27.1,24
2026-05-05,icon_seamless,h24,28.7,24
2026-05-05,meteofrance_seamless,h24,27.2,24
2026-05-05,gem_seamless,h24,27.7,24
2026-05-05,ecmwf_ifs025,h24,27.7,24
2026-05-05,ecmwf_aifs025_single,h24,28.9,24
2026-05-05,icon_seamless,h0,28.8,24
2026-05-05,ukmo_seamless,h0,28.6,24
2026-05-05,meteofrance_seamless,h0,28.3,24
2026-05-05,gem_seamless,h0,29.0,24
2026-05-05,ecmwf_ifs025,h0,27.9,24
2026-05-05,ecmwf_aifs025_single,h0,29.1,24
2026-05-05,ukmo_seamless,h24,20.0,1
2026-05-06,icon_seamless,h24,30.4,24
2026-05-06,ukmo_seamless,h24,30.2,24
2026-05-06,meteofrance_seamless,h24,29.8,24
2026-05-06,gem_seamless,h24,30.7,24
2026-05-06,ecmwf_ifs025,h24,29.8,24
2026-05-06,ecmwf_aifs025_single,h24,30.8,24
2026-05-06,icon_seamless,h0,30.6,24
2026-05-06,ukmo_seamless,h0,30.8,24
2026-05-06,meteofrance_seamless,h0,30.5,24
2026-05-06,gem_seamless,h0,31.1,24
2026-05-06,ecmwf_ifs025,h0,29.5,24
2026-05-06,ecmwf_aifs025_single,h0,30.7,24
2026-05-07,icon_seamless,h24,23.7,24
2026-05-07,ukmo_seamless,h24,21.5,24
2026-05-07,meteofrance_seamless,h24,23.5,24
2026-05-07,gem_seamless,h24,23.5,24
2026-05-07,ecmwf_ifs025,h24,21.8,24
2026-05-07,ecmwf_aifs025_single,h24,23.2,24
2026-05-07,icon_seamless,h0,23.7,24
2026-05-07,ukmo_seamless,h0,24.3,24
2026-05-07,meteofrance_seamless,h0,23.6,24
2026-05-07,gem_seamless,h0,24.4,24
2026-05-07,ecmwf_ifs025,h0,23.4,24
2026-05-07,ecmwf_aifs025_single,h0,23.6,24
2026-05-08,icon_seamless,h24,22.5,24
2026-05-08,ukmo_seamless,h24,25.0,24
2026-05-08,meteofrance_seamless,h24,23.6,24
2026-05-08,gem_seamless,h24,22.0,24
2026-05-08,ecmwf_ifs025,h24,22.4,24
2026-05-08,ecmwf_aifs025_single,h24,22.3,24
2026-05-08,icon_seamless,h0,22.7,24
2026-05-08,ukmo_seamless,h0,24.4,24
2026-05-08,meteofrance_seamless,h0,22.3,24
2026-05-08,gem_seamless,h0,22.7,24
2026-05-08,ecmwf_ifs025,h0,21.5,24
2026-05-08,ecmwf_aifs025_single,h0,22.1,24
2026-05-09,icon_seamless,h24,25.1,24
2026-05-09,ukmo_seamless,h24,25.5,24
2026-05-09,meteofrance_seamless,h24,24.7,24
2026-05-09,gem_seamless,h24,24.8,24
2026-05-09,ecmwf_ifs025,h24,24.7,24
2026-05-09,ecmwf_aifs025_single,h24,24.9,24
2026-05-09,icon_seamless,h0,24.6,24
2026-05-09,ukmo_seamless,h0,24.7,24
2026-05-09,meteofrance_seamless,h0,25.2,24
2026-05-09,gem_seamless,h0,24.6,24
2026-05-09,ecmwf_ifs025,h0,24.6,24
2026-05-09,ecmwf_aifs025_single,h0,25.0,24
2026-05-10,icon_seamless,h24,27.4,24
2026-05-10,ukmo_seamless,h24,28.1,24
2026-05-10,meteofrance_seamless,h24,27.3,24
2026-05-10,gem_seamless,h24,27.7,24
2026-05-10,ecmwf_ifs025,h24,26.8,24
2026-05-10,ecmwf_aifs025_single,h24,27.7,24
2026-05-10,icon_seamless,h0,27.5,24
2026-05-10,ukmo_seamless,h0,27.6,24
2026-05-10,meteofrance_seamless,h0,27.5,24
2026-05-10,gem_seamless,h0,27.6,24
2026-05-10,ecmwf_ifs025,h0,26.1,24
2026-05-10,ecmwf_aifs025_single,h0,27.1,24
2026-05-11,icon_seamless,h24,30.1,24
2026-05-11,ukmo_seamless,h24,30.5,24
2026-05-11,meteofrance_seamless,h24,30.6,24
2026-05-11,gem_seamless,h24,31.2,24
2026-05-11,ecmwf_ifs025,h24,29.3,24
2026-05-11,ecmwf_aifs025_single,h24,30.3,24
2026-05-11,icon_seamless,h0,30.2,24
2026-05-11,ukmo_seamless,h0,30.5,24
2026-05-11,meteofrance_seamless,h0,30.5,24
2026-05-11,gem_seamless,h0,30.4,24
2026-05-11,ecmwf_ifs025,h0,29.0,24
2026-05-11,ecmwf_aifs025_single,h0,29.7,24
2026-05-12,icon_seamless,h24,29.3,24
2026-05-12,ukmo_seamless,h24,30.0,24
2026-05-12,meteofrance_seamless,h24,31.5,24
2026-05-12,gem_seamless,h24,29.0,24
2026-05-12,ecmwf_ifs025,h24,28.6,24
2026-05-12,ecmwf_aifs025_single,h24,29.0,24
2026-05-12,icon_seamless,h0,28.3,24
2026-05-12,ukmo_seamless,h0,29.5,24
2026-05-12,meteofrance_seamless,h0,30.1,24
2026-05-12,gem_seamless,h0,28.5,24
2026-05-12,ecmwf_ifs025,h0,28.9,24
2026-05-12,ecmwf_aifs025_single,h0,28.7,24
2026-05-13,icon_seamless,h24,26.7,24
2026-05-13,ukmo_seamless,h24,27.5,24
2026-05-13,meteofrance_seamless,h24,25.9,24
2026-05-13,gem_seamless,h24,23.7,24
2026-05-13,ecmwf_ifs025,h24,27.8,24
2026-05-13,ecmwf_aifs025_single,h24,23.9,24
2026-05-13,icon_seamless,h0,26.1,24
2026-05-13,ukmo_seamless,h0,26.6,24
2026-05-13,meteofrance_seamless,h0,24.8,24
2026-05-13,gem_seamless,h0,25.0,24
2026-05-13,ecmwf_ifs025,h0,25.7,24
2026-05-13,ecmwf_aifs025_single,h0,24.2,24
2026-05-14,icon_seamless,h24,25.6,24
2026-05-14,meteofrance_seamless,h24,25.7,24
2026-05-14,gem_seamless,h24,25.4,24
2026-05-14,ecmwf_ifs025,h24,27.3,24
2026-05-14,ecmwf_aifs025_single,h24,26.1,24
2026-05-14,icon_seamless,h0,26.6,24
2026-05-14,ukmo_seamless,h0,27.7,24
2026-05-14,meteofrance_seamless,h0,27.5,24
2026-05-14,gem_seamless,h0,27.5,24
2026-05-14,ecmwf_ifs025,h0,27.2,24
2026-05-14,ecmwf_aifs025_single,h0,27.3,24
2026-05-15,icon_seamless,h24,28.5,24
2026-05-15,meteofrance_seamless,h24,27.9,24
2026-05-15,gem_seamless,h24,28.4,24
2026-05-15,ecmwf_ifs025,h24,28.6,24
2026-05-15,ecmwf_aifs025_single,h24,27.7,24
2026-05-15,icon_seamless,h0,28.1,24
2026-05-15,ukmo_seamless,h0,28.0,24
2026-05-15,meteofrance_seamless,h0,28.9,24
2026-05-15,gem_seamless,h0,28.0,24
2026-05-15,ecmwf_ifs025,h0,27.5,24
2026-05-15,ecmwf_aifs025_single,h0,28.0,24
2026-05-16,icon_seamless,h24,28.6,24
2026-05-16,meteofrance_seamless,h24,31.0,24
2026-05-16,gem_seamless,h24,28.4,24
2026-05-16,ecmwf_ifs025,h24,29.3,24
2026-05-16,ecmwf_aifs025_single,h24,29.4,24
2026-05-16,icon_seamless,h0,29.1,24
2026-05-16,ukmo_seamless,h0,30.6,24
2026-05-16,meteofrance_seamless,h0,30.8,24
2026-05-16,gem_seamless,h0,28.4,24
2026-05-16,ecmwf_ifs025,h0,29.3,24
2026-05-16,ecmwf_aifs025_single,h0,30.3,24
2026-05-17,icon_seamless,h24,29.4,24
2026-05-17,meteofrance_seamless,h24,29.8,24
2026-05-17,gem_seamless,h24,27.4,24
2026-05-17,ecmwf_ifs025,h24,27.4,24
2026-05-17,ecmwf_aifs025_single,h24,27.1,24
2026-05-17,icon_seamless,h0,28.0,24
2026-05-17,ukmo_seamless,h0,29.6,24
2026-05-17,meteofrance_seamless,h0,27.3,24
2026-05-17,gem_seamless,h0,29.5,24
2026-05-17,ecmwf_ifs025,h0,28.7,24
2026-05-17,ecmwf_aifs025_single,h0,28.3,24
2026-05-18,icon_seamless,h24,23.6,24
2026-05-18,meteofrance_seamless,h24,25.7,24
2026-05-18,gem_seamless,h24,25.1,24
2026-05-18,ecmwf_ifs025,h24,25.0,24
2026-05-18,ecmwf_aifs025_single,h24,25.0,24
2026-05-18,icon_seamless,h0,24.5,24
2026-05-18,ukmo_seamless,h0,24.3,24
2026-05-18,meteofrance_seamless,h0,24.7,24
2026-05-18,gem_seamless,h0,25.7,24
2026-05-18,ecmwf_ifs025,h0,24.6,24
2026-05-18,ecmwf_aifs025_single,h0,24.7,24
2026-05-19,icon_seamless,h24,23.7,24
2026-05-19,meteofrance_seamless,h24,23.8,24
2026-05-19,gem_seamless,h24,23.4,24
2026-05-19,ecmwf_ifs025,h24,24.9,24
2026-05-19,ecmwf_aifs025_single,h24,22.6,24
2026-05-19,icon_seamless,h0,23.2,24
2026-05-19,ukmo_seamless,h0,24.0,24
2026-05-19,meteofrance_seamless,h0,23.8,24
2026-05-19,gem_seamless,h0,23.1,24
2026-05-19,ecmwf_ifs025,h0,24.9,24
2026-05-19,ecmwf_aifs025_single,h0,23.5,24
2026-05-20,icon_seamless,h24,25.9,24
2026-05-20,meteofrance_seamless,h24,25.1,24
2026-05-20,gem_seamless,h24,25.7,24
2026-05-20,ecmwf_ifs025,h24,26.8,24
2026-05-20,ecmwf_aifs025_single,h24,25.4,24
2026-05-20,icon_seamless,h0,25.4,24
2026-05-20,ukmo_seamless,h0,24.8,24
2026-05-20,meteofrance_seamless,h0,25.1,24
2026-05-20,gem_seamless,h0,26.3,24
2026-05-20,ecmwf_ifs025,h0,25.2,24
2026-05-20,ecmwf_aifs025_single,h0,24.1,24
2026-05-21,icon_seamless,h24,28.4,24
2026-05-21,meteofrance_seamless,h24,27.1,24
2026-05-21,gem_seamless,h24,28.9,24
2026-05-21,ecmwf_ifs025,h24,28.9,24
2026-05-21,ecmwf_aifs025_single,h24,27.3,24
2026-05-21,icon_seamless,h0,28.9,24
2026-05-21,ukmo_seamless,h0,27.3,24
2026-05-21,meteofrance_seamless,h0,27.6,24
2026-05-21,gem_seamless,h0,28.4,24
2026-05-21,ecmwf_ifs025,h0,28.3,24
2026-05-21,ecmwf_aifs025_single,h0,27.7,24
2026-05-22,icon_seamless,h24,29.5,24
2026-05-22,meteofrance_seamless,h24,27.5,24
2026-05-22,gem_seamless,h24,27.7,24
2026-05-22,ecmwf_ifs025,h24,28.8,24
2026-05-22,ecmwf_aifs025_single,h24,28.6,24
2026-05-22,icon_seamless,h0,28.7,24
2026-05-22,ukmo_seamless,h0,28.9,24
2026-05-22,meteofrance_seamless,h0,29.0,24
2026-05-22,gem_seamless,h0,26.6,24
2026-05-22,ecmwf_ifs025,h0,29.8,24
2026-05-22,ecmwf_aifs025_single,h0,30.0,24
2026-05-23,icon_seamless,h24,29.6,24
2026-05-23,meteofrance_seamless,h24,30.1,24
2026-05-23,gem_seamless,h24,27.6,24
2026-05-23,ecmwf_ifs025,h24,30.0,24
2026-05-23,ecmwf_aifs025_single,h24,30.2,24
2026-05-23,icon_seamless,h0,28.7,24
2026-05-23,ukmo_seamless,h0,29.2,24
2026-05-23,meteofrance_seamless,h0,28.8,24
2026-05-23,gem_seamless,h0,26.7,24
2026-05-23,ecmwf_ifs025,h0,29.6,24
2026-05-23,ecmwf_aifs025_single,h0,28.5,24
2026-05-24,icon_seamless,h24,27.7,24
2026-05-24,meteofrance_seamless,h24,27.6,24
2026-05-24,gem_seamless,h24,24.7,24
2026-05-24,ecmwf_ifs025,h24,29.1,24
2026-05-24,ecmwf_aifs025_single,h24,27.3,24
2026-05-24,icon_seamless,h0,27.7,24
2026-05-24,ukmo_seamless,h0,28.5,24
2026-05-24,meteofrance_seamless,h0,26.5,24
2026-05-24,gem_seamless,h0,25.9,24
2026-05-24,ecmwf_ifs025,h0,28.0,24
2026-05-24,ecmwf_aifs025_single,h0,27.1,24
2026-05-25,icon_seamless,h24,29.0,24
2026-05-25,meteofrance_seamless,h24,28.5,24
2026-05-25,gem_seamless,h24,31.0,24
2026-05-25,ecmwf_ifs025,h24,30.1,24
2026-05-25,ecmwf_aifs025_single,h24,28.5,24
2026-05-25,icon_seamless,h0,30.4,24
2026-05-25,ukmo_seamless,h0,30.1,24
2026-05-25,meteofrance_seamless,h0,29.9,24
2026-05-25,gem_seamless,h0,29.8,24
2026-05-25,ecmwf_ifs025,h0,31.4,24
2026-05-25,ecmwf_aifs025_single,h0,31.0,24
2026-05-26,icon_seamless,h24,25.8,24
2026-05-26,meteofrance_seamless,h24,25.7,24
2026-05-26,gem_seamless,h24,25.4,24
2026-05-26,ecmwf_ifs025,h24,28.8,24
2026-05-26,ecmwf_aifs025_single,h24,25.4,24
2026-05-26,icon_seamless,h0,25.8,24
2026-05-26,ukmo_seamless,h0,27.7,24
2026-05-26,meteofrance_seamless,h0,25.7,24
2026-05-26,gem_seamless,h0,24.7,24
2026-05-26,ecmwf_ifs025,h0,26.8,24
2026-05-26,ecmwf_aifs025_single,h0,26.1,24
2026-05-27,icon_seamless,h24,26.0,24
2026-05-27,meteofrance_seamless,h24,22.1,24
2026-05-27,gem_seamless,h24,24.3,24
2026-05-27,ecmwf_ifs025,h24,27.8,24
2026-05-27,ecmwf_aifs025_single,h24,25.3,24
2026-05-27,icon_seamless,h0,26.3,24
2026-05-27,ukmo_seamless,h0,26.5,24
2026-05-27,meteofrance_seamless,h0,24.0,24
2026-05-27,gem_seamless,h0,24.3,24
2026-05-27,ecmwf_ifs025,h0,26.7,24
2026-05-27,ecmwf_aifs025_single,h0,24.7,24
2026-05-28,icon_seamless,h24,29.1,24
2026-05-28,meteofrance_seamless,h24,27.3,24
2026-05-28,gem_seamless,h24,29.8,24
2026-05-28,ecmwf_ifs025,h24,30.8,24
2026-05-28,ecmwf_aifs025_single,h24,29.2,24
2026-05-28,icon_seamless,h0,29.5,24
2026-05-28,ukmo_seamless,h0,31.0,24
2026-05-28,meteofrance_seamless,h0,28.9,24
2026-05-28,gem_seamless,h0,31.0,24
2026-05-28,ecmwf_ifs025,h0,29.9,24
2026-05-28,ecmwf_aifs025_single,h0,29.7,24
2026-05-29,icon_seamless,h24,23.6,24
2026-05-29,meteofrance_seamless,h24,24.6,24
2026-05-29,gem_seamless,h24,27.1,24
2026-05-29,ecmwf_ifs025,h24,27.9,24
2026-05-29,ecmwf_aifs025_single,h24,26.6,24
2026-05-29,icon_seamless,h0,27.6,24
2026-05-29,ukmo_seamless,h0,29.0,24
2026-05-29,meteofrance_seamless,h0,24.1,24
2026-05-29,gem_seamless,h0,26.5,24
2026-05-29,ecmwf_ifs025,h0,26.2,24
2026-05-29,ecmwf_aifs025_single,h0,25.4,24
2026-05-30,icon_seamless,h24,26.6,24
2026-05-30,meteofrance_seamless,h24,26.4,24
2026-05-30,gem_seamless,h24,28.3,24
2026-05-30,ecmwf_ifs025,h24,29.0,24
2026-05-30,ecmwf_aifs025_single,h24,28.5,24
2026-05-30,icon_seamless,h0,28.4,24
2026-05-30,ukmo_seamless,h0,28.8,24
2026-05-30,meteofrance_seamless,h0,26.3,24
2026-05-30,gem_seamless,h0,28.2,24
2026-05-30,ecmwf_ifs025,h0,29.0,24
2026-05-30,ecmwf_aifs025_single,h0,29.3,24
2026-05-30,ukmo_seamless,h24,30.0,22
2026-05-31,icon_seamless,h24,29.5,24
2026-05-31,ukmo_seamless,h24,30.1,24
2026-05-31,meteofrance_seamless,h24,27.6,24
2026-05-31,gem_seamless,h24,30.2,24
2026-05-31,ecmwf_ifs025,h24,29.4,24
2026-05-31,ecmwf_aifs025_single,h24,30.2,24
2026-05-31,icon_seamless,h0,29.0,24
2026-05-31,ukmo_seamless,h0,28.9,24
2026-05-31,meteofrance_seamless,h0,28.8,24
2026-05-31,gem_seamless,h0,28.0,24
2026-05-31,ecmwf_ifs025,h0,29.3,24
2026-05-31,ecmwf_aifs025_single,h0,29.8,24
2026-06-01,icon_seamless,h24,30.8,24
2026-06-01,ukmo_seamless,h24,30.8,24
2026-06-01,meteofrance_seamless,h24,29.4,24
2026-06-01,gem_seamless,h24,31.1,24
2026-06-01,ecmwf_ifs025,h24,30.7,24
2026-06-01,ecmwf_aifs025_single,h24,31.4,24
2026-06-01,icon_seamless,h0,30.9,24
2026-06-01,ukmo_seamless,h0,31.2,24
2026-06-01,meteofrance_seamless,h0,30.0,24
2026-06-01,gem_seamless,h0,30.6,24
2026-06-01,ecmwf_ifs025,h0,30.5,24
2026-06-01,ecmwf_aifs025_single,h0,31.5,24
2026-06-02,icon_seamless,h24,30.9,24
2026-06-02,ukmo_seamless,h24,32.0,24
2026-06-02,meteofrance_seamless,h24,29.4,24
2026-06-02,gem_seamless,h24,31.4,24
2026-06-02,ecmwf_ifs025,h24,31.2,24
2026-06-02,ecmwf_aifs025_single,h24,31.7,24
2026-06-02,icon_seamless,h0,30.6,24
2026-06-02,ukmo_seamless,h0,32.0,24
2026-06-02,meteofrance_seamless,h0,29.6,24
2026-06-02,gem_seamless,h0,30.3,24
2026-06-02,ecmwf_ifs025,h0,31.1,24
2026-06-02,ecmwf_aifs025_single,h0,31.6,24
2026-06-03,icon_seamless,h24,28.9,24
2026-06-03,ukmo_seamless,h24,33.5,24
2026-06-03,meteofrance_seamless,h24,27.4,24
2026-06-03,gem_seamless,h24,29.6,24
2026-06-03,ecmwf_ifs025,h24,31.1,24
2026-06-03,ecmwf_aifs025_single,h24,29.1,24
2026-06-03,icon_seamless,h0,29.6,24
2026-06-03,ukmo_seamless,h0,32.0,24
2026-06-03,meteofrance_seamless,h0,28.6,24
2026-06-03,gem_seamless,h0,30.7,24
2026-06-03,ecmwf_ifs025,h0,30.4,24
2026-06-03,ecmwf_aifs025_single,h0,29.6,24
2026-06-04,icon_seamless,h24,31.7,24
2026-06-04,ukmo_seamless,h24,34.0,24
2026-06-04,meteofrance_seamless,h24,32.2,24
2026-06-04,gem_seamless,h24,24.1,24
2026-06-04,ecmwf_ifs025,h24,32.6,24
2026-06-04,ecmwf_aifs025_single,h24,32.3,24
2026-06-04,icon_seamless,h0,31.3,24
2026-06-04,ukmo_seamless,h0,32.4,24
2026-06-04,meteofrance_seamless,h0,31.8,24
2026-06-04,gem_seamless,h0,32.6,24
2026-06-04,ecmwf_ifs025,h0,30.8,24
2026-06-04,ecmwf_aifs025_single,h0,31.7,24
2026-06-05,icon_seamless,h24,32.4,24
2026-06-05,ukmo_seamless,h24,34.1,24
2026-06-05,meteofrance_seamless,h24,32.3,24
2026-06-05,gem_seamless,h24,22.9,11
2026-06-05,ecmwf_ifs025,h24,32.7,24
2026-06-05,ecmwf_aifs025_single,h24,33.2,24
2026-06-05,icon_seamless,h0,32.3,24
2026-06-05,ukmo_seamless,h0,33.4,24
2026-06-05,meteofrance_seamless,h0,32.4,24
2026-06-05,gem_seamless,h0,32.0,24
2026-06-05,ecmwf_ifs025,h0,31.9,24
2026-06-05,ecmwf_aifs025_single,h0,32.1,24
2026-06-06,icon_seamless,h24,32.2,24
2026-06-06,ukmo_seamless,h24,33.1,24
2026-06-06,meteofrance_seamless,h24,32.0,24
2026-06-06,ecmwf_ifs025,h24,31.8,24
2026-06-06,ecmwf_aifs025_single,h24,32.7,24
2026-06-06,icon_seamless,h0,32.7,24
2026-06-06,ukmo_seamless,h0,33.1,24
2026-06-06,meteofrance_seamless,h0,32.9,24
2026-06-06,gem_seamless,h0,32.1,24
2026-06-06,ecmwf_ifs025,h0,32.2,24
2026-06-06,ecmwf_aifs025_single,h0,32.4,24
2026-06-07,icon_seamless,h24,26.9,24
2026-06-07,ukmo_seamless,h24,27.1,24
2026-06-07,meteofrance_seamless,h24,26.8,24
2026-06-07,ecmwf_ifs025,h24,26.9,24
2026-06-07,ecmwf_aifs025_single,h24,26.0,24
2026-06-07,icon_seamless,h0,26.4,24
2026-06-07,ukmo_seamless,h0,26.5,24
2026-06-07,meteofrance_seamless,h0,27.6,24
2026-06-07,gem_seamless,h0,26.0,24
2026-06-07,ecmwf_ifs025,h0,25.3,24
2026-06-07,ecmwf_aifs025_single,h0,26.0,24
2026-06-08,icon_seamless,h24,20.5,24
2026-06-08,ukmo_seamless,h24,25.3,24
2026-06-08,meteofrance_seamless,h24,20.9,24
2026-06-08,ecmwf_ifs025,h24,21.7,24
2026-06-08,ecmwf_aifs025_single,h24,19.9,24
2026-06-08,icon_seamless,h0,21.2,24
2026-06-08,ukmo_seamless,h0,22.5,24
2026-06-08,meteofrance_seamless,h0,20.7,24
2026-06-08,gem_seamless,h0,20.9,24
2026-06-08,ecmwf_ifs025,h0,22.0,24
2026-06-08,ecmwf_aifs025_single,h0,22.1,24
2026-06-09,icon_seamless,h24,27.1,24
2026-06-09,ukmo_seamless,h24,28.2,24
2026-06-09,meteofrance_seamless,h24,26.5,24
2026-06-09,ecmwf_ifs025,h24,27.7,24
2026-06-09,ecmwf_aifs025_single,h24,28.4,24
2026-06-09,icon_seamless,h0,27.6,24
2026-06-09,ukmo_seamless,h0,27.9,24
2026-06-09,meteofrance_seamless,h0,27.0,24
2026-06-09,gem_seamless,h0,26.3,24
2026-06-09,ecmwf_ifs025,h0,27.5,24
2026-06-09,ecmwf_aifs025_single,h0,28.4,24
2026-06-10,icon_seamless,h24,29.3,24
2026-06-10,ukmo_seamless,h24,30.1,24
2026-06-10,meteofrance_seamless,h24,29.1,24
2026-06-10,ecmwf_ifs025,h24,29.5,24
2026-06-10,ecmwf_aifs025_single,h24,30.8,24
2026-06-10,icon_seamless,h0,29.8,24
2026-06-10,ukmo_seamless,h0,29.6,24
2026-06-10,meteofrance_seamless,h0,29.4,24
2026-06-10,gem_seamless,h0,29.2,24
2026-06-10,ecmwf_ifs025,h0,29.1,24
2026-06-10,ecmwf_aifs025_single,h0,30.1,24
2026-06-10,gem_seamless,h24,28.2,16
2026-06-11,icon_seamless,h24,31.2,24
2026-06-11,ukmo_seamless,h24,30.0,24
2026-06-11,meteofrance_seamless,h24,31.0,24
2026-06-11,gem_seamless,h24,29.4,24
2026-06-11,ecmwf_ifs025,h24,31.0,24
2026-06-11,ecmwf_aifs025_single,h24,31.1,24
2026-06-11,icon_seamless,h0,30.6,24
2026-06-11,ukmo_seamless,h0,30.7,24
2026-06-11,meteofrance_seamless,h0,30.5,24
2026-06-11,gem_seamless,h0,29.9,24
2026-06-11,ecmwf_ifs025,h0,29.7,24
2026-06-11,ecmwf_aifs025_single,h0,29.8,24
2026-06-12,icon_seamless,h24,25.2,24
2026-06-12,ukmo_seamless,h24,29.9,24
2026-06-12,meteofrance_seamless,h24,30.0,24
2026-06-12,gem_seamless,h24,29.6,24
2026-06-12,ecmwf_ifs025,h24,27.9,24
2026-06-12,ecmwf_aifs025_single,h24,26.8,24
2026-06-12,icon_seamless,h0,27.1,24
2026-06-12,ukmo_seamless,h0,27.6,24
2026-06-12,meteofrance_seamless,h0,28.5,24
2026-06-12,gem_seamless,h0,28.4,24
2026-06-12,ecmwf_ifs025,h0,26.9,24
2026-06-12,ecmwf_aifs025_single,h0,27.7,24
2026-06-13,icon_seamless,h24,25.0,24
2026-06-13,ukmo_seamless,h24,25.1,24
2026-06-13,meteofrance_seamless,h24,26.5,24
2026-06-13,gem_seamless,h24,27.5,24
2026-06-13,ecmwf_ifs025,h24,27.6,24
2026-06-13,ecmwf_aifs025_single,h24,24.9,24
2026-06-13,icon_seamless,h0,24.0,24
2026-06-13,ukmo_seamless,h0,25.4,24
2026-06-13,meteofrance_seamless,h0,24.4,24
2026-06-13,gem_seamless,h0,24.2,24
2026-06-13,ecmwf_ifs025,h0,23.7,24
2026-06-13,ecmwf_aifs025_single,h0,24.2,24
2026-06-14,icon_seamless,h24,29.6,24
2026-06-14,ukmo_seamless,h24,29.9,24
2026-06-14,meteofrance_seamless,h24,29.3,24
2026-06-14,gem_seamless,h24,30.1,24
2026-06-14,ecmwf_ifs025,h24,29.6,24
2026-06-14,ecmwf_aifs025_single,h24,28.7,24
2026-06-14,icon_seamless,h0,28.1,24
2026-06-14,ukmo_seamless,h0,28.7,24
2026-06-14,meteofrance_seamless,h0,29.2,24
2026-06-14,gem_seamless,h0,29.3,24
2026-06-14,ecmwf_ifs025,h0,29.0,24
2026-06-14,ecmwf_aifs025_single,h0,28.6,24
2026-06-15,icon_seamless,h24,31.2,24
2026-06-15,ukmo_seamless,h24,31.8,24
2026-06-15,meteofrance_seamless,h24,33.5,24
2026-06-15,gem_seamless,h24,32.0,24
2026-06-15,ecmwf_ifs025,h24,30.7,24
2026-06-15,ecmwf_aifs025_single,h24,31.0,24
2026-06-15,icon_seamless,h0,30.8,24
2026-06-15,ukmo_seamless,h0,31.1,24
2026-06-15,meteofrance_seamless,h0,33.0,24
2026-06-15,gem_seamless,h0,31.5,24
2026-06-15,ecmwf_ifs025,h0,30.8,24
2026-06-15,ecmwf_aifs025_single,h0,31.2,24
2026-06-16,icon_seamless,h24,30.7,24
2026-06-16,ukmo_seamless,h24,31.3,24
2026-06-16,meteofrance_seamless,h24,32.9,24
2026-06-16,gem_seamless,h24,31.4,24
2026-06-16,ecmwf_ifs025,h24,29.6,24
2026-06-16,ecmwf_aifs025_single,h24,30.8,24
2026-06-16,icon_seamless,h0,30.5,24
2026-06-16,ukmo_seamless,h0,30.8,24
2026-06-16,meteofrance_seamless,h0,32.7,24
2026-06-16,gem_seamless,h0,29.9,24
2026-06-16,ecmwf_ifs025,h0,30.0,24
2026-06-16,ecmwf_aifs025_single,h0,30.1,24
2026-06-17,icon_seamless,h24,32.0,24
2026-06-17,ukmo_seamless,h24,32.3,24
2026-06-17,meteofrance_seamless,h24,34.3,24
2026-06-17,gem_seamless,h24,33.2,24
2026-06-17,ecmwf_ifs025,h24,31.9,24
2026-06-17,ecmwf_aifs025_single,h24,32.7,24
2026-06-17,icon_seamless,h0,31.9,24
2026-06-17,ukmo_seamless,h0,31.9,24
2026-06-17,meteofrance_seamless,h0,34.3,24
2026-06-17,gem_seamless,h0,32.0,24
2026-06-17,ecmwf_ifs025,h0,31.8,24
2026-06-17,ecmwf_aifs025_single,h0,32.8,24
2026-06-18,icon_seamless,h24,29.8,24
2026-06-18,ukmo_seamless,h24,29.9,24
2026-06-18,meteofrance_seamless,h24,31.2,24
2026-06-18,gem_seamless,h24,30.5,24
2026-06-18,ecmwf_ifs025,h24,30.3,24
2026-06-18,ecmwf_aifs025_single,h24,29.2,24
2026-06-18,icon_seamless,h0,28.9,24
2026-06-18,ukmo_seamless,h0,28.7,24
2026-06-18,meteofrance_seamless,h0,28.9,24
2026-06-18,gem_seamless,h0,29.8,24
2026-06-18,ecmwf_ifs025,h0,29.4,24
2026-06-18,ecmwf_aifs025_single,h0,28.4,24
2026-03-21,gfs_seamless,h24,18.8,24
2026-03-21,cma_grapes_global,h24,17.7,24
2026-03-21,jma_seamless,h24,21.5,24
2026-03-21,knmi_seamless,h24,18.3,24
2026-03-21,jma_gsm,h24,21.5,24
2026-03-21,gfs_seamless,h0,19.0,24
2026-03-21,cma_grapes_global,h0,16.9,24
2026-03-21,jma_seamless,h0,19.4,24
2026-03-21,knmi_seamless,h0,18.3,24
2026-03-21,jma_gsm,h0,19.4,24
2026-03-22,gfs_seamless,h24,21.6,24
2026-03-22,cma_grapes_global,h24,19.5,24
2026-03-22,jma_seamless,h24,22.8,24
2026-03-22,knmi_seamless,h24,22.2,24
2026-03-22,jma_gsm,h24,22.8,24
2026-03-22,gfs_seamless,h0,20.8,24
2026-03-22,cma_grapes_global,h0,19.4,24
2026-03-22,jma_seamless,h0,21.1,24
2026-03-22,knmi_seamless,h0,19.2,24
2026-03-22,jma_gsm,h0,21.1,24
2026-03-23,gfs_seamless,h24,17.0,24
2026-03-23,cma_grapes_global,h24,16.8,24
2026-03-23,jma_seamless,h24,18.7,24
2026-03-23,knmi_seamless,h24,18.1,24
2026-03-23,jma_gsm,h24,18.7,24
2026-03-23,gfs_seamless,h0,16.1,24
2026-03-23,cma_grapes_global,h0,17.9,24
2026-03-23,jma_seamless,h0,18.8,24
2026-03-23,knmi_seamless,h0,18.6,24
2026-03-23,jma_gsm,h0,18.8,24
2026-03-24,gfs_seamless,h24,14.6,24
2026-03-24,cma_grapes_global,h24,16.1,24
2026-03-24,jma_seamless,h24,21.0,24
2026-03-24,knmi_seamless,h24,20.6,24
2026-03-24,jma_gsm,h24,21.0,24
2026-03-24,gfs_seamless,h0,15.1,24
2026-03-24,cma_grapes_global,h0,18.1,24
2026-03-24,jma_seamless,h0,20.1,24
2026-03-24,knmi_seamless,h0,18.1,24
2026-03-24,jma_gsm,h0,20.1,24
2026-03-25,gfs_seamless,h24,20.6,24
2026-03-25,cma_grapes_global,h24,19.7,24
2026-03-25,jma_seamless,h24,23.3,24
2026-03-25,knmi_seamless,h24,21.1,24
2026-03-25,jma_gsm,h24,23.3,24
2026-03-25,gfs_seamless,h0,21.0,24
2026-03-25,cma_grapes_global,h0,19.4,24
2026-03-25,jma_seamless,h0,22.2,24
2026-03-25,knmi_seamless,h0,20.7,24
2026-03-25,jma_gsm,h0,22.2,24
2026-03-26,gfs_seamless,h24,16.1,24
2026-03-26,cma_grapes_global,h24,18.6,24
2026-03-26,jma_seamless,h24,21.7,24
2026-03-26,knmi_seamless,h24,20.3,24
2026-03-26,jma_gsm,h24,21.7,24
2026-03-26,gfs_seamless,h0,15.9,24
2026-03-26,cma_grapes_global,h0,19.3,24
2026-03-26,jma_seamless,h0,19.9,24
2026-03-26,knmi_seamless,h0,18.3,24
2026-03-26,jma_gsm,h0,19.9,24
2026-03-27,gfs_seamless,h24,21.5,24
2026-03-27,cma_grapes_global,h24,21.4,24
2026-03-27,jma_seamless,h24,24.8,24
2026-03-27,knmi_seamless,h24,22.8,24
2026-03-27,jma_gsm,h24,24.8,24
2026-03-27,gfs_seamless,h0,22.9,24
2026-03-27,cma_grapes_global,h0,21.1,24
2026-03-27,jma_seamless,h0,24.1,24
2026-03-27,knmi_seamless,h0,22.9,24
2026-03-27,jma_gsm,h0,24.1,24
2026-03-28,gfs_seamless,h24,20.9,24
2026-03-28,cma_grapes_global,h24,20.3,24
2026-03-28,jma_seamless,h24,23.8,24
2026-03-28,knmi_seamless,h24,23.1,24
2026-03-28,jma_gsm,h24,23.8,24
2026-03-28,gfs_seamless,h0,23.7,24
2026-03-28,cma_grapes_global,h0,21.6,24
2026-03-28,jma_seamless,h0,24.3,24
2026-03-28,knmi_seamless,h0,22.4,24
2026-03-28,jma_gsm,h0,24.3,24
2026-03-29,gfs_seamless,h24,22.9,24
2026-03-29,cma_grapes_global,h24,21.5,24
2026-03-29,jma_seamless,h24,24.1,24
2026-03-29,knmi_seamless,h24,22.4,24
2026-03-29,jma_gsm,h24,24.1,24
2026-03-29,gfs_seamless,h0,22.5,24
2026-03-29,cma_grapes_global,h0,21.6,24
2026-03-29,jma_seamless,h0,23.9,24
2026-03-29,knmi_seamless,h0,22.1,24
2026-03-29,jma_gsm,h0,23.9,24
2026-03-30,gfs_seamless,h24,16.9,24
2026-03-30,cma_grapes_global,h24,17.9,24
2026-03-30,jma_seamless,h24,18.3,24
2026-03-30,knmi_seamless,h24,19.3,24
2026-03-30,jma_gsm,h24,18.3,24
2026-03-30,gfs_seamless,h0,17.1,24
2026-03-30,cma_grapes_global,h0,18.2,24
2026-03-30,jma_seamless,h0,18.1,24
2026-03-30,knmi_seamless,h0,18.8,24
2026-03-30,jma_gsm,h0,18.1,24
2026-03-31,gfs_seamless,h24,17.3,24
2026-03-31,cma_grapes_global,h24,18.4,24
2026-03-31,jma_seamless,h24,19.7,24
2026-03-31,knmi_seamless,h24,20.0,24
2026-03-31,jma_gsm,h24,19.7,24
2026-03-31,gfs_seamless,h0,19.1,24
2026-03-31,cma_grapes_global,h0,18.3,24
2026-03-31,jma_seamless,h0,20.5,24
2026-03-31,knmi_seamless,h0,19.7,24
2026-03-31,jma_gsm,h0,20.5,24
2026-04-01,gfs_seamless,h24,24.2,24
2026-04-01,cma_grapes_global,h24,21.9,24
2026-04-01,jma_seamless,h24,25.3,24
2026-04-01,knmi_seamless,h24,22.9,24
2026-04-01,jma_gsm,h24,25.3,24
2026-04-01,gfs_seamless,h0,23.7,24
2026-04-01,cma_grapes_global,h0,21.8,24
2026-04-01,jma_seamless,h0,24.3,24
2026-04-01,knmi_seamless,h0,22.8,24
2026-04-01,jma_gsm,h0,24.3,24
2026-04-02,gfs_seamless,h24,19.0,24
2026-04-02,cma_grapes_global,h24,21.0,24
2026-04-02,jma_seamless,h24,18.9,24
2026-04-02,knmi_seamless,h24,20.8,24
2026-04-02,jma_gsm,h24,18.9,24
2026-04-02,gfs_seamless,h0,21.5,24
2026-04-02,cma_grapes_global,h0,21.2,24
2026-04-02,jma_seamless,h0,22.8,24
2026-04-02,knmi_seamless,h0,19.9,24
2026-04-02,jma_gsm,h0,22.8,24
2026-04-03,gfs_seamless,h24,18.7,24
2026-04-03,cma_grapes_global,h24,21.3,24
2026-04-03,jma_seamless,h24,22.0,24
2026-04-03,knmi_seamless,h24,20.9,24
2026-04-03,jma_gsm,h24,22.0,24
2026-04-03,gfs_seamless,h0,19.2,24
2026-04-03,cma_grapes_global,h0,20.0,24
2026-04-03,jma_seamless,h0,21.9,24
2026-04-03,knmi_seamless,h0,19.7,24
2026-04-03,jma_gsm,h0,21.9,24
2026-04-04,gfs_seamless,h24,23.7,24
2026-04-04,cma_grapes_global,h24,21.7,24
2026-04-04,jma_seamless,h24,25.0,24
2026-04-04,knmi_seamless,h24,23.4,24
2026-04-04,jma_gsm,h24,25.0,24
2026-04-04,gfs_seamless,h0,24.7,24
2026-04-04,cma_grapes_global,h0,23.2,24
2026-04-04,jma_seamless,h0,25.7,24
2026-04-04,knmi_seamless,h0,24.4,24
2026-04-04,jma_gsm,h0,25.7,24
2026-04-05,gfs_seamless,h24,26.1,24
2026-04-05,cma_grapes_global,h24,23.9,24
2026-04-05,jma_seamless,h24,26.0,24
2026-04-05,knmi_seamless,h24,26.0,24
2026-04-05,jma_gsm,h24,26.0,24
2026-04-05,gfs_seamless,h0,28.0,24
2026-04-05,cma_grapes_global,h0,25.2,24
2026-04-05,jma_seamless,h0,29.5,24
2026-04-05,knmi_seamless,h0,25.0,24
2026-04-05,jma_gsm,h0,29.5,24
2026-04-06,gfs_seamless,h24,22.2,24
2026-04-06,cma_grapes_global,h24,24.5,24
2026-04-06,jma_seamless,h24,27.3,24
2026-04-06,knmi_seamless,h24,23.9,24
2026-04-06,jma_gsm,h24,27.3,24
2026-04-06,gfs_seamless,h0,23.9,24
2026-04-06,cma_grapes_global,h0,24.3,24
2026-04-06,jma_seamless,h0,25.4,24
2026-04-06,knmi_seamless,h0,23.7,24
2026-04-06,jma_gsm,h0,25.4,24
2026-04-07,gfs_seamless,h24,21.2,24
2026-04-07,cma_grapes_global,h24,22.7,24
2026-04-07,jma_seamless,h24,24.5,24
2026-04-07,knmi_seamless,h24,25.4,24
2026-04-07,jma_gsm,h24,24.5,24
2026-04-07,gfs_seamless,h0,25.9,24
2026-04-07,cma_grapes_global,h0,24.4,24
2026-04-07,jma_seamless,h0,25.4,24
2026-04-07,knmi_seamless,h0,25.5,24
2026-04-07,jma_gsm,h0,25.4,24
2026-04-08,gfs_seamless,h24,24.2,24
2026-04-08,cma_grapes_global,h24,21.3,24
2026-04-08,jma_seamless,h24,23.4,24
2026-04-08,knmi_seamless,h24,21.2,24
2026-04-08,jma_gsm,h24,23.4,24
2026-04-08,gfs_seamless,h0,25.1,24
2026-04-08,cma_grapes_global,h0,23.6,24
2026-04-08,jma_seamless,h0,23.2,24
2026-04-08,knmi_seamless,h0,23.4,24
2026-04-08,jma_gsm,h0,23.2,24
2026-04-09,gfs_seamless,h24,22.3,24
2026-04-09,cma_grapes_global,h24,25.2,24
2026-04-09,jma_seamless,h24,24.4,24
2026-04-09,knmi_seamless,h24,23.8,24
2026-04-09,jma_gsm,h24,24.4,24
2026-04-09,gfs_seamless,h0,23.2,24
2026-04-09,cma_grapes_global,h0,22.5,24
2026-04-09,jma_seamless,h0,22.4,24
2026-04-09,knmi_seamless,h0,20.5,24
2026-04-09,jma_gsm,h0,22.4,24
2026-04-10,gfs_seamless,h24,27.5,24
2026-04-10,cma_grapes_global,h24,26.4,24
2026-04-10,jma_seamless,h24,30.9,24
2026-04-10,knmi_seamless,h24,26.7,24
2026-04-10,jma_gsm,h24,30.9,24
2026-04-10,gfs_seamless,h0,27.5,24
2026-04-10,cma_grapes_global,h0,25.1,24
2026-04-10,jma_seamless,h0,28.4,24
2026-04-10,knmi_seamless,h0,26.2,24
2026-04-10,jma_gsm,h0,28.4,24
2026-04-11,gfs_seamless,h24,21.9,24
2026-04-11,cma_grapes_global,h24,20.9,24
2026-04-11,jma_seamless,h24,24.1,24
2026-04-11,knmi_seamless,h24,23.4,24
2026-04-11,jma_gsm,h24,24.1,24
2026-04-11,gfs_seamless,h0,21.2,24
2026-04-11,cma_grapes_global,h0,22.9,24
2026-04-11,jma_seamless,h0,24.2,24
2026-04-11,knmi_seamless,h0,21.0,24
2026-04-11,jma_gsm,h0,24.2,24
2026-04-12,gfs_seamless,h24,23.9,24
2026-04-12,cma_grapes_global,h24,23.7,24
2026-04-12,jma_seamless,h24,22.9,24
2026-04-12,knmi_seamless,h24,22.6,24
2026-04-12,jma_gsm,h24,22.9,24
2026-04-12,gfs_seamless,h0,22.9,24
2026-04-12,cma_grapes_global,h0,22.6,24
2026-04-12,jma_seamless,h0,22.6,24
2026-04-12,knmi_seamless,h0,23.1,24
2026-04-12,jma_gsm,h0,22.6,24
2026-04-13,gfs_seamless,h24,22.3,24
2026-04-13,cma_grapes_global,h24,22.1,24
2026-04-13,jma_seamless,h24,24.1,24
2026-04-13,knmi_seamless,h24,23.8,24
2026-04-13,jma_gsm,h24,24.1,24
2026-04-13,gfs_seamless,h0,21.1,24
2026-04-13,cma_grapes_global,h0,21.0,24
2026-04-13,jma_seamless,h0,22.6,24
2026-04-13,knmi_seamless,h0,21.8,24
2026-04-13,jma_gsm,h0,22.6,24
2026-04-14,gfs_seamless,h24,20.8,24
2026-04-14,cma_grapes_global,h24,21.5,24
2026-04-14,jma_seamless,h24,22.3,24
2026-04-14,knmi_seamless,h24,19.0,24
2026-04-14,jma_gsm,h24,22.3,24
2026-04-14,gfs_seamless,h0,19.5,24
2026-04-14,cma_grapes_global,h0,18.9,24
2026-04-14,jma_seamless,h0,20.8,24
2026-04-14,knmi_seamless,h0,19.7,24
2026-04-14,jma_gsm,h0,20.8,24
2026-04-15,gfs_seamless,h24,21.9,24
2026-04-15,cma_grapes_global,h24,22.4,24
2026-04-15,jma_seamless,h24,23.4,24
2026-04-15,knmi_seamless,h24,21.0,24
2026-04-15,jma_gsm,h24,23.4,24
2026-04-15,gfs_seamless,h0,22.3,24
2026-04-15,cma_grapes_global,h0,20.8,24
2026-04-15,jma_seamless,h0,22.6,24
2026-04-15,knmi_seamless,h0,21.2,24
2026-04-15,jma_gsm,h0,22.6,24
2026-04-16,gfs_seamless,h24,22.5,24
2026-04-16,cma_grapes_global,h24,22.6,24
2026-04-16,jma_seamless,h24,23.8,24
2026-04-16,knmi_seamless,h24,23.7,24
2026-04-16,jma_gsm,h24,23.8,24
2026-04-16,gfs_seamless,h0,20.6,24
2026-04-16,cma_grapes_global,h0,22.5,24
2026-04-16,jma_seamless,h0,25.1,24
2026-04-16,knmi_seamless,h0,23.1,24
2026-04-16,jma_gsm,h0,25.1,24
2026-04-17,gfs_seamless,h24,26.4,24
2026-04-17,cma_grapes_global,h24,26.2,24
2026-04-17,jma_seamless,h24,29.7,24
2026-04-17,knmi_seamless,h24,26.2,24
2026-04-17,jma_gsm,h24,29.7,24
2026-04-17,gfs_seamless,h0,26.4,24
2026-04-17,cma_grapes_global,h0,25.2,24
2026-04-17,jma_seamless,h0,28.7,24
2026-04-17,knmi_seamless,h0,25.8,24
2026-04-17,jma_gsm,h0,28.7,24
2026-04-18,gfs_seamless,h24,28.0,24
2026-04-18,cma_grapes_global,h24,26.3,24
2026-04-18,jma_seamless,h24,29.6,24
2026-04-18,knmi_seamless,h24,26.7,24
2026-04-18,jma_gsm,h24,29.6,24
2026-04-18,gfs_seamless,h0,28.6,24
2026-04-18,cma_grapes_global,h0,27.0,24
2026-04-18,jma_seamless,h0,28.6,24
2026-04-18,knmi_seamless,h0,26.6,24
2026-04-18,jma_gsm,h0,28.6,24
2026-04-19,gfs_seamless,h24,30.1,24
2026-04-19,cma_grapes_global,h24,27.4,24
2026-04-19,jma_seamless,h24,31.8,24
2026-04-19,knmi_seamless,h24,28.5,24
2026-04-19,jma_gsm,h24,31.8,24
2026-04-19,gfs_seamless,h0,30.9,24
2026-04-19,cma_grapes_global,h0,28.8,24
2026-04-19,jma_seamless,h0,32.2,24
2026-04-19,knmi_seamless,h0,28.9,24
2026-04-19,jma_gsm,h0,32.2,24
2026-04-20,gfs_seamless,h24,22.8,24
2026-04-20,cma_grapes_global,h24,21.7,24
2026-04-20,jma_seamless,h24,24.9,24
2026-04-20,knmi_seamless,h24,20.5,24
2026-04-20,jma_gsm,h24,24.9,24
2026-04-20,gfs_seamless,h0,23.5,24
2026-04-20,cma_grapes_global,h0,20.1,24
2026-04-20,jma_seamless,h0,25.3,24
2026-04-20,knmi_seamless,h0,21.2,24
2026-04-20,jma_gsm,h0,25.3,24
2026-04-21,gfs_seamless,h24,16.5,24
2026-04-21,cma_grapes_global,h24,17.0,24
2026-04-21,jma_seamless,h24,18.9,24
2026-04-21,knmi_seamless,h24,21.1,24
2026-04-21,jma_gsm,h24,18.9,24
2026-04-21,gfs_seamless,h0,16.3,24
2026-04-21,cma_grapes_global,h0,18.6,24
2026-04-21,jma_seamless,h0,20.3,24
2026-04-21,knmi_seamless,h0,19.5,24
2026-04-21,jma_gsm,h0,20.3,24
2026-04-22,gfs_seamless,h24,15.4,24
2026-04-22,cma_grapes_global,h24,17.5,24
2026-04-22,jma_seamless,h24,18.5,24
2026-04-22,knmi_seamless,h24,17.3,24
2026-04-22,jma_gsm,h24,18.5,24
2026-04-22,gfs_seamless,h0,14.2,24
2026-04-22,cma_grapes_global,h0,16.5,24
2026-04-22,jma_seamless,h0,18.7,24
2026-04-22,knmi_seamless,h0,15.8,24
2026-04-22,jma_gsm,h0,18.7,24
2026-04-23,gfs_seamless,h24,17.7,24
2026-04-23,cma_grapes_global,h24,19.1,24
2026-04-23,jma_seamless,h24,21.6,24
2026-04-23,knmi_seamless,h24,18.2,24
2026-04-23,jma_gsm,h24,21.6,24
2026-04-23,gfs_seamless,h0,16.3,24
2026-04-23,cma_grapes_global,h0,18.0,24
2026-04-23,jma_seamless,h0,19.6,24
2026-04-23,knmi_seamless,h0,17.6,24
2026-04-23,jma_gsm,h0,19.6,24
2026-04-24,gfs_seamless,h24,22.0,24
2026-04-24,cma_grapes_global,h24,21.6,24
2026-04-24,jma_seamless,h24,24.6,24
2026-04-24,knmi_seamless,h24,21.5,24
2026-04-24,jma_gsm,h24,24.6,24
2026-04-24,gfs_seamless,h0,21.8,24
2026-04-24,cma_grapes_global,h0,20.9,24
2026-04-24,jma_seamless,h0,23.9,24
2026-04-24,knmi_seamless,h0,21.1,24
2026-04-24,jma_gsm,h0,23.9,24
2026-04-25,gfs_seamless,h24,26.3,24
2026-04-25,cma_grapes_global,h24,24.2,24
2026-04-25,jma_seamless,h24,26.7,24
2026-04-25,knmi_seamless,h24,24.9,24
2026-04-25,jma_gsm,h24,26.7,24
2026-04-25,gfs_seamless,h0,25.3,24
2026-04-25,cma_grapes_global,h0,23.7,24
2026-04-25,jma_seamless,h0,25.2,24
2026-04-25,knmi_seamless,h0,23.5,24
2026-04-25,jma_gsm,h0,25.2,24
2026-04-26,gfs_seamless,h24,30.0,24
2026-04-26,cma_grapes_global,h24,27.6,24
2026-04-26,jma_seamless,h24,32.8,24
2026-04-26,knmi_seamless,h24,28.4,24
2026-04-26,jma_gsm,h24,32.8,24
2026-04-26,gfs_seamless,h0,30.1,24
2026-04-26,cma_grapes_global,h0,28.1,24
2026-04-26,jma_seamless,h0,32.8,24
2026-04-26,knmi_seamless,h0,28.5,24
2026-04-26,jma_gsm,h0,32.8,24
2026-04-27,gfs_seamless,h24,22.8,24
2026-04-27,cma_grapes_global,h24,24.4,24
2026-04-27,jma_seamless,h24,24.6,24
2026-04-27,knmi_seamless,h24,22.5,24
2026-04-27,jma_gsm,h24,24.6,24
2026-04-27,gfs_seamless,h0,25.5,24
2026-04-27,cma_grapes_global,h0,26.0,24
2026-04-27,jma_seamless,h0,25.4,24
2026-04-27,knmi_seamless,h0,23.6,24
2026-04-27,jma_gsm,h0,25.4,24
2026-04-28,gfs_seamless,h24,19.0,24
2026-04-28,cma_grapes_global,h24,20.6,24
2026-04-28,jma_seamless,h24,20.0,24
2026-04-28,knmi_seamless,h24,19.8,24
2026-04-28,jma_gsm,h24,20.0,24
2026-04-28,gfs_seamless,h0,18.4,24
2026-04-28,cma_grapes_global,h0,20.1,24
2026-04-28,jma_seamless,h0,19.0,24
2026-04-28,knmi_seamless,h0,19.2,24
2026-04-28,jma_gsm,h0,19.0,24
2026-04-29,gfs_seamless,h24,20.6,24
2026-04-29,cma_grapes_global,h24,20.9,24
2026-04-29,jma_seamless,h24,21.9,24
2026-04-29,knmi_seamless,h24,20.7,24
2026-04-29,jma_gsm,h24,21.9,24
2026-04-29,gfs_seamless,h0,19.0,24
2026-04-29,cma_grapes_global,h0,19.1,24
2026-04-29,jma_seamless,h0,20.1,24
2026-04-29,knmi_seamless,h0,18.3,24
2026-04-29,jma_gsm,h0,20.1,24
2026-04-30,gfs_seamless,h24,22.6,24
2026-04-30,cma_grapes_global,h24,20.8,24
2026-04-30,jma_seamless,h24,24.4,24
2026-04-30,knmi_seamless,h24,21.4,24
2026-04-30,jma_gsm,h24,24.4,24
2026-04-30,gfs_seamless,h0,22.8,24
2026-04-30,cma_grapes_global,h0,20.8,24
2026-04-30,jma_seamless,h0,24.0,24
2026-04-30,knmi_seamless,h0,21.7,24
2026-04-30,jma_gsm,h0,24.0,24
2026-05-01,gfs_seamless,h24,25.3,24
2026-05-01,cma_grapes_global,h24,23.2,24
2026-05-01,jma_seamless,h24,27.4,24
2026-05-01,knmi_seamless,h24,24.4,24
2026-05-01,jma_gsm,h24,27.4,24
2026-05-01,gfs_seamless,h0,25.6,24
2026-05-01,cma_grapes_global,h0,24.4,24
2026-05-01,jma_seamless,h0,25.8,24
2026-05-01,knmi_seamless,h0,24.4,24
2026-05-01,jma_gsm,h0,25.8,24
2026-05-02,gfs_seamless,h24,19.2,24
2026-05-02,cma_grapes_global,h24,19.2,24
2026-05-02,jma_seamless,h24,21.6,24
2026-05-02,knmi_seamless,h24,19.5,24
2026-05-02,jma_gsm,h24,21.6,24
2026-05-02,gfs_seamless,h0,19.4,24
2026-05-02,cma_grapes_global,h0,20.6,24
2026-05-02,jma_seamless,h0,21.6,24
2026-05-02,knmi_seamless,h0,19.7,24
2026-05-02,jma_gsm,h0,21.6,24
2026-05-03,gfs_seamless,h24,25.2,24
2026-05-03,cma_grapes_global,h24,24.1,24
2026-05-03,jma_seamless,h24,27.5,24
2026-05-03,knmi_seamless,h24,23.8,24
2026-05-03,jma_gsm,h24,27.5,24
2026-05-03,gfs_seamless,h0,24.2,24
2026-05-03,cma_grapes_global,h0,23.5,24
2026-05-03,jma_seamless,h0,25.9,24
2026-05-03,knmi_seamless,h0,24.5,24
2026-05-03,jma_gsm,h0,25.9,24
2026-05-04,gfs_seamless,h24,27.4,24
2026-05-04,cma_grapes_global,h24,25.9,24
2026-05-04,jma_seamless,h24,30.8,24
2026-05-04,knmi_seamless,h24,26.2,24
2026-05-04,jma_gsm,h24,30.8,24
2026-05-04,gfs_seamless,h0,27.9,24
2026-05-04,cma_grapes_global,h0,26.0,24
2026-05-04,jma_seamless,h0,29.7,24
2026-05-04,knmi_seamless,h0,26.4,24
2026-05-04,jma_gsm,h0,29.7,24
2026-05-05,gfs_seamless,h24,29.1,24
2026-05-05,cma_grapes_global,h24,26.8,24
2026-05-05,jma_seamless,h24,31.1,24
2026-05-05,knmi_seamless,h24,27.7,24
2026-05-05,jma_gsm,h24,31.1,24
2026-05-05,gfs_seamless,h0,29.0,24
2026-05-05,cma_grapes_global,h0,28.2,24
2026-05-05,jma_seamless,h0,31.8,24
2026-05-05,knmi_seamless,h0,28.0,24
2026-05-05,jma_gsm,h0,31.8,24
2026-05-06,gfs_seamless,h24,31.3,24
2026-05-06,cma_grapes_global,h24,29.2,24
2026-05-06,jma_seamless,h24,33.4,24
2026-05-06,knmi_seamless,h24,29.8,24
2026-05-06,jma_gsm,h24,33.4,24
2026-05-06,gfs_seamless,h0,31.1,24
2026-05-06,cma_grapes_global,h0,30.0,24
2026-05-06,jma_seamless,h0,33.3,24
2026-05-06,knmi_seamless,h0,29.9,24
2026-05-06,jma_gsm,h0,33.3,24
2026-05-07,gfs_seamless,h24,22.9,24
2026-05-07,cma_grapes_global,h24,23.6,24
2026-05-07,jma_seamless,h24,24.4,24
2026-05-07,knmi_seamless,h24,22.5,24
2026-05-07,jma_gsm,h24,24.4,24
2026-05-07,gfs_seamless,h0,23.4,24
2026-05-07,cma_grapes_global,h0,23.6,24
2026-05-07,jma_seamless,h0,25.6,24
2026-05-07,knmi_seamless,h0,23.5,24
2026-05-07,jma_gsm,h0,25.6,24
2026-05-08,gfs_seamless,h24,22.7,24
2026-05-08,cma_grapes_global,h24,21.5,24
2026-05-08,jma_seamless,h24,25.2,24
2026-05-08,knmi_seamless,h24,22.5,24
2026-05-08,jma_gsm,h24,25.2,24
2026-05-08,gfs_seamless,h0,23.2,24
2026-05-08,cma_grapes_global,h0,22.5,24
2026-05-08,jma_seamless,h0,22.6,24
2026-05-08,knmi_seamless,h0,21.7,24
2026-05-08,jma_gsm,h0,22.6,24
2026-05-09,gfs_seamless,h24,25.2,24
2026-05-09,cma_grapes_global,h24,23.4,24
2026-05-09,jma_seamless,h24,27.9,24
2026-05-09,knmi_seamless,h24,24.8,24
2026-05-09,jma_gsm,h24,27.9,24
2026-05-09,gfs_seamless,h0,25.4,24
2026-05-09,cma_grapes_global,h0,23.5,24
2026-05-09,jma_seamless,h0,25.9,24
2026-05-09,knmi_seamless,h0,24.8,24
2026-05-09,jma_gsm,h0,25.9,24
2026-05-10,gfs_seamless,h24,28.3,24
2026-05-10,cma_grapes_global,h24,26.1,24
2026-05-10,jma_seamless,h24,31.5,24
2026-05-10,knmi_seamless,h24,26.9,24
2026-05-10,jma_gsm,h24,31.5,24
2026-05-10,gfs_seamless,h0,28.9,24
2026-05-10,cma_grapes_global,h0,25.8,24
2026-05-10,jma_seamless,h0,30.2,24
2026-05-10,knmi_seamless,h0,26.4,24
2026-05-10,jma_gsm,h0,30.2,24
2026-05-11,gfs_seamless,h24,31.3,24
2026-05-11,cma_grapes_global,h24,28.3,24
2026-05-11,jma_seamless,h24,34.4,24
2026-05-11,knmi_seamless,h24,29.4,24
2026-05-11,jma_gsm,h24,34.4,24
2026-05-11,gfs_seamless,h0,31.8,24
2026-05-11,cma_grapes_global,h0,28.4,24
2026-05-11,jma_seamless,h0,33.0,24
2026-05-11,knmi_seamless,h0,29.1,24
2026-05-11,jma_gsm,h0,33.0,24
2026-05-12,gfs_seamless,h24,30.3,24
2026-05-12,cma_grapes_global,h24,28.1,24
2026-05-12,jma_seamless,h24,34.0,24
2026-05-12,knmi_seamless,h24,29.4,24
2026-05-12,jma_gsm,h24,34.0,24
2026-05-12,gfs_seamless,h0,29.9,24
2026-05-12,cma_grapes_global,h0,28.1,24
2026-05-12,jma_seamless,h0,31.6,24
2026-05-12,knmi_seamless,h0,29.1,24
2026-05-12,jma_gsm,h0,31.6,24
2026-05-13,gfs_seamless,h24,26.0,24
2026-05-13,cma_grapes_global,h24,27.1,24
2026-05-13,jma_seamless,h24,28.9,24
2026-05-13,knmi_seamless,h24,28.2,24
2026-05-13,jma_gsm,h24,28.9,24
2026-05-13,gfs_seamless,h0,28.6,24
2026-05-13,cma_grapes_global,h0,24.7,24
2026-05-13,jma_seamless,h0,24.9,24
2026-05-13,knmi_seamless,h0,26.7,24
2026-05-13,jma_gsm,h0,24.9,24
2026-05-14,gfs_seamless,h24,24.1,24
2026-05-14,cma_grapes_global,h24,27.5,24
2026-05-14,jma_seamless,h24,26.1,24
2026-05-14,knmi_seamless,h24,28.0,24
2026-05-14,jma_gsm,h24,26.1,24
2026-05-14,gfs_seamless,h0,26.5,24
2026-05-14,cma_grapes_global,h0,27.2,24
2026-05-14,jma_seamless,h0,26.1,24
2026-05-14,knmi_seamless,h0,27.4,24
2026-05-14,jma_gsm,h0,26.1,24
2026-05-15,gfs_seamless,h24,29.4,24
2026-05-15,cma_grapes_global,h24,27.4,24
2026-05-15,jma_seamless,h24,27.4,24
2026-05-15,knmi_seamless,h24,28.6,24
2026-05-15,jma_gsm,h24,27.4,24
2026-05-15,gfs_seamless,h0,29.0,24
2026-05-15,cma_grapes_global,h0,26.0,24
2026-05-15,jma_seamless,h0,26.3,24
2026-05-15,knmi_seamless,h0,27.7,24
2026-05-15,jma_gsm,h0,26.3,24
2026-05-16,gfs_seamless,h24,30.9,24
2026-05-16,cma_grapes_global,h24,28.2,24
2026-05-16,jma_seamless,h24,28.7,24
2026-05-16,knmi_seamless,h24,29.5,24
2026-05-16,jma_gsm,h24,28.7,24
2026-05-16,gfs_seamless,h0,30.8,24
2026-05-16,cma_grapes_global,h0,29.2,24
2026-05-16,jma_seamless,h0,30.2,24
2026-05-16,knmi_seamless,h0,29.6,24
2026-05-16,jma_gsm,h0,30.2,24
2026-05-17,gfs_seamless,h24,29.1,24
2026-05-17,cma_grapes_global,h24,27.4,24
2026-05-17,jma_seamless,h24,28.8,24
2026-05-17,knmi_seamless,h24,27.6,24
2026-05-17,jma_gsm,h24,28.8,24
2026-05-17,gfs_seamless,h0,29.1,24
2026-05-17,cma_grapes_global,h0,27.4,24
2026-05-17,jma_seamless,h0,28.4,24
2026-05-17,knmi_seamless,h0,28.8,24
2026-05-17,jma_gsm,h0,28.4,24
2026-05-18,gfs_seamless,h24,23.4,24
2026-05-18,cma_grapes_global,h24,25.1,24
2026-05-18,jma_seamless,h24,24.5,24
2026-05-18,knmi_seamless,h24,26.1,24
2026-05-18,jma_gsm,h24,24.5,24
2026-05-18,gfs_seamless,h0,23.9,24
2026-05-18,cma_grapes_global,h0,25.6,24
2026-05-18,jma_seamless,h0,24.8,24
2026-05-18,knmi_seamless,h0,25.3,24
2026-05-18,jma_gsm,h0,24.8,24
2026-05-19,gfs_seamless,h24,24.9,24
2026-05-19,cma_grapes_global,h24,26.4,24
2026-05-19,jma_seamless,h24,27.7,24
2026-05-19,knmi_seamless,h24,25.0,24
2026-05-19,jma_gsm,h24,27.7,24
2026-05-19,gfs_seamless,h0,24.4,24
2026-05-19,cma_grapes_global,h0,24.4,24
2026-05-19,jma_seamless,h0,26.4,24
2026-05-19,knmi_seamless,h0,25.4,24
2026-05-19,jma_gsm,h0,26.4,24
2026-05-20,gfs_seamless,h24,24.8,24
2026-05-20,cma_grapes_global,h24,26.5,24
2026-05-20,jma_seamless,h24,28.9,24
2026-05-20,knmi_seamless,h24,26.9,24
2026-05-20,jma_gsm,h24,28.9,24
2026-05-20,gfs_seamless,h0,25.4,24
2026-05-20,cma_grapes_global,h0,25.3,24
2026-05-20,jma_seamless,h0,26.4,24
2026-05-20,knmi_seamless,h0,25.4,24
2026-05-20,jma_gsm,h0,26.4,24
2026-05-21,gfs_seamless,h24,28.6,24
2026-05-21,cma_grapes_global,h24,28.5,24
2026-05-21,jma_seamless,h24,31.4,24
2026-05-21,knmi_seamless,h24,29.1,24
2026-05-21,jma_gsm,h24,31.4,24
2026-05-21,gfs_seamless,h0,29.5,24
2026-05-21,cma_grapes_global,h0,26.8,24
2026-05-21,jma_seamless,h0,30.2,24
2026-05-21,knmi_seamless,h0,28.4,24
2026-05-21,jma_gsm,h0,30.2,24
2026-05-22,gfs_seamless,h24,29.4,24
2026-05-22,cma_grapes_global,h24,29.5,24
2026-05-22,jma_seamless,h24,28.6,24
2026-05-22,knmi_seamless,h24,30.0,24
2026-05-22,jma_gsm,h24,28.6,24
2026-05-22,gfs_seamless,h0,29.3,24
2026-05-22,cma_grapes_global,h0,29.2,24
2026-05-22,jma_seamless,h0,28.1,24
2026-05-22,knmi_seamless,h0,29.9,24
2026-05-22,jma_gsm,h0,28.1,24
2026-05-23,gfs_seamless,h24,32.1,24
2026-05-23,cma_grapes_global,h24,31.4,24
2026-05-23,jma_seamless,h24,30.0,24
2026-05-23,knmi_seamless,h24,30.1,24
2026-05-23,jma_gsm,h24,30.0,24
2026-05-23,gfs_seamless,h0,29.9,24
2026-05-23,cma_grapes_global,h0,29.2,24
2026-05-23,jma_seamless,h0,27.7,24
2026-05-23,knmi_seamless,h0,29.5,24
2026-05-23,jma_gsm,h0,27.7,24
2026-05-24,gfs_seamless,h24,27.4,24
2026-05-24,cma_grapes_global,h24,30.0,24
2026-05-24,jma_seamless,h24,28.9,24
2026-05-24,knmi_seamless,h24,29.2,24
2026-05-24,jma_gsm,h24,28.9,24
2026-05-24,gfs_seamless,h0,29.6,24
2026-05-24,cma_grapes_global,h0,29.3,24
2026-05-24,jma_seamless,h0,29.6,24
2026-05-24,knmi_seamless,h0,28.7,24
2026-05-24,jma_gsm,h0,29.6,24
2026-05-25,gfs_seamless,h24,30.2,24
2026-05-25,cma_grapes_global,h24,31.4,24
2026-05-25,jma_seamless,h24,30.3,24
2026-05-25,knmi_seamless,h24,30.7,24
2026-05-25,jma_gsm,h24,30.3,24
2026-05-25,gfs_seamless,h0,32.9,24
2026-05-25,cma_grapes_global,h0,32.5,24
2026-05-25,jma_seamless,h0,30.1,24
2026-05-25,knmi_seamless,h0,31.8,24
2026-05-25,jma_gsm,h0,30.1,24
2026-05-26,gfs_seamless,h24,24.7,24
2026-05-26,cma_grapes_global,h24,28.3,24
2026-05-26,jma_seamless,h24,28.2,24
2026-05-26,knmi_seamless,h24,29.0,24
2026-05-26,jma_gsm,h24,28.2,24
2026-05-26,gfs_seamless,h0,27.4,24
2026-05-26,cma_grapes_global,h0,26.6,24
2026-05-26,jma_seamless,h0,26.3,24
2026-05-26,knmi_seamless,h0,27.0,24
2026-05-26,jma_gsm,h0,26.3,24
2026-05-27,gfs_seamless,h24,27.5,24
2026-05-27,cma_grapes_global,h24,28.1,24
2026-05-27,jma_seamless,h24,25.7,24
2026-05-27,knmi_seamless,h24,27.7,24
2026-05-27,jma_gsm,h24,25.7,24
2026-05-27,gfs_seamless,h0,24.7,24
2026-05-27,cma_grapes_global,h0,26.0,24
2026-05-27,jma_seamless,h0,26.3,24
2026-05-27,knmi_seamless,h0,27.0,24
2026-05-27,jma_gsm,h0,26.3,24
2026-05-28,gfs_seamless,h24,29.2,24
2026-05-28,cma_grapes_global,h24,31.0,24
2026-05-28,jma_seamless,h24,30.7,24
2026-05-28,knmi_seamless,h24,30.8,24
2026-05-28,jma_gsm,h24,30.7,24
2026-05-28,gfs_seamless,h0,31.7,24
2026-05-28,cma_grapes_global,h0,29.5,24
2026-05-28,jma_seamless,h0,33.9,24
2026-05-28,knmi_seamless,h0,31.0,24
2026-05-28,jma_gsm,h0,33.9,24
2026-05-29,gfs_seamless,h24,23.4,24
2026-05-29,cma_grapes_global,h24,25.6,24
2026-05-29,jma_seamless,h24,29.2,24
2026-05-29,knmi_seamless,h24,27.8,24
2026-05-29,jma_gsm,h24,29.2,24
2026-05-29,gfs_seamless,h0,28.4,24
2026-05-29,cma_grapes_global,h0,28.1,24
2026-05-29,jma_seamless,h0,28.5,24
2026-05-29,knmi_seamless,h0,26.9,24
2026-05-29,jma_gsm,h0,28.5,24
2026-05-30,gfs_seamless,h24,28.9,24
2026-05-30,cma_grapes_global,h24,28.7,24
2026-05-30,jma_seamless,h24,32.9,24
2026-05-30,knmi_seamless,h24,29.3,24
2026-05-30,jma_gsm,h24,32.9,24
2026-05-30,gfs_seamless,h0,28.3,24
2026-05-30,cma_grapes_global,h0,28.2,24
2026-05-30,jma_seamless,h0,31.8,24
2026-05-30,knmi_seamless,h0,28.8,24
2026-05-30,jma_gsm,h0,31.8,24
2026-05-31,gfs_seamless,h24,30.3,24
2026-05-31,cma_grapes_global,h24,29.0,24
2026-05-31,jma_seamless,h24,33.9,24
2026-05-31,knmi_seamless,h24,29.6,24
2026-05-31,jma_gsm,h24,33.9,24
2026-05-31,gfs_seamless,h0,30.9,24
2026-05-31,cma_grapes_global,h0,28.5,24
2026-05-31,jma_seamless,h0,32.1,24
2026-05-31,knmi_seamless,h0,29.3,24
2026-05-31,jma_gsm,h0,32.1,24
2026-06-01,gfs_seamless,h24,31.8,24
2026-06-01,cma_grapes_global,h24,31.4,24
2026-06-01,jma_seamless,h24,33.7,24
2026-06-01,knmi_seamless,h24,30.6,24
2026-06-01,jma_gsm,h24,33.7,24
2026-06-01,gfs_seamless,h0,31.4,24
2026-06-01,cma_grapes_global,h0,30.4,24
2026-06-01,jma_seamless,h0,32.6,24
2026-06-01,knmi_seamless,h0,30.5,24
2026-06-01,jma_gsm,h0,32.6,24
2026-06-02,gfs_seamless,h24,33.2,24
2026-06-02,cma_grapes_global,h24,32.6,24
2026-06-02,jma_seamless,h24,35.2,24
2026-06-02,knmi_seamless,h24,31.5,24
2026-06-02,jma_gsm,h24,35.2,24
2026-06-02,gfs_seamless,h0,31.4,24
2026-06-02,cma_grapes_global,h0,31.1,24
2026-06-02,jma_seamless,h0,30.1,24
2026-06-02,knmi_seamless,h0,31.3,24
2026-06-02,jma_gsm,h0,30.1,24
2026-06-03,gfs_seamless,h24,27.6,24
2026-06-03,cma_grapes_global,h24,31.2,24
2026-06-03,jma_seamless,h24,30.8,24
2026-06-03,knmi_seamless,h24,31.2,24
2026-06-03,jma_gsm,h24,30.8,24
2026-06-03,gfs_seamless,h0,29.8,24
2026-06-03,cma_grapes_global,h0,29.9,24
2026-06-03,jma_seamless,h0,29.1,24
2026-06-03,knmi_seamless,h0,30.5,24
2026-06-03,jma_gsm,h0,29.1,24
2026-06-04,gfs_seamless,h24,34.1,24
2026-06-04,cma_grapes_global,h24,32.0,24
2026-06-04,jma_seamless,h24,33.1,24
2026-06-04,knmi_seamless,h24,32.5,24
2026-06-04,jma_gsm,h24,33.1,24
2026-06-04,gfs_seamless,h0,32.8,24
2026-06-04,cma_grapes_global,h0,30.9,24
2026-06-04,jma_seamless,h0,31.6,24
2026-06-04,knmi_seamless,h0,31.2,24
2026-06-04,jma_gsm,h0,31.6,24
2026-06-05,gfs_seamless,h24,33.8,24
2026-06-05,cma_grapes_global,h24,33.1,24
2026-06-05,jma_seamless,h24,34.8,24
2026-06-05,knmi_seamless,h24,32.9,24
2026-06-05,jma_gsm,h24,34.8,24
2026-06-05,gfs_seamless,h0,34.6,24
2026-06-05,cma_grapes_global,h0,33.8,24
2026-06-05,jma_seamless,h0,33.2,24
2026-06-05,knmi_seamless,h0,32.0,24
2026-06-05,jma_gsm,h0,33.2,24
2026-06-06,gfs_seamless,h24,34.2,24
2026-06-06,cma_grapes_global,h24,32.5,24
2026-06-06,jma_seamless,h24,33.9,24
2026-06-06,knmi_seamless,h24,32.0,24
2026-06-06,jma_gsm,h24,33.9,24
2026-06-06,gfs_seamless,h0,34.4,24
2026-06-06,cma_grapes_global,h0,32.6,24
2026-06-06,jma_seamless,h0,34.2,24
2026-06-06,knmi_seamless,h0,32.5,24
2026-06-06,jma_gsm,h0,34.2,24
2026-06-07,gfs_seamless,h24,25.9,24
2026-06-07,cma_grapes_global,h24,29.3,24
2026-06-07,jma_seamless,h24,27.2,24
2026-06-07,knmi_seamless,h24,27.1,24
2026-06-07,jma_gsm,h24,27.2,24
2026-06-07,gfs_seamless,h0,25.3,24
2026-06-07,cma_grapes_global,h0,25.4,24
2026-06-07,jma_seamless,h0,26.0,24
2026-06-07,knmi_seamless,h0,25.8,24
2026-06-07,jma_gsm,h0,26.0,24
2026-06-08,gfs_seamless,h24,19.4,24
2026-06-08,cma_grapes_global,h24,22.4,24
2026-06-08,jma_seamless,h24,22.2,24
2026-06-08,knmi_seamless,h24,21.5,24
2026-06-08,jma_gsm,h24,22.2,24
2026-06-08,gfs_seamless,h0,19.6,24
2026-06-08,cma_grapes_global,h0,23.1,24
2026-06-08,jma_seamless,h0,22.7,24
2026-06-08,knmi_seamless,h0,22.0,24
2026-06-08,jma_gsm,h0,22.7,24
2026-06-09,gfs_seamless,h24,28.8,24
2026-06-09,cma_grapes_global,h24,26.1,24
2026-06-09,jma_seamless,h24,28.7,24
2026-06-09,knmi_seamless,h24,27.5,24
2026-06-09,jma_gsm,h24,28.7,24
2026-06-09,gfs_seamless,h0,27.9,24
2026-06-09,cma_grapes_global,h0,26.8,24
2026-06-09,jma_seamless,h0,29.0,24
2026-06-09,knmi_seamless,h0,27.5,24
2026-06-09,jma_gsm,h0,29.0,24
2026-06-10,gfs_seamless,h24,30.5,24
2026-06-10,cma_grapes_global,h24,29.8,24
2026-06-10,jma_seamless,h24,32.3,24
2026-06-10,knmi_seamless,h24,29.5,24
2026-06-10,jma_gsm,h24,32.3,24
2026-06-10,gfs_seamless,h0,30.7,24
2026-06-10,cma_grapes_global,h0,29.9,24
2026-06-10,jma_seamless,h0,31.3,24
2026-06-10,knmi_seamless,h0,29.0,24
2026-06-10,jma_gsm,h0,31.3,24
2026-06-11,gfs_seamless,h24,32.5,24
2026-06-11,cma_grapes_global,h24,30.3,24
2026-06-11,jma_seamless,h24,33.6,24
2026-06-11,knmi_seamless,h24,30.9,24
2026-06-11,jma_gsm,h24,33.6,24
2026-06-11,gfs_seamless,h0,31.8,24
2026-06-11,cma_grapes_global,h0,30.2,24
2026-06-11,jma_seamless,h0,31.4,24
2026-06-11,knmi_seamless,h0,29.9,24
2026-06-11,jma_gsm,h0,31.4,24
2026-06-12,gfs_seamless,h24,27.4,24
2026-06-12,cma_grapes_global,h24,27.4,24
2026-06-12,jma_seamless,h24,27.9,24
2026-06-12,knmi_seamless,h24,27.9,24
2026-06-12,jma_gsm,h24,27.9,24
2026-06-12,gfs_seamless,h0,27.4,24
2026-06-12,cma_grapes_global,h0,27.3,24
2026-06-12,jma_seamless,h0,26.2,24
2026-06-12,knmi_seamless,h0,28.2,24
2026-06-12,jma_gsm,h0,26.2,24
2026-06-13,gfs_seamless,h24,27.4,24
2026-06-13,cma_grapes_global,h24,27.4,24
2026-06-13,jma_seamless,h24,28.0,24
2026-06-13,knmi_seamless,h24,28.0,24
2026-06-13,jma_gsm,h24,28.0,24
2026-06-13,gfs_seamless,h0,22.8,24
2026-06-13,cma_grapes_global,h0,25.6,24
2026-06-13,jma_seamless,h0,25.7,24
2026-06-13,knmi_seamless,h0,24.7,24
2026-06-13,jma_gsm,h0,25.7,24
2026-06-14,gfs_seamless,h24,30.9,24
2026-06-14,cma_grapes_global,h24,31.0,24
2026-06-14,jma_seamless,h24,31.7,24
2026-06-14,knmi_seamless,h24,29.5,24
2026-06-14,jma_gsm,h24,31.7,24
2026-06-14,gfs_seamless,h0,30.6,24
2026-06-14,cma_grapes_global,h0,27.8,24
2026-06-14,jma_seamless,h0,29.9,24
2026-06-14,knmi_seamless,h0,29.4,24
2026-06-14,jma_gsm,h0,29.9,24
2026-06-15,gfs_seamless,h24,33.1,24
2026-06-15,cma_grapes_global,h24,30.8,24
2026-06-15,jma_seamless,h24,33.1,24
2026-06-15,knmi_seamless,h24,30.7,24
2026-06-15,jma_gsm,h24,33.1,24
2026-06-15,gfs_seamless,h0,32.0,24
2026-06-15,cma_grapes_global,h0,30.6,24
2026-06-15,jma_seamless,h0,32.9,24
2026-06-15,knmi_seamless,h0,30.8,24
2026-06-15,jma_gsm,h0,32.9,24
2026-06-16,gfs_seamless,h24,32.6,24
2026-06-16,cma_grapes_global,h24,29.3,24
2026-06-16,jma_seamless,h24,29.7,24
2026-06-16,knmi_seamless,h24,30.3,24
2026-06-16,jma_gsm,h24,29.7,24
2026-06-16,gfs_seamless,h0,32.7,24
2026-06-16,cma_grapes_global,h0,30.1,24
2026-06-16,jma_seamless,h0,30.1,24
2026-06-16,knmi_seamless,h0,30.3,24
2026-06-16,jma_gsm,h0,30.1,24
2026-06-17,gfs_seamless,h24,34.7,24
2026-06-17,cma_grapes_global,h24,32.5,24
2026-06-17,jma_seamless,h24,34.0,24
2026-06-17,knmi_seamless,h24,32.1,24
2026-06-17,jma_gsm,h24,34.0,24
2026-06-17,gfs_seamless,h0,33.7,24
2026-06-17,cma_grapes_global,h0,31.8,24
2026-06-17,jma_seamless,h0,31.1,24
2026-06-17,knmi_seamless,h0,32.3,24
2026-06-17,jma_gsm,h0,31.1,24
2026-06-18,gfs_seamless,h24,30.8,24
2026-06-18,cma_grapes_global,h24,27.6,24
2026-06-18,jma_seamless,h24,29.0,24
2026-06-18,knmi_seamless,h24,30.8,24
2026-06-18,jma_gsm,h24,29.0,24
2026-06-18,gfs_seamless,h0,28.3,24
2026-06-18,cma_grapes_global,h0,31.0,24
2026-06-18,jma_seamless,h0,27.2,24
2026-06-18,knmi_seamless,h0,29.4,24
2026-06-18,jma_gsm,h0,27.2,24
2026-06-19,icon_seamless,h24,26.9,24
2026-06-19,ukmo_seamless,h24,29.4,24
2026-06-19,meteofrance_seamless,h24,25.9,24
2026-06-19,gem_seamless,h24,27.2,24
2026-06-19,ecmwf_ifs025,h24,28.6,24
2026-06-19,ecmwf_aifs025_single,h24,26.9,24
2026-06-19,icon_seamless,h0,27.6,24
2026-06-19,ukmo_seamless,h0,28.5,24
2026-06-19,meteofrance_seamless,h0,27.3,24
2026-06-19,gem_seamless,h0,27.4,24
2026-06-19,ecmwf_ifs025,h0,28.2,24
2026-06-19,ecmwf_aifs025_single,h0,27.2,24
2026-06-20,icon_seamless,h24,31.4,24
2026-06-20,ukmo_seamless,h24,31.7,24
2026-06-20,meteofrance_seamless,h24,30.0,24
2026-06-20,gem_seamless,h24,30.4,24
2026-06-20,ecmwf_ifs025,h24,31.3,24
2026-06-20,ecmwf_aifs025_single,h24,30.8,24
2026-06-20,icon_seamless,h0,30.8,24
2026-06-20,ukmo_seamless,h0,30.5,24
2026-06-20,meteofrance_seamless,h0,30.3,24
2026-06-20,gem_seamless,h0,30.3,24
2026-06-20,ecmwf_ifs025,h0,30.2,24
2026-06-20,ecmwf_aifs025_single,h0,29.7,24
2026-06-21,icon_seamless,h24,27.2,24
2026-06-21,ukmo_seamless,h24,29.4,24
2026-06-21,meteofrance_seamless,h24,27.5,24
2026-06-21,gem_seamless,h24,25.6,24
2026-06-21,ecmwf_ifs025,h24,26.2,24
2026-06-21,ecmwf_aifs025_single,h24,25.8,24
2026-06-21,icon_seamless,h0,26.0,24
2026-06-21,ukmo_seamless,h0,29.3,24
2026-06-21,meteofrance_seamless,h0,27.1,24
2026-06-21,gem_seamless,h0,27.9,24
2026-06-21,ecmwf_ifs025,h0,28.6,24
2026-06-21,ecmwf_aifs025_single,h0,26.6,24
2026-06-22,icon_seamless,h24,24.6,24
2026-06-22,ukmo_seamless,h24,28.0,24
2026-06-22,meteofrance_seamless,h24,25.0,24
2026-06-22,gem_seamless,h24,24.9,24
2026-06-22,ecmwf_ifs025,h24,25.9,24
2026-06-22,ecmwf_aifs025_single,h24,24.0,24
2026-06-22,icon_seamless,h0,23.5,24
2026-06-22,ukmo_seamless,h0,25.1,24
2026-06-22,meteofrance_seamless,h0,25.5,24
2026-06-22,gem_seamless,h0,24.1,24
2026-06-22,ecmwf_ifs025,h0,24.7,24
2026-06-22,ecmwf_aifs025_single,h0,24.2,24
2026-06-23,icon_seamless,h24,23.0,24
2026-06-23,ukmo_seamless,h24,25.1,24
2026-06-23,meteofrance_seamless,h24,22.3,24
2026-06-23,gem_seamless,h24,23.0,24
2026-06-23,ecmwf_ifs025,h24,24.8,24
2026-06-23,ecmwf_aifs025_single,h24,23.2,24
2026-06-23,icon_seamless,h0,23.0,24
2026-06-23,ukmo_seamless,h0,24.2,24
2026-06-23,meteofrance_seamless,h0,23.3,24
2026-06-23,gem_seamless,h0,23.1,24
2026-06-23,ecmwf_ifs025,h0,24.2,24
2026-06-23,ecmwf_aifs025_single,h0,22.8,24
2026-06-24,icon_seamless,h24,25.2,24
2026-06-24,ukmo_seamless,h24,28.3,24
2026-06-24,meteofrance_seamless,h24,25.2,24
2026-06-24,gem_seamless,h24,27.0,24
2026-06-24,ecmwf_ifs025,h24,27.8,24
2026-06-24,ecmwf_aifs025_single,h24,26.1,24
2026-06-24,icon_seamless,h0,25.7,24
2026-06-24,ukmo_seamless,h0,27.4,24
2026-06-24,meteofrance_seamless,h0,24.9,24
2026-06-24,gem_seamless,h0,28.5,24
2026-06-24,ecmwf_ifs025,h0,27.3,24
2026-06-24,ecmwf_aifs025_single,h0,26.6,24
2026-06-25,icon_seamless,h24,27.9,24
2026-06-25,ukmo_seamless,h24,30.4,24
2026-06-25,meteofrance_seamless,h24,24.9,24
2026-06-25,gem_seamless,h24,29.0,24
2026-06-25,ecmwf_ifs025,h24,29.5,24
2026-06-25,ecmwf_aifs025_single,h24,28.3,24
2026-06-25,icon_seamless,h0,28.8,24
2026-06-25,ukmo_seamless,h0,29.1,24
2026-06-25,meteofrance_seamless,h0,27.4,24
2026-06-25,gem_seamless,h0,29.2,24
2026-06-25,ecmwf_ifs025,h0,29.0,24
2026-06-25,ecmwf_aifs025_single,h0,29.4,24
2026-06-26,icon_seamless,h24,29.5,24
2026-06-26,ukmo_seamless,h24,31.5,24
2026-06-26,meteofrance_seamless,h24,28.6,24
2026-06-26,gem_seamless,h24,30.4,24
2026-06-26,ecmwf_ifs025,h24,29.5,24
2026-06-26,ecmwf_aifs025_single,h24,30.0,24
2026-06-26,icon_seamless,h0,29.9,24
2026-06-26,ukmo_seamless,h0,31.3,24
2026-06-26,meteofrance_seamless,h0,29.2,24
2026-06-26,gem_seamless,h0,30.8,24
2026-06-26,ecmwf_ifs025,h0,30.6,24
2026-06-26,ecmwf_aifs025_single,h0,30.4,24
2026-06-27,icon_seamless,h24,32.1,24
2026-06-27,ukmo_seamless,h24,32.4,24
2026-06-27,meteofrance_seamless,h24,32.3,24
2026-06-27,gem_seamless,h24,32.4,24
2026-06-27,ecmwf_ifs025,h24,31.8,24
2026-06-27,ecmwf_aifs025_single,h24,33.0,24
2026-06-27,icon_seamless,h0,32.1,24
2026-06-27,ukmo_seamless,h0,32.7,24
2026-06-27,meteofrance_seamless,h0,33.1,24
2026-06-27,gem_seamless,h0,32.6,24
2026-06-27,ecmwf_ifs025,h0,31.9,24
2026-06-27,ecmwf_aifs025_single,h0,32.9,24
2026-06-28,icon_seamless,h24,33.3,24
2026-06-28,ukmo_seamless,h24,33.4,24
2026-06-28,meteofrance_seamless,h24,34.4,24
2026-06-28,gem_seamless,h24,31.0,24
2026-06-28,ecmwf_ifs025,h24,32.6,24
2026-06-28,ecmwf_aifs025_single,h24,33.5,24
2026-06-28,icon_seamless,h0,33.4,24
2026-06-28,ukmo_seamless,h0,32.6,24
2026-06-28,meteofrance_seamless,h0,34.0,24
2026-06-28,gem_seamless,h0,32.4,24
2026-06-28,ecmwf_ifs025,h0,32.5,24
2026-06-28,ecmwf_aifs025_single,h0,33.6,24
2026-06-29,icon_seamless,h24,30.7,24
2026-06-29,ukmo_seamless,h24,32.6,24
2026-06-29,meteofrance_seamless,h24,31.4,24
2026-06-29,gem_seamless,h24,31.0,24
2026-06-29,ecmwf_ifs025,h24,30.5,24
2026-06-29,ecmwf_aifs025_single,h24,30.3,24
2026-06-29,icon_seamless,h0,29.4,24
2026-06-29,ukmo_seamless,h0,30.6,24
2026-06-29,meteofrance_seamless,h0,31.4,24
2026-06-29,gem_seamless,h0,29.8,24
2026-06-29,ecmwf_ifs025,h0,29.8,24
2026-06-29,ecmwf_aifs025_single,h0,29.0,24
2026-06-30,icon_seamless,h24,27.7,24
2026-06-30,ukmo_seamless,h24,31.1,24
2026-06-30,meteofrance_seamless,h24,28.2,24
2026-06-30,gem_seamless,h24,27.2,24
2026-06-30,ecmwf_ifs025,h24,28.3,24
2026-06-30,ecmwf_aifs025_single,h24,26.5,24
2026-06-30,icon_seamless,h0,29.3,24
2026-06-30,ukmo_seamless,h0,28.2,24
2026-06-30,meteofrance_seamless,h0,28.5,24
2026-06-30,gem_seamless,h0,27.9,24
2026-06-30,ecmwf_ifs025,h0,28.1,24
2026-06-30,ecmwf_aifs025_single,h0,26.8,24
2026-07-01,icon_seamless,h24,29.2,24
2026-07-01,ukmo_seamless,h24,29.8,24
2026-07-01,meteofrance_seamless,h24,27.2,24
2026-07-01,gem_seamless,h24,29.4,24
2026-07-01,ecmwf_ifs025,h24,28.7,24
2026-07-01,ecmwf_aifs025_single,h24,28.9,24
2026-07-01,icon_seamless,h0,29.0,24
2026-07-01,ukmo_seamless,h0,29.8,24
2026-07-01,meteofrance_seamless,h0,29.1,24
2026-07-01,gem_seamless,h0,28.2,24
2026-07-01,ecmwf_ifs025,h0,30.2,24
2026-07-01,ecmwf_aifs025_single,h0,29.8,24
2026-07-02,icon_seamless,h24,26.5,24
2026-07-02,ukmo_seamless,h24,30.9,24
2026-07-02,meteofrance_seamless,h24,27.1,24
2026-07-02,gem_seamless,h24,27.3,24
2026-07-02,ecmwf_ifs025,h24,30.2,24
2026-07-02,ecmwf_aifs025_single,h24,28.4,24
2026-07-02,icon_seamless,h0,28.4,24
2026-07-02,ukmo_seamless,h0,29.6,24
2026-07-02,meteofrance_seamless,h0,28.8,24
2026-07-02,gem_seamless,h0,31.0,24
2026-07-02,ecmwf_ifs025,h0,29.9,24
2026-07-02,ecmwf_aifs025_single,h0,30.5,24
2026-07-03,icon_seamless,h24,26.3,24
2026-07-03,ukmo_seamless,h24,27.8,24
2026-07-03,meteofrance_seamless,h24,27.1,24
2026-07-03,gem_seamless,h24,26.1,24
2026-07-03,ecmwf_ifs025,h24,27.3,24
2026-07-03,ecmwf_aifs025_single,h24,26.7,24
2026-07-03,icon_seamless,h0,26.2,24
2026-07-03,ukmo_seamless,h0,27.2,24
2026-07-03,meteofrance_seamless,h0,26.5,24
2026-07-03,gem_seamless,h0,26.9,24
2026-07-03,ecmwf_ifs025,h0,26.4,24
2026-07-03,ecmwf_aifs025_single,h0,26.0,24
2026-07-04,icon_seamless,h24,28.0,24
2026-07-04,ukmo_seamless,h24,28.7,24
2026-07-04,meteofrance_seamless,h24,26.8,24
2026-07-04,gem_seamless,h24,28.0,24
2026-07-04,ecmwf_ifs025,h24,29.7,24
2026-07-04,ecmwf_aifs025_single,h24,27.6,24
2026-07-04,icon_seamless,h0,28.1,24
2026-07-04,ukmo_seamless,h0,29.1,24
2026-07-04,meteofrance_seamless,h0,26.1,24
2026-07-04,gem_seamless,h0,28.5,24
2026-07-04,ecmwf_ifs025,h0,27.2,24
2026-07-04,ecmwf_aifs025_single,h0,26.4,24
2026-07-05,icon_seamless,h24,30.2,24
2026-07-05,ukmo_seamless,h24,30.7,24
2026-07-05,meteofrance_seamless,h24,28.8,24
2026-07-05,gem_seamless,h24,29.9,24
2026-07-05,ecmwf_ifs025,h24,29.5,24
2026-07-05,ecmwf_aifs025_single,h24,28.3,24
2026-07-05,icon_seamless,h0,29.3,24
2026-07-05,ukmo_seamless,h0,30.3,24
2026-07-05,meteofrance_seamless,h0,28.9,24
2026-07-05,gem_seamless,h0,29.7,24
2026-07-05,ecmwf_ifs025,h0,29.8,24
2026-07-05,ecmwf_aifs025_single,h0,29.5,24
2026-07-06,icon_seamless,h24,30.3,24
2026-07-06,ukmo_seamless,h24,29.8,24
2026-07-06,meteofrance_seamless,h24,27.3,24
2026-07-06,gem_seamless,h24,28.2,24
2026-07-06,ecmwf_ifs025,h24,29.1,24
2026-07-06,ecmwf_aifs025_single,h24,28.9,24
2026-07-06,icon_seamless,h0,29.1,24
2026-07-06,ukmo_seamless,h0,30.7,24
2026-07-06,meteofrance_seamless,h0,28.2,24
2026-07-06,gem_seamless,h0,29.0,24
2026-07-06,ecmwf_ifs025,h0,29.1,24
2026-07-06,ecmwf_aifs025_single,h0,28.5,24
2026-07-07,icon_seamless,h24,30.6,24
2026-07-07,ukmo_seamless,h24,31.4,24
2026-07-07,meteofrance_seamless,h24,29.3,24
2026-07-07,gem_seamless,h24,27.7,24
2026-07-07,ecmwf_ifs025,h24,31.3,24
2026-07-07,ecmwf_aifs025_single,h24,30.2,24
2026-07-07,icon_seamless,h0,30.4,24
2026-07-07,ukmo_seamless,h0,31.0,24
2026-07-07,meteofrance_seamless,h0,29.7,24
2026-07-07,gem_seamless,h0,31.2,24
2026-07-07,ecmwf_ifs025,h0,30.2,24
2026-07-07,ecmwf_aifs025_single,h0,29.7,24
2026-07-08,icon_seamless,h24,32.7,24
2026-07-08,ukmo_seamless,h24,34.4,24
2026-07-08,meteofrance_seamless,h24,30.7,24
2026-07-08,gem_seamless,h24,31.8,24
2026-07-08,ecmwf_ifs025,h24,32.9,24
2026-07-08,ecmwf_aifs025_single,h24,33.2,24
2026-07-08,icon_seamless,h0,33.1,24
2026-07-08,ukmo_seamless,h0,33.6,24
2026-07-08,meteofrance_seamless,h0,31.3,24
2026-07-08,gem_seamless,h0,31.3,24
2026-07-08,ecmwf_ifs025,h0,32.5,24
2026-07-08,ecmwf_aifs025_single,h0,32.9,24
2026-07-09,icon_seamless,h24,33.5,24
2026-07-09,ukmo_seamless,h24,34.5,24
2026-07-09,meteofrance_seamless,h24,32.0,24
2026-07-09,gem_seamless,h24,33.2,24
2026-07-09,ecmwf_ifs025,h24,33.2,24
2026-07-09,ecmwf_aifs025_single,h24,33.8,24
2026-07-09,icon_seamless,h0,33.3,24
2026-07-09,ukmo_seamless,h0,33.8,24
2026-07-09,meteofrance_seamless,h0,32.5,24
2026-07-09,gem_seamless,h0,33.4,24
2026-07-09,ecmwf_ifs025,h0,33.1,24
2026-07-09,ecmwf_aifs025_single,h0,33.5,24
2026-07-10,icon_seamless,h24,34.9,24
2026-07-10,ukmo_seamless,h24,35.5,24
2026-07-10,meteofrance_seamless,h24,33.3,24
2026-07-10,gem_seamless,h24,34.1,24
2026-07-10,ecmwf_ifs025,h24,34.5,24
2026-07-10,ecmwf_aifs025_single,h24,34.9,24
2026-07-10,icon_seamless,h0,35.0,24
2026-07-10,ukmo_seamless,h0,35.6,24
2026-07-10,meteofrance_seamless,h0,33.7,24
2026-07-10,gem_seamless,h0,34.3,24
2026-07-10,ecmwf_ifs025,h0,34.4,24
2026-07-10,ecmwf_aifs025_single,h0,35.3,24
2026-07-11,icon_seamless,h24,35.8,24
2026-07-11,ukmo_seamless,h24,37.6,24
2026-07-11,meteofrance_seamless,h24,34.2,24
2026-07-11,gem_seamless,h24,35.6,24
2026-07-11,ecmwf_ifs025,h24,35.5,24
2026-07-11,ecmwf_aifs025_single,h24,36.4,24
2026-07-11,icon_seamless,h0,36.0,24
2026-07-11,ukmo_seamless,h0,36.3,24
2026-07-11,meteofrance_seamless,h0,35.0,24
2026-07-11,gem_seamless,h0,35.4,24
2026-07-11,ecmwf_ifs025,h0,35.6,24
2026-07-11,ecmwf_aifs025_single,h0,36.4,24
2026-07-12,icon_seamless,h24,32.4,24
2026-07-12,ukmo_seamless,h24,34.3,24
2026-07-12,meteofrance_seamless,h24,33.6,24
2026-07-12,gem_seamless,h24,34.9,24
2026-07-12,ecmwf_ifs025,h24,32.8,24
2026-07-12,ecmwf_aifs025_single,h24,33.2,24
2026-07-12,icon_seamless,h0,33.4,24
2026-07-12,ukmo_seamless,h0,35.4,24
2026-07-12,meteofrance_seamless,h0,33.1,24
2026-07-12,gem_seamless,h0,34.4,24
2026-07-12,ecmwf_ifs025,h0,33.2,24
2026-07-12,ecmwf_aifs025_single,h0,33.1,24
2026-07-13,icon_seamless,h24,35.3,24
2026-07-13,ukmo_seamless,h24,37.5,24
2026-07-13,meteofrance_seamless,h24,34.3,24
2026-07-13,gem_seamless,h24,34.7,24
2026-07-13,ecmwf_ifs025,h24,34.3,24
2026-07-13,ecmwf_aifs025_single,h24,35.3,24
2026-07-13,icon_seamless,h0,35.4,24
2026-07-13,ukmo_seamless,h0,36.5,24
2026-07-13,meteofrance_seamless,h0,32.9,24
2026-07-13,gem_seamless,h0,35.3,24
2026-07-13,ecmwf_ifs025,h0,35.3,24
2026-07-13,ecmwf_aifs025_single,h0,35.6,24
2026-07-14,icon_seamless,h24,36.5,24
2026-07-14,ukmo_seamless,h24,38.5,24
2026-07-14,meteofrance_seamless,h24,34.4,24
2026-07-14,gem_seamless,h24,35.7,24
2026-07-14,ecmwf_ifs025,h24,36.4,24
2026-07-14,ecmwf_aifs025_single,h24,36.7,24
2026-07-14,icon_seamless,h0,37.0,24
2026-07-14,ukmo_seamless,h0,38.3,24
2026-07-14,meteofrance_seamless,h0,36.5,24
2026-07-14,gem_seamless,h0,35.8,24
2026-07-14,ecmwf_ifs025,h0,37.2,24
2026-07-14,ecmwf_aifs025_single,h0,37.0,24
2026-07-15,icon_seamless,h24,35.9,24
2026-07-15,ukmo_seamless,h24,36.9,24
2026-07-15,meteofrance_seamless,h24,35.2,24
2026-07-15,gem_seamless,h24,34.8,24
2026-07-15,ecmwf_ifs025,h24,34.9,24
2026-07-15,ecmwf_aifs025_single,h24,35.3,24
2026-07-15,icon_seamless,h0,35.9,24
2026-07-15,ukmo_seamless,h0,35.9,24
2026-07-15,meteofrance_seamless,h0,35.8,24
2026-07-15,gem_seamless,h0,35.6,24
2026-07-15,ecmwf_ifs025,h0,35.4,24
2026-07-15,ecmwf_aifs025_single,h0,36.3,24
2026-07-16,icon_seamless,h24,35.4,24
2026-07-16,ukmo_seamless,h24,36.0,24
2026-07-16,meteofrance_seamless,h24,35.0,24
2026-07-16,gem_seamless,h24,34.7,24
2026-07-16,ecmwf_ifs025,h24,35.2,24
2026-07-16,ecmwf_aifs025_single,h24,34.7,24
2026-07-16,icon_seamless,h0,35.4,24
2026-07-16,ukmo_seamless,h0,35.4,24
2026-07-16,meteofrance_seamless,h0,35.1,24
2026-07-16,gem_seamless,h0,34.6,24
2026-07-16,ecmwf_ifs025,h0,35.7,24
2026-07-16,ecmwf_aifs025_single,h0,36.0,24
2026-07-17,icon_seamless,h24,35.1,24
2026-07-17,ukmo_seamless,h24,36.4,24
2026-07-17,meteofrance_seamless,h24,35.5,24
2026-07-17,gem_seamless,h24,35.0,24
2026-07-17,ecmwf_ifs025,h24,35.2,24
2026-07-17,ecmwf_aifs025_single,h24,34.5,24
2026-07-17,icon_seamless,h0,34.9,24
2026-07-17,ukmo_seamless,h0,35.1,24
2026-07-17,meteofrance_seamless,h0,34.7,24
2026-07-17,gem_seamless,h0,35.0,24
2026-07-17,ecmwf_ifs025,h0,34.1,24
2026-07-17,ecmwf_aifs025_single,h0,34.8,24
2026-07-18,icon_seamless,h24,27.6,24
2026-07-18,ukmo_seamless,h24,33.3,24
2026-07-18,meteofrance_seamless,h24,29.9,24
2026-07-18,gem_seamless,h24,28.4,24
2026-07-18,ecmwf_ifs025,h24,32.5,24
2026-07-18,ecmwf_aifs025_single,h24,29.9,24
2026-07-18,icon_seamless,h0,29.7,24
2026-07-18,ukmo_seamless,h0,32.1,24
2026-07-18,meteofrance_seamless,h0,30.4,24
2026-07-18,gem_seamless,h0,28.2,24
2026-07-18,ecmwf_ifs025,h0,31.0,24
2026-07-18,ecmwf_aifs025_single,h0,31.0,24
2026-07-19,icon_seamless,h24,30.4,24
2026-07-19,ukmo_seamless,h24,33.9,24
2026-07-19,meteofrance_seamless,h24,29.9,24
2026-07-19,gem_seamless,h24,29.8,24
2026-07-19,ecmwf_ifs025,h24,31.7,24
2026-07-19,ecmwf_aifs025_single,h24,30.0,24
2026-07-19,icon_seamless,h0,31.8,24
2026-07-19,ukmo_seamless,h0,31.7,24
2026-07-19,meteofrance_seamless,h0,29.0,24
2026-07-19,gem_seamless,h0,30.1,24
2026-07-19,ecmwf_ifs025,h0,30.9,24
2026-07-19,ecmwf_aifs025_single,h0,31.2,24
2026-07-20,icon_seamless,h24,31.3,24
2026-07-20,ukmo_seamless,h24,34.0,24
2026-07-20,meteofrance_seamless,h24,31.3,24
2026-07-20,gem_seamless,h24,30.0,24
2026-07-20,ecmwf_ifs025,h24,32.4,24
2026-07-20,ecmwf_aifs025_single,h24,33.2,24
2026-07-20,icon_seamless,h0,32.3,24
2026-07-20,ukmo_seamless,h0,32.2,24
2026-07-20,meteofrance_seamless,h0,31.6,24
2026-07-20,gem_seamless,h0,32.6,24
2026-07-20,ecmwf_ifs025,h0,32.0,24
2026-07-20,ecmwf_aifs025_single,h0,31.9,24
2026-07-21,icon_seamless,h24,31.4,24
2026-07-21,ukmo_seamless,h24,32.9,24
2026-07-21,meteofrance_seamless,h24,32.1,24
2026-07-21,gem_seamless,h24,31.8,24
2026-07-21,ecmwf_ifs025,h24,32.2,24
2026-07-21,ecmwf_aifs025_single,h24,32.6,24
2026-07-21,icon_seamless,h0,32.7,24
2026-07-21,ukmo_seamless,h0,32.4,24
2026-07-21,meteofrance_seamless,h0,30.9,24
2026-07-21,gem_seamless,h0,32.5,24
2026-07-21,ecmwf_ifs025,h0,33.1,24
2026-07-21,ecmwf_aifs025_single,h0,32.9,24
2026-07-22,icon_seamless,h24,29.6,24
2026-07-22,ukmo_seamless,h24,32.1,24
2026-07-22,meteofrance_seamless,h24,28.4,24
2026-07-22,gem_seamless,h24,30.4,24
2026-07-22,ecmwf_ifs025,h24,31.5,24
2026-07-22,ecmwf_aifs025_single,h24,29.5,24
2026-07-22,icon_seamless,h0,28.6,24
2026-07-22,ukmo_seamless,h0,28.2,24
2026-07-22,meteofrance_seamless,h0,27.5,24
2026-07-22,gem_seamless,h0,28.0,24
2026-07-22,ecmwf_ifs025,h0,27.8,24
2026-07-22,ecmwf_aifs025_single,h0,28.4,24
2026-07-23,icon_seamless,h24,32.2,24
2026-07-23,ukmo_seamless,h24,35.0,24
2026-07-23,meteofrance_seamless,h24,32.3,24
2026-07-23,gem_seamless,h24,33.0,24
2026-07-23,ecmwf_ifs025,h24,31.7,24
2026-07-23,ecmwf_aifs025_single,h24,32.5,24
2026-07-23,icon_seamless,h0,31.7,24
2026-07-23,ukmo_seamless,h0,30.8,24
2026-07-23,meteofrance_seamless,h0,32.1,24
2026-07-23,gem_seamless,h0,32.4,24
2026-07-23,ecmwf_ifs025,h0,31.2,24
2026-07-23,ecmwf_aifs025_single,h0,30.7,24
2026-07-24,icon_seamless,h24,33.9,24
2026-07-24,ukmo_seamless,h24,35.8,24
2026-07-24,meteofrance_seamless,h24,32.8,24
2026-07-24,gem_seamless,h24,34.9,24
2026-07-24,ecmwf_ifs025,h24,33.6,24
2026-07-24,ecmwf_aifs025_single,h24,34.4,24
2026-07-24,icon_seamless,h0,34.5,24
2026-07-24,ukmo_seamless,h0,34.6,24
2026-07-24,meteofrance_seamless,h0,34.0,24
2026-07-24,gem_seamless,h0,34.7,24
2026-07-24,ecmwf_ifs025,h0,33.6,24
2026-07-24,ecmwf_aifs025_single,h0,34.1,24
2026-07-25,icon_seamless,h24,35.8,24
2026-07-25,ukmo_seamless,h24,36.5,24
2026-07-25,meteofrance_seamless,h24,34.5,24
2026-07-25,gem_seamless,h24,35.2,24
2026-07-25,ecmwf_ifs025,h24,34.2,24
2026-07-25,ecmwf_aifs025_single,h24,35.4,24
2026-07-25,icon_seamless,h0,36.0,24
2026-07-25,ukmo_seamless,h0,35.8,24
2026-07-25,meteofrance_seamless,h0,34.1,24
2026-07-25,gem_seamless,h0,34.7,24
2026-07-25,ecmwf_ifs025,h0,34.5,24
2026-07-25,ecmwf_aifs025_single,h0,34.8,24
2026-07-26,icon_seamless,h24,35.1,24
2026-07-26,ukmo_seamless,h24,36.9,24
2026-07-26,meteofrance_seamless,h24,33.4,24
2026-07-26,gem_seamless,h24,35.4,24
2026-07-26,ecmwf_ifs025,h24,33.4,24
2026-07-26,ecmwf_aifs025_single,h24,33.7,24
2026-07-26,icon_seamless,h0,34.9,24
2026-07-26,ukmo_seamless,h0,35.1,24
2026-07-26,meteofrance_seamless,h0,33.3,24
2026-07-26,gem_seamless,h0,34.9,24
2026-07-26,ecmwf_ifs025,h0,34.3,24
2026-07-26,ecmwf_aifs025_single,h0,34.8,24
2026-07-27,icon_seamless,h24,31.2,24
2026-07-27,ukmo_seamless,h24,31.6,24
2026-07-27,meteofrance_seamless,h24,30.6,24
2026-07-27,gem_seamless,h24,29.6,24
2026-07-27,ecmwf_ifs025,h24,29.7,24
2026-07-27,ecmwf_aifs025_single,h24,31.1,24
2026-07-27,icon_seamless,h0,31.5,24
2026-07-27,ukmo_seamless,h0,32.8,24
2026-07-27,meteofrance_seamless,h0,30.5,24
2026-07-27,gem_seamless,h0,30.1,24
2026-07-27,ecmwf_ifs025,h0,31.9,24
2026-07-27,ecmwf_aifs025_single,h0,32.7,24
2026-07-28,icon_seamless,h24,30.1,24
2026-07-28,ukmo_seamless,h24,31.5,24
2026-07-28,meteofrance_seamless,h24,28.5,24
2026-07-28,gem_seamless,h24,30.0,24
2026-07-28,ecmwf_ifs025,h24,29.2,24
2026-07-28,ecmwf_aifs025_single,h24,29.5,24
2026-07-28,icon_seamless,h0,32.3,24
2026-07-28,ukmo_seamless,h0,31.7,24
2026-07-28,meteofrance_seamless,h0,28.5,24
2026-07-28,gem_seamless,h0,30.5,24
2026-07-28,ecmwf_ifs025,h0,30.5,24
2026-07-28,ecmwf_aifs025_single,h0,31.0,24
2026-07-29,icon_seamless,h24,31.5,24
2026-07-29,ukmo_seamless,h24,33.7,24
2026-07-29,meteofrance_seamless,h24,29.7,24
2026-07-29,gem_seamless,h24,31.5,24
2026-07-29,ecmwf_ifs025,h24,31.5,24
2026-07-29,ecmwf_aifs025_single,h24,31.1,24
2026-07-29,icon_seamless,h0,31.9,24
2026-07-29,ukmo_seamless,h0,32.1,24
2026-07-29,meteofrance_seamless,h0,30.0,24
2026-07-29,gem_seamless,h0,31.7,24
2026-07-29,ecmwf_ifs025,h0,30.6,24
2026-07-29,ecmwf_aifs025_single,h0,32.0,24
2026-07-30,icon_seamless,h24,34.4,24
2026-07-30,ukmo_seamless,h24,34.3,24
2026-07-30,meteofrance_seamless,h24,31.2,24
2026-07-30,gem_seamless,h24,30.4,24
2026-07-30,ecmwf_ifs025,h24,30.5,24
2026-07-30,ecmwf_aifs025_single,h24,32.3,24
2026-07-30,icon_seamless,h0,33.7,24
2026-07-30,ukmo_seamless,h0,33.1,24
2026-07-30,meteofrance_seamless,h0,32.1,24
2026-07-30,gem_seamless,h0,32.8,24
2026-07-30,ecmwf_ifs025,h0,31.7,24
2026-07-30,ecmwf_aifs025_single,h0,31.8,24
2026-07-31,icon_seamless,h24,35.0,24
2026-07-31,ukmo_seamless,h24,35.6,24
2026-07-31,meteofrance_seamless,h24,33.4,24
2026-07-31,gem_seamless,h24,34.4,24
2026-07-31,ecmwf_ifs025,h24,32.6,24
2026-07-31,ecmwf_aifs025_single,h24,33.6,24
2026-07-31,icon_seamless,h0,34.2,24
2026-07-31,ukmo_seamless,h0,34.6,24
2026-07-31,meteofrance_seamless,h0,32.7,24
2026-07-31,gem_seamless,h0,33.8,24
2026-07-31,ecmwf_ifs025,h0,33.4,24
2026-07-31,ecmwf_aifs025_single,h0,34.2,24
2026-08-01,icon_seamless,h24,35.8,24
2026-08-01,ukmo_seamless,h24,35.7,24
2026-08-01,meteofrance_seamless,h24,34.1,24
2026-08-01,gem_seamless,h24,34.7,24
2026-08-01,ecmwf_ifs025,h24,33.2,24
2026-08-01,ecmwf_aifs025_single,h24,34.9,24
2026-08-01,icon_seamless,h0,35.5,24
2026-08-01,ukmo_seamless,h0,35.6,24
2026-08-01,meteofrance_seamless,h0,34.5,24
2026-08-01,gem_seamless,h0,34.5,24
2026-08-01,ecmwf_ifs025,h0,33.6,24
2026-08-01,ecmwf_aifs025_single,h0,34.5,24
2026-08-02,icon_seamless,h24,36.3,24
2026-08-02,ukmo_seamless,h24,37.0,24
2026-08-02,meteofrance_seamless,h24,34.2,24
2026-08-02,gem_seamless,h24,35.0,24
2026-08-02,ecmwf_ifs025,h24,34.4,24
2026-08-02,ecmwf_aifs025_single,h24,35.1,24
2026-08-02,icon_seamless,h0,36.2,24
2026-08-02,ukmo_seamless,h0,36.7,24
2026-08-02,meteofrance_seamless,h0,35.6,24
2026-08-02,gem_seamless,h0,34.9,24
2026-08-02,ecmwf_ifs025,h0,34.2,24
2026-08-02,ecmwf_aifs025_single,h0,36.5,24
2026-08-03,icon_seamless,h24,36.4,24
2026-08-03,ukmo_seamless,h24,37.0,24
2026-08-03,meteofrance_seamless,h24,34.4,24
2026-08-03,gem_seamless,h24,35.0,24
2026-08-03,ecmwf_ifs025,h24,34.9,24
2026-08-03,ecmwf_aifs025_single,h24,35.2,24
2026-08-03,icon_seamless,h0,36.2,24
2026-08-03,ukmo_seamless,h0,36.6,24
2026-08-03,meteofrance_seamless,h0,35.3,24
2026-08-03,gem_seamless,h0,35.6,24
2026-08-03,ecmwf_ifs025,h0,36.3,24
2026-08-03,ecmwf_aifs025_single,h0,36.1,24
2026-08-04,icon_seamless,h24,36.2,24
2026-08-04,ukmo_seamless,h24,38.1,24
2026-08-04,meteofrance_seamless,h24,34.9,24
2026-08-04,gem_seamless,h24,36.5,24
2026-08-04,ecmwf_ifs025,h24,34.5,24
2026-08-04,ecmwf_aifs025_single,h24,35.5,24
2026-08-04,icon_seamless,h0,36.5,24
2026-08-04,ukmo_seamless,h0,37.4,24
2026-08-04,meteofrance_seamless,h0,36.1,24
2026-08-04,gem_seamless,h0,36.9,24
2026-08-04,ecmwf_ifs025,h0,35.6,24
2026-08-04,ecmwf_aifs025_single,h0,36.0,24
2026-08-05,icon_seamless,h24,36.0,24
2026-08-05,ukmo_seamless,h24,38.2,24
2026-08-05,meteofrance_seamless,h24,36.3,24
2026-08-05,gem_seamless,h24,36.3,24
2026-08-05,ecmwf_ifs025,h24,34.4,24
2026-08-05,ecmwf_aifs025_single,h24,34.9,24
2026-08-05,icon_seamless,h0,37.4,24
2026-08-05,ukmo_seamless,h0,37.0,24
2026-08-05,meteofrance_seamless,h0,36.2,24
2026-08-05,gem_seamless,h0,36.2,24
2026-08-05,ecmwf_ifs025,h0,34.1,24
2026-08-05,ecmwf_aifs025_single,h0,35.9,24
2026-08-06,icon_seamless,h24,34.9,24
2026-08-06,ukmo_seamless,h24,35.3,24
2026-08-06,meteofrance_seamless,h24,35.5,24
2026-08-06,gem_seamless,h24,35.8,24
2026-08-06,ecmwf_ifs025,h24,33.8,24
2026-08-06,ecmwf_aifs025_single,h24,34.4,24
2026-08-06,icon_seamless,h0,34.0,24
2026-08-06,ukmo_seamless,h0,34.2,24
2026-08-06,meteofrance_seamless,h0,33.5,24
2026-08-06,gem_seamless,h0,35.3,24
2026-08-06,ecmwf_ifs025,h0,33.4,24
2026-08-06,ecmwf_aifs025_single,h0,34.6,24
2026-08-07,icon_seamless,h24,36.4,24
2026-08-07,ukmo_seamless,h24,36.2,24
2026-08-07,meteofrance_seamless,h24,35.9,24
2026-08-07,gem_seamless,h24,34.7,24
2026-08-07,ecmwf_ifs025,h24,34.1,24
2026-08-07,ecmwf_aifs025_single,h24,35.3,24
2026-08-07,icon_seamless,h0,36.3,24
2026-08-07,ukmo_seamless,h0,36.2,24
2026-08-07,meteofrance_seamless,h0,34.5,24
2026-08-07,gem_seamless,h0,35.3,24
2026-08-07,ecmwf_ifs025,h0,34.4,24
2026-08-07,ecmwf_aifs025_single,h0,34.9,24
2026-08-08,icon_seamless,h24,36.3,24
2026-08-08,ukmo_seamless,h24,36.4,24
2026-08-08,meteofrance_seamless,h24,36.0,24
2026-08-08,gem_seamless,h24,35.4,24
2026-08-08,ecmwf_ifs025,h24,34.4,24
2026-08-08,ecmwf_aifs025_single,h24,35.6,24
2026-08-08,icon_seamless,h0,36.5,24
2026-08-08,ukmo_seamless,h0,36.2,24
2026-08-08,meteofrance_seamless,h0,35.5,24
2026-08-08,gem_seamless,h0,35.5,24
2026-08-08,ecmwf_ifs025,h0,34.8,24
2026-08-08,ecmwf_aifs025_single,h0,35.5,24
2026-08-09,icon_seamless,h24,33.6,24
2026-08-09,ukmo_seamless,h24,33.7,24
2026-08-09,meteofrance_seamless,h24,34.1,24
2026-08-09,gem_seamless,h24,32.8,24
2026-08-09,ecmwf_ifs025,h24,32.9,24
2026-08-09,ecmwf_aifs025_single,h24,33.5,24
2026-08-09,icon_seamless,h0,32.6,24
2026-08-09,ukmo_seamless,h0,33.3,24
2026-08-09,meteofrance_seamless,h0,32.8,24
2026-08-09,gem_seamless,h0,32.9,24
2026-08-09,ecmwf_ifs025,h0,32.3,24
2026-08-09,ecmwf_aifs025_single,h0,32.3,24
2026-08-10,icon_seamless,h24,28.5,24
2026-08-10,ukmo_seamless,h24,29.2,24
2026-08-10,meteofrance_seamless,h24,30.8,24
2026-08-10,gem_seamless,h24,30.7,24
2026-08-10,ecmwf_ifs025,h24,28.0,24
2026-08-10,ecmwf_aifs025_single,h24,29.2,24
2026-08-10,icon_seamless,h0,28.6,24
2026-08-10,ukmo_seamless,h0,30.0,24
2026-08-10,meteofrance_seamless,h0,30.1,24
2026-08-10,gem_seamless,h0,29.6,24
2026-08-10,ecmwf_ifs025,h0,28.1,24
2026-08-10,ecmwf_aifs025_single,h0,28.2,24
2026-08-11,icon_seamless,h24,26.5,24
2026-08-11,ukmo_seamless,h24,29.3,24
2026-08-11,meteofrance_seamless,h24,26.2,24
2026-08-11,gem_seamless,h24,26.9,24
2026-08-11,ecmwf_ifs025,h24,29.5,24
2026-08-11,ecmwf_aifs025_single,h24,28.1,24
2026-08-11,icon_seamless,h0,26.9,24
2026-08-11,ukmo_seamless,h0,30.7,24
2026-08-11,meteofrance_seamless,h0,27.9,24
2026-08-11,gem_seamless,h0,29.8,24
2026-08-11,ecmwf_ifs025,h0,30.3,24
2026-08-11,ecmwf_aifs025_single,h0,30.1,24
2026-08-12,icon_seamless,h24,27.0,24
2026-08-12,ukmo_seamless,h24,30.9,24
2026-08-12,meteofrance_seamless,h24,27.4,24
2026-08-12,gem_seamless,h24,29.8,24
2026-08-12,ecmwf_ifs025,h24,30.6,24
2026-08-12,ecmwf_aifs025_single,h24,28.9,24
2026-08-12,icon_seamless,h0,27.9,24
2026-08-12,ukmo_seamless,h0,30.0,24
2026-08-12,meteofrance_seamless,h0,29.4,24
2026-08-12,gem_seamless,h0,28.9,24
2026-08-12,ecmwf_ifs025,h0,29.2,24
2026-08-12,ecmwf_aifs025_single,h0,28.2,24
2026-08-13,icon_seamless,h24,26.3,24
2026-08-13,ukmo_seamless,h24,28.8,24
2026-08-13,meteofrance_seamless,h24,28.4,24
2026-08-13,gem_seamless,h24,26.6,24
2026-08-13,ecmwf_ifs025,h24,28.0,24
2026-08-13,ecmwf_aifs025_single,h24,25.5,24
2026-08-13,icon_seamless,h0,26.2,24
2026-08-13,ukmo_seamless,h0,28.8,24
2026-08-13,meteofrance_seamless,h0,25.8,24
2026-08-13,gem_seamless,h0,25.4,24
2026-08-13,ecmwf_ifs025,h0,29.3,24
2026-08-13,ecmwf_aifs025_single,h0,26.7,24
2026-08-14,icon_seamless,h24,25.8,24
2026-08-14,ukmo_seamless,h24,30.6,24
2026-08-14,meteofrance_seamless,h24,27.9,24
2026-08-14,gem_seamless,h24,25.9,24
2026-08-14,ecmwf_ifs025,h24,29.2,24
2026-08-14,ecmwf_aifs025_single,h24,28.0,24
2026-08-14,icon_seamless,h0,27.3,24
2026-08-14,ukmo_seamless,h0,29.4,24
2026-08-14,meteofrance_seamless,h0,27.8,24
2026-08-14,gem_seamless,h0,28.7,24
2026-08-14,ecmwf_ifs025,h0,28.7,24
2026-08-14,ecmwf_aifs025_single,h0,28.0,24
2026-08-15,icon_seamless,h24,27.1,24
2026-08-15,ukmo_seamless,h24,30.0,24
2026-08-15,meteofrance_seamless,h24,27.5,24
2026-08-15,gem_seamless,h24,29.3,24
2026-08-15,ecmwf_ifs025,h24,30.2,24
2026-08-15,ecmwf_aifs025_single,h24,30.2,24
2026-08-15,icon_seamless,h0,27.3,24
2026-08-15,ukmo_seamless,h0,28.9,24
2026-08-15,meteofrance_seamless,h0,28.7,24
2026-08-15,gem_seamless,h0,30.3,24
2026-08-15,ecmwf_ifs025,h0,29.0,24
2026-08-15,ecmwf_aifs025_single,h0,29.0,24
2026-08-16,icon_seamless,h24,32.0,24
2026-08-16,ukmo_seamless,h24,31.0,24
2026-08-16,meteofrance_seamless,h24,31.0,24
2026-08-16,gem_seamless,h24,32.3,24
2026-08-16,ecmwf_ifs025,h24,31.7,24
2026-08-16,ecmwf_aifs025_single,h24,31.7,24
2026-08-16,icon_seamless,h0,31.3,24
2026-08-16,ukmo_seamless,h0,30.9,24
2026-08-16,meteofrance_seamless,h0,31.1,24
2026-08-16,gem_seamless,h0,32.2,24
2026-08-16,ecmwf_ifs025,h0,30.7,24
2026-08-16,ecmwf_aifs025_single,h0,31.0,24
2026-08-17,icon_seamless,h24,32.2,24
2026-08-17,ukmo_seamless,h24,32.0,24
2026-08-17,meteofrance_seamless,h24,33.3,24
2026-08-17,gem_seamless,h24,32.2,24
2026-08-17,ecmwf_ifs025,h24,31.4,24
2026-08-17,ecmwf_aifs025_single,h24,32.7,24
2026-08-17,icon_seamless,h0,31.5,24
2026-08-17,ukmo_seamless,h0,31.9,24
2026-08-17,meteofrance_seamless,h0,32.2,24
2026-08-17,gem_seamless,h0,32.2,24
2026-08-17,ecmwf_ifs025,h0,31.4,24
2026-08-17,ecmwf_aifs025_single,h0,32.6,24
2026-08-18,icon_seamless,h24,33.8,24
2026-08-18,ukmo_seamless,h24,34.2,24
2026-08-18,meteofrance_seamless,h24,34.6,24
2026-08-18,gem_seamless,h24,34.0,24
2026-08-18,ecmwf_ifs025,h24,33.1,24
2026-08-18,ecmwf_aifs025_single,h24,34.1,24
2026-08-18,icon_seamless,h0,34.0,24
2026-08-18,ukmo_seamless,h0,33.9,24
2026-08-18,meteofrance_seamless,h0,34.9,24
2026-08-18,gem_seamless,h0,34.1,24
2026-08-18,ecmwf_ifs025,h0,33.0,24
2026-08-18,ecmwf_aifs025_single,h0,34.6,24
2026-08-19,icon_seamless,h24,34.2,24
2026-08-19,ukmo_seamless,h24,35.3,24
2026-08-19,meteofrance_seamless,h24,35.1,24
2026-08-19,gem_seamless,h24,34.7,24
2026-08-19,ecmwf_ifs025,h24,33.0,24
2026-08-19,ecmwf_aifs025_single,h24,34.3,24
2026-08-19,icon_seamless,h0,34.5,24
2026-08-19,ukmo_seamless,h0,35.5,24
2026-08-19,meteofrance_seamless,h0,35.8,24
2026-08-19,gem_seamless,h0,34.5,24
2026-08-19,ecmwf_ifs025,h0,33.5,24
2026-08-19,ecmwf_aifs025_single,h0,34.5,24
2026-08-20,icon_seamless,h24,33.3,24
2026-08-20,ukmo_seamless,h24,35.0,24
2026-08-20,meteofrance_seamless,h24,33.5,24
2026-08-20,gem_seamless,h24,34.8,24
2026-08-20,ecmwf_ifs025,h24,32.4,24
2026-08-20,ecmwf_aifs025_single,h24,33.9,24
2026-08-20,icon_seamless,h0,33.2,24
2026-08-20,ukmo_seamless,h0,35.5,24
2026-08-20,meteofrance_seamless,h0,35.3,24
2026-08-20,gem_seamless,h0,34.3,24
2026-08-20,ecmwf_ifs025,h0,32.9,24
2026-08-20,ecmwf_aifs025_single,h0,34.0,24
2026-08-21,icon_seamless,h24,34.8,24
2026-08-21,ukmo_seamless,h24,35.6,24
2026-08-21,meteofrance_seamless,h24,36.7,24
2026-08-21,gem_seamless,h24,35.0,24
2026-08-21,ecmwf_ifs025,h24,31.2,24
2026-08-21,ecmwf_aifs025_single,h24,34.7,24
2026-08-21,icon_seamless,h0,35.2,24
2026-08-21,ukmo_seamless,h0,36.5,24
2026-08-21,meteofrance_seamless,h0,36.6,24
2026-08-21,gem_seamless,h0,34.5,24
2026-08-21,ecmwf_ifs025,h0,33.8,24
2026-08-21,ecmwf_aifs025_single,h0,34.8,24
2026-08-22,icon_seamless,h24,34.4,24
2026-08-22,ukmo_seamless,h24,35.7,24
2026-08-22,meteofrance_seamless,h24,36.0,24
2026-08-22,gem_seamless,h24,33.8,24
2026-08-22,ecmwf_ifs025,h24,32.6,24
2026-08-22,ecmwf_aifs025_single,h24,33.8,24
2026-08-22,icon_seamless,h0,35.0,24
2026-08-22,ukmo_seamless,h0,33.9,24
2026-08-22,meteofrance_seamless,h0,35.9,24
2026-08-22,gem_seamless,h0,34.1,24
2026-08-22,ecmwf_ifs025,h0,33.6,24
2026-08-22,ecmwf_aifs025_single,h0,34.0,24
2026-08-23,icon_seamless,h24,34.0,24
2026-08-23,ukmo_seamless,h24,34.0,24
2026-08-23,meteofrance_seamless,h24,34.5,24
2026-08-23,gem_seamless,h24,33.9,24
2026-08-23,ecmwf_ifs025,h24,33.2,24
2026-08-23,ecmwf_aifs025_single,h24,33.7,24
2026-08-23,icon_seamless,h0,33.4,24
2026-08-23,ukmo_seamless,h0,32.9,24
2026-08-23,meteofrance_seamless,h0,34.6,24
2026-08-23,gem_seamless,h0,32.7,24
2026-08-23,ecmwf_ifs025,h0,33.6,24
2026-08-23,ecmwf_aifs025_single,h0,33.2,24
2026-08-24,icon_seamless,h24,34.2,24
2026-08-24,ukmo_seamless,h24,34.9,24
2026-08-24,meteofrance_seamless,h24,35.8,24
2026-08-24,gem_seamless,h24,33.7,24
2026-08-24,ecmwf_ifs025,h24,33.9,24
2026-08-24,ecmwf_aifs025_single,h24,33.8,24
2026-08-24,icon_seamless,h0,36.0,24
2026-08-24,ukmo_seamless,h0,35.0,24
2026-08-24,meteofrance_seamless,h0,36.9,24
2026-08-24,gem_seamless,h0,34.6,24
2026-08-24,ecmwf_ifs025,h0,35.0,24
2026-08-24,ecmwf_aifs025_single,h0,35.5,24
2026-08-25,icon_seamless,h24,37.4,24
2026-08-25,ukmo_seamless,h24,35.5,24
2026-08-25,meteofrance_seamless,h24,38.2,24
2026-08-25,gem_seamless,h24,33.9,24
2026-08-25,ecmwf_ifs025,h24,35.0,24
2026-08-25,ecmwf_aifs025_single,h24,36.3,24
2026-08-25,icon_seamless,h0,36.8,24
2026-08-25,ukmo_seamless,h0,36.1,24
2026-08-25,meteofrance_seamless,h0,38.2,24
2026-08-25,gem_seamless,h0,35.1,24
2026-08-25,ecmwf_ifs025,h0,35.7,24
2026-08-25,ecmwf_aifs025_single,h0,36.3,24
2026-08-26,icon_seamless,h24,37.2,24
2026-08-26,ukmo_seamless,h24,36.4,24
2026-08-26,meteofrance_seamless,h24,38.2,24
2026-08-26,gem_seamless,h24,35.3,24
2026-08-26,ecmwf_ifs025,h24,36.0,24
2026-08-26,ecmwf_aifs025_single,h24,37.2,24
2026-08-26,icon_seamless,h0,36.4,24
2026-08-26,ukmo_seamless,h0,34.7,24
2026-08-26,meteofrance_seamless,h0,37.6,24
2026-08-26,gem_seamless,h0,36.0,24
2026-08-26,ecmwf_ifs025,h0,36.3,24
2026-08-26,ecmwf_aifs025_single,h0,36.5,24
2026-08-27,icon_seamless,h24,37.3,24
2026-08-27,ukmo_seamless,h24,36.6,24
2026-08-27,meteofrance_seamless,h24,38.6,24
2026-08-27,gem_seamless,h24,36.7,24
2026-08-27,ecmwf_ifs025,h24,36.2,24
2026-08-27,ecmwf_aifs025_single,h24,37.6,24
2026-08-27,icon_seamless,h0,37.1,24
2026-08-27,ukmo_seamless,h0,36.3,24
2026-08-27,meteofrance_seamless,h0,38.1,24
2026-08-27,gem_seamless,h0,37.3,24
2026-08-27,ecmwf_ifs025,h0,36.2,24
2026-08-27,ecmwf_aifs025_single,h0,36.7,24
2026-08-28,icon_seamless,h24,35.3,24
2026-08-28,ukmo_seamless,h24,35.9,24
2026-08-28,meteofrance_seamless,h24,37.3,24
2026-08-28,gem_seamless,h24,36.3,24
2026-08-28,ecmwf_ifs025,h24,35.0,24
2026-08-28,ecmwf_aifs025_single,h24,36.6,24
2026-08-28,icon_seamless,h0,35.0,24
2026-08-28,ukmo_seamless,h0,35.8,24
2026-08-28,meteofrance_seamless,h0,36.7,24
2026-08-28,gem_seamless,h0,35.2,24
2026-08-28,ecmwf_ifs025,h0,34.6,24
2026-08-28,ecmwf_aifs025_single,h0,35.1,24
2026-08-29,icon_seamless,h24,28.1,24
2026-08-29,ukmo_seamless,h24,31.9,24
2026-08-29,meteofrance_seamless,h24,30.6,24
2026-08-29,gem_seamless,h24,30.6,24
2026-08-29,ecmwf_ifs025,h24,31.8,24
2026-08-29,ecmwf_aifs025_single,h24,30.3,24
2026-08-29,icon_seamless,h0,28.0,24
2026-08-29,ukmo_seamless,h0,29.8,24
2026-08-29,meteofrance_seamless,h0,30.1,24
2026-08-29,gem_seamless,h0,30.8,24
2026-08-29,ecmwf_ifs025,h0,29.8,24
2026-08-29,ecmwf_aifs025_single,h0,28.8,24
2026-08-30,icon_seamless,h24,29.9,24
2026-08-30,ukmo_seamless,h24,33.4,24
2026-08-30,meteofrance_seamless,h24,33.2,24
2026-08-30,gem_seamless,h24,33.0,24
2026-08-30,ecmwf_ifs025,h24,31.8,24
2026-08-30,ecmwf_aifs025_single,h24,31.6,24
2026-08-30,icon_seamless,h0,30.7,24
2026-08-30,ukmo_seamless,h0,31.8,24
2026-08-30,meteofrance_seamless,h0,32.8,24
2026-08-30,gem_seamless,h0,31.7,24
2026-08-30,ecmwf_ifs025,h0,31.8,24
2026-08-30,ecmwf_aifs025_single,h0,31.9,24
2026-08-31,icon_seamless,h24,31.2,24
2026-08-31,ukmo_seamless,h24,32.3,24
2026-08-31,meteofrance_seamless,h24,30.5,24
2026-08-31,gem_seamless,h24,31.3,24
2026-08-31,ecmwf_ifs025,h24,30.9,24
2026-08-31,ecmwf_aifs025_single,h24,31.6,24
2026-08-31,icon_seamless,h0,31.1,24
2026-08-31,ukmo_seamless,h0,32.0,24
2026-08-31,meteofrance_seamless,h0,31.8,24
2026-08-31,gem_seamless,h0,30.1,24
2026-08-31,ecmwf_ifs025,h0,30.9,24
2026-08-31,ecmwf_aifs025_single,h0,31.2,24
2026-09-01,icon_seamless,h24,26.4,24
2026-09-01,ukmo_seamless,h24,26.9,24
2026-09-01,meteofrance_seamless,h24,29.3,24
2026-09-01,gem_seamless,h24,28.4,24
2026-09-01,ecmwf_ifs025,h24,26.8,24
2026-09-01,ecmwf_aifs025_single,h24,27.5,24
2026-09-01,icon_seamless,h0,28.0,24
2026-09-01,ukmo_seamless,h0,28.1,24
2026-09-01,meteofrance_seamless,h0,29.2,24
2026-09-01,gem_seamless,h0,29.0,24
2026-09-01,ecmwf_ifs025,h0,27.2,24
2026-09-01,ecmwf_aifs025_single,h0,29.4,24
2026-09-02,icon_seamless,h24,29.1,24
2026-09-02,ukmo_seamless,h24,31.4,24
2026-09-02,meteofrance_seamless,h24,31.0,24
2026-09-02,gem_seamless,h24,29.9,24
2026-09-02,ecmwf_ifs025,h24,30.6,24
2026-09-02,ecmwf_aifs025_single,h24,29.9,24
2026-09-02,icon_seamless,h0,31.0,24
2026-09-02,ukmo_seamless,h0,31.1,24
2026-09-02,meteofrance_seamless,h0,31.1,24
2026-09-02,gem_seamless,h0,30.3,24
2026-09-02,ecmwf_ifs025,h0,31.1,24
2026-09-02,ecmwf_aifs025_single,h0,31.0,24
2026-09-03,icon_seamless,h24,26.0,24
2026-09-03,ukmo_seamless,h24,28.6,24
2026-09-03,meteofrance_seamless,h24,26.7,24
2026-09-03,gem_seamless,h24,28.6,24
2026-09-03,ecmwf_ifs025,h24,26.8,24
2026-09-03,ecmwf_aifs025_single,h24,29.1,24
2026-09-03,icon_seamless,h0,27.4,24
2026-09-03,ukmo_seamless,h0,29.0,24
2026-09-03,meteofrance_seamless,h0,26.6,24
2026-09-03,gem_seamless,h0,29.9,24
2026-09-03,ecmwf_ifs025,h0,27.2,24
2026-09-03,ecmwf_aifs025_single,h0,26.7,24
2026-09-04,icon_seamless,h24,29.5,24
2026-09-04,ukmo_seamless,h24,31.7,24
2026-09-04,meteofrance_seamless,h24,30.8,24
2026-09-04,gem_seamless,h24,30.7,24
2026-09-04,ecmwf_ifs025,h24,28.6,24
2026-09-04,ecmwf_aifs025_single,h24,29.6,24
2026-09-04,icon_seamless,h0,29.2,24
2026-09-04,ukmo_seamless,h0,30.3,24
2026-09-04,meteofrance_seamless,h0,30.2,24
2026-09-04,gem_seamless,h0,28.6,24
2026-09-04,ecmwf_ifs025,h0,28.5,24
2026-09-04,ecmwf_aifs025_single,h0,29.6,24
2026-09-05,icon_seamless,h24,30.4,24
2026-09-05,ukmo_seamless,h24,32.2,24
2026-09-05,meteofrance_seamless,h24,31.7,24
2026-09-05,gem_seamless,h24,30.3,24
2026-09-05,ecmwf_ifs025,h24,31.1,24
2026-09-05,ecmwf_aifs025_single,h24,30.6,24
2026-09-05,icon_seamless,h0,31.2,24
2026-09-05,ukmo_seamless,h0,31.2,24
2026-09-05,meteofrance_seamless,h0,31.3,24
2026-09-05,gem_seamless,h0,30.3,24
2026-09-05,ecmwf_ifs025,h0,30.3,24
2026-09-05,ecmwf_aifs025_single,h0,29.9,24
2026-09-06,icon_seamless,h24,33.1,24
2026-09-06,ukmo_seamless,h24,31.4,24
2026-09-06,meteofrance_seamless,h24,34.7,24
2026-09-06,gem_seamless,h24,32.9,24
2026-09-06,ecmwf_ifs025,h24,31.5,24
2026-09-06,ecmwf_aifs025_single,h24,32.1,24
2026-09-06,icon_seamless,h0,32.9,24
2026-09-06,ukmo_seamless,h0,30.0,24
2026-09-06,meteofrance_seamless,h0,33.2,24
2026-09-06,gem_seamless,h0,32.8,24
2026-09-06,ecmwf_ifs025,h0,31.3,24
2026-09-06,ecmwf_aifs025_single,h0,31.5,24
2026-09-07,icon_seamless,h24,33.3,24
2026-09-07,ukmo_seamless,h24,30.5,24
2026-09-07,meteofrance_seamless,h24,34.2,24
2026-09-07,gem_seamless,h24,33.3,24
2026-09-07,ecmwf_ifs025,h24,32.1,24
2026-09-07,ecmwf_aifs025_single,h24,32.6,24
2026-09-07,icon_seamless,h0,32.8,24
2026-09-07,ukmo_seamless,h0,30.5,24
2026-09-07,meteofrance_seamless,h0,33.3,24
2026-09-07,gem_seamless,h0,33.7,24
2026-09-07,ecmwf_ifs025,h0,32.9,24
2026-09-07,ecmwf_aifs025_single,h0,32.8,24
2026-09-08,icon_seamless,h24,34.6,24
2026-09-08,ukmo_seamless,h24,32.6,24
2026-09-08,meteofrance_seamless,h24,35.4,24
2026-09-08,gem_seamless,h24,34.4,24
2026-09-08,ecmwf_ifs025,h24,33.5,24
2026-09-08,ecmwf_aifs025_single,h24,33.6,24
2026-09-08,icon_seamless,h0,33.4,24
2026-09-08,ukmo_seamless,h0,32.3,24
2026-09-08,meteofrance_seamless,h0,34.0,24
2026-09-08,gem_seamless,h0,34.4,24
2026-09-08,ecmwf_ifs025,h0,33.2,24
2026-09-08,ecmwf_aifs025_single,h0,33.1,24
2026-09-09,icon_seamless,h24,25.6,24
2026-09-09,ukmo_seamless,h24,29.1,24
2026-09-09,meteofrance_seamless,h24,28.8,24
2026-09-09,gem_seamless,h24,27.7,24
2026-09-09,ecmwf_ifs025,h24,29.1,24
2026-09-09,ecmwf_aifs025_single,h24,27.3,24
2026-09-09,icon_seamless,h0,24.8,24
2026-09-09,ukmo_seamless,h0,25.4,24
2026-09-09,meteofrance_seamless,h0,28.6,24
2026-09-09,gem_seamless,h0,25.8,24
2026-09-09,ecmwf_ifs025,h0,25.9,24
2026-09-09,ecmwf_aifs025_single,h0,24.8,24
2026-09-10,icon_seamless,h24,22.9,24
2026-09-10,ukmo_seamless,h24,26.9,24
2026-09-10,meteofrance_seamless,h24,25.2,24
2026-09-10,gem_seamless,h24,26.7,24
2026-09-10,ecmwf_ifs025,h24,26.0,24
2026-09-10,ecmwf_aifs025_single,h24,24.8,24
2026-09-10,icon_seamless,h0,22.9,24
2026-09-10,ukmo_seamless,h0,25.3,24
2026-09-10,meteofrance_seamless,h0,24.1,24
2026-09-10,gem_seamless,h0,25.9,24
2026-09-10,ecmwf_ifs025,h0,24.3,24
2026-09-10,ecmwf_aifs025_single,h0,24.6,24
2026-09-11,icon_seamless,h24,29.3,24
2026-09-11,ukmo_seamless,h24,28.7,24
2026-09-11,meteofrance_seamless,h24,28.8,24
2026-09-11,gem_seamless,h24,29.2,24
2026-09-11,ecmwf_ifs025,h24,27.5,24
2026-09-11,ecmwf_aifs025_single,h24,27.7,24
2026-09-11,icon_seamless,h0,29.4,24
2026-09-11,ukmo_seamless,h0,27.3,24
2026-09-11,meteofrance_seamless,h0,28.6,24
2026-09-11,gem_seamless,h0,28.7,24
2026-09-11,ecmwf_ifs025,h0,27.2,24
2026-09-11,ecmwf_aifs025_single,h0,27.8,24
2026-09-12,icon_seamless,h24,31.3,24
2026-09-12,ukmo_seamless,h24,29.1,24
2026-09-12,meteofrance_seamless,h24,32.0,24
2026-09-12,gem_seamless,h24,30.9,24
2026-09-12,ecmwf_ifs025,h24,29.4,24
2026-09-12,ecmwf_aifs025_single,h24,30.4,24
2026-09-12,icon_seamless,h0,31.4,24
2026-09-12,ukmo_seamless,h0,29.6,24
2026-09-12,meteofrance_seamless,h0,31.8,24
2026-09-12,gem_seamless,h0,31.3,24
2026-09-12,ecmwf_ifs025,h0,29.8,24
2026-09-12,ecmwf_aifs025_single,h0,30.3,24
2026-09-13,icon_seamless,h24,33.6,24
2026-09-13,ukmo_seamless,h24,31.5,24
2026-09-13,meteofrance_seamless,h24,34.4,24
2026-09-13,gem_seamless,h24,33.5,24
2026-09-13,ecmwf_ifs025,h24,32.4,24
2026-09-13,ecmwf_aifs025_single,h24,32.5,24
2026-09-13,icon_seamless,h0,33.4,24
2026-09-13,ukmo_seamless,h0,31.9,24
2026-09-13,meteofrance_seamless,h0,33.1,24
2026-09-13,gem_seamless,h0,32.9,24
2026-09-13,ecmwf_ifs025,h0,31.7,24
2026-09-13,ecmwf_aifs025_single,h0,32.5,24
2026-09-14,icon_seamless,h24,30.3,24
2026-09-14,ukmo_seamless,h24,31.2,24
2026-09-14,meteofrance_seamless,h24,33.0,24
2026-09-14,gem_seamless,h24,32.3,24
2026-09-14,ecmwf_ifs025,h24,31.2,24
2026-09-14,ecmwf_aifs025_single,h24,31.2,24
2026-09-14,icon_seamless,h0,31.5,24
2026-09-14,ukmo_seamless,h0,31.6,24
2026-09-14,meteofrance_seamless,h0,33.3,24
2026-09-14,gem_seamless,h0,33.0,24
2026-09-14,ecmwf_ifs025,h0,31.6,24
2026-09-14,ecmwf_aifs025_single,h0,32.2,24
2026-09-15,icon_seamless,h24,28.8,24
2026-09-15,ukmo_seamless,h24,29.1,24
2026-09-15,meteofrance_seamless,h24,31.4,24
2026-09-15,gem_seamless,h24,29.3,24
2026-09-15,ecmwf_ifs025,h24,28.8,24
2026-09-15,ecmwf_aifs025_single,h24,28.7,24
2026-09-15,icon_seamless,h0,29.8,24
2026-09-15,ukmo_seamless,h0,29.5,24
2026-09-15,meteofrance_seamless,h0,29.9,24
2026-09-15,gem_seamless,h0,29.9,24
2026-09-15,ecmwf_ifs025,h0,29.5,24
2026-09-15,ecmwf_aifs025_single,h0,29.8,24
2026-06-19,gfs_seamless,h24,28.9,24
2026-06-19,cma_grapes_global,h24,30.3,24
2026-06-19,jma_seamless,h24,27.2,24
2026-06-19,knmi_seamless,h24,28.6,24
2026-06-19,jma_gsm,h24,27.2,24
2026-06-19,gfs_seamless,h0,29.5,24
2026-06-19,cma_grapes_global,h0,29.3,24
2026-06-19,jma_seamless,h0,27.0,24
2026-06-19,knmi_seamless,h0,28.6,24
2026-06-19,jma_gsm,h0,27.0,24
2026-06-20,gfs_seamless,h24,32.2,24
2026-06-20,cma_grapes_global,h24,33.0,24
2026-06-20,jma_seamless,h24,34.1,24
2026-06-20,knmi_seamless,h24,31.2,24
2026-06-20,jma_gsm,h24,34.1,24
2026-06-20,gfs_seamless,h0,30.9,24
2026-06-20,cma_grapes_global,h0,30.1,24
2026-06-20,jma_seamless,h0,32.1,24
2026-06-20,knmi_seamless,h0,30.3,24
2026-06-20,jma_gsm,h0,32.1,24
2026-06-21,gfs_seamless,h24,28.5,24
2026-06-21,cma_grapes_global,h24,27.0,24
2026-06-21,jma_seamless,h24,29.5,24
2026-06-21,knmi_seamless,h24,26.1,24
2026-06-21,jma_gsm,h24,29.5,24
2026-06-21,gfs_seamless,h0,26.2,24
2026-06-21,cma_grapes_global,h0,27.6,24
2026-06-21,jma_seamless,h0,26.9,24
2026-06-21,knmi_seamless,h0,28.5,24
2026-06-21,jma_gsm,h0,26.9,24
2026-06-22,gfs_seamless,h24,22.4,24
2026-06-22,cma_grapes_global,h24,25.9,24
2026-06-22,jma_seamless,h24,26.1,24
2026-06-22,knmi_seamless,h24,26.5,24
2026-06-22,jma_gsm,h24,26.1,24
2026-06-22,gfs_seamless,h0,23.7,24
2026-06-22,cma_grapes_global,h0,25.9,24
2026-06-22,jma_seamless,h0,23.1,24
2026-06-22,knmi_seamless,h0,24.9,24
2026-06-22,jma_gsm,h0,23.1,24
2026-06-23,gfs_seamless,h24,21.8,24
2026-06-23,cma_grapes_global,h24,27.1,24
2026-06-23,jma_seamless,h24,26.5,24
2026-06-23,knmi_seamless,h24,24.9,24
2026-06-23,jma_gsm,h24,26.5,24
2026-06-23,gfs_seamless,h0,22.5,24
2026-06-23,cma_grapes_global,h0,25.9,24
2026-06-23,jma_seamless,h0,24.4,24
2026-06-23,knmi_seamless,h0,24.3,24
2026-06-23,jma_gsm,h0,24.4,24
2026-06-24,gfs_seamless,h24,23.8,24
2026-06-24,cma_grapes_global,h24,27.1,24
2026-06-24,jma_seamless,h24,28.2,24
2026-06-24,knmi_seamless,h24,28.2,24
2026-06-24,jma_gsm,h24,28.2,24
2026-06-24,gfs_seamless,h0,24.4,24
2026-06-24,cma_grapes_global,h0,27.3,24
2026-06-24,jma_seamless,h0,27.6,24
2026-06-24,knmi_seamless,h0,27.3,24
2026-06-24,jma_gsm,h0,27.6,24
2026-06-25,gfs_seamless,h24,28.5,24
2026-06-25,cma_grapes_global,h24,30.5,24
2026-06-25,jma_seamless,h24,31.5,24
2026-06-25,knmi_seamless,h24,29.4,24
2026-06-25,jma_gsm,h24,31.5,24
2026-06-25,gfs_seamless,h0,27.5,24
2026-06-25,cma_grapes_global,h0,28.3,24
2026-06-25,jma_seamless,h0,28.6,24
2026-06-25,knmi_seamless,h0,29.2,24
2026-06-25,jma_gsm,h0,28.6,24
2026-06-26,gfs_seamless,h24,31.2,24
2026-06-26,cma_grapes_global,h24,29.3,24
2026-06-26,jma_seamless,h24,30.3,24
2026-06-26,knmi_seamless,h24,29.5,24
2026-06-26,jma_gsm,h24,30.3,24
2026-06-26,gfs_seamless,h0,29.1,24
2026-06-26,cma_grapes_global,h0,30.4,24
2026-06-26,jma_seamless,h0,29.2,24
2026-06-26,knmi_seamless,h0,30.4,24
2026-06-26,jma_gsm,h0,29.2,24
2026-06-27,gfs_seamless,h24,32.2,24
2026-06-27,cma_grapes_global,h24,33.0,24
2026-06-27,jma_seamless,h24,35.0,24
2026-06-27,knmi_seamless,h24,31.7,24
2026-06-27,jma_gsm,h24,35.0,24
2026-06-27,gfs_seamless,h0,32.7,24
2026-06-27,cma_grapes_global,h0,32.2,24
2026-06-27,jma_seamless,h0,34.7,24
2026-06-27,knmi_seamless,h0,32.0,24
2026-06-27,jma_gsm,h0,34.7,24
2026-06-28,gfs_seamless,h24,34.0,24
2026-06-28,cma_grapes_global,h24,33.1,24
2026-06-28,jma_seamless,h24,36.6,24
2026-06-28,knmi_seamless,h24,32.5,24
2026-06-28,jma_gsm,h24,36.6,24
2026-06-28,gfs_seamless,h0,33.7,24
2026-06-28,cma_grapes_global,h0,33.2,24
2026-06-28,jma_seamless,h0,35.7,24
2026-06-28,knmi_seamless,h0,32.7,24
2026-06-28,jma_gsm,h0,35.7,24
2026-06-29,gfs_seamless,h24,31.4,24
2026-06-29,cma_grapes_global,h24,31.2,24
2026-06-29,jma_seamless,h24,35.2,24
2026-06-29,knmi_seamless,h24,30.7,24
2026-06-29,jma_gsm,h24,35.2,24
2026-06-29,gfs_seamless,h0,29.0,24
2026-06-29,cma_grapes_global,h0,31.1,24
2026-06-29,jma_seamless,h0,30.3,24
2026-06-29,knmi_seamless,h0,29.8,24
2026-06-29,jma_gsm,h0,30.3,24
2026-06-30,gfs_seamless,h24,31.5,24
2026-06-30,cma_grapes_global,h24,28.7,24
2026-06-30,jma_seamless,h24,31.1,24
2026-06-30,knmi_seamless,h24,28.2,24
2026-06-30,jma_gsm,h24,31.1,24
2026-06-30,gfs_seamless,h0,27.1,24
2026-06-30,cma_grapes_global,h0,28.5,24
2026-06-30,jma_seamless,h0,27.2,24
2026-06-30,knmi_seamless,h0,28.8,24
2026-06-30,jma_gsm,h0,27.2,24
2026-07-01,gfs_seamless,h24,29.5,24
2026-07-01,cma_grapes_global,h24,29.3,24
2026-07-01,jma_seamless,h24,30.2,24
2026-07-01,knmi_seamless,h24,29.3,24
2026-07-01,jma_gsm,h24,30.2,24
2026-07-01,gfs_seamless,h0,30.9,24
2026-07-01,cma_grapes_global,h0,29.2,24
2026-07-01,jma_seamless,h0,29.3,24
2026-07-01,knmi_seamless,h0,30.2,24
2026-07-01,jma_gsm,h0,29.3,24
2026-07-02,gfs_seamless,h24,29.5,24
2026-07-02,cma_grapes_global,h24,29.2,24
2026-07-02,jma_seamless,h24,30.1,24
2026-07-02,knmi_seamless,h24,30.4,24
2026-07-02,jma_gsm,h24,30.1,24
2026-07-02,gfs_seamless,h0,29.5,24
2026-07-02,cma_grapes_global,h0,30.3,24
2026-07-02,jma_seamless,h0,28.5,24
2026-07-02,knmi_seamless,h0,30.7,24
2026-07-02,jma_gsm,h0,28.5,24
2026-07-03,gfs_seamless,h24,24.8,24
2026-07-03,cma_grapes_global,h24,25.2,24
2026-07-03,jma_seamless,h24,26.7,24
2026-07-03,knmi_seamless,h24,27.3,24
2026-07-03,jma_gsm,h24,26.7,24
2026-07-03,gfs_seamless,h0,25.4,24
2026-07-03,cma_grapes_global,h0,29.1,24
2026-07-03,jma_seamless,h0,25.7,24
2026-07-03,knmi_seamless,h0,26.7,24
2026-07-03,jma_gsm,h0,25.7,24
2026-07-04,gfs_seamless,h24,26.6,24
2026-07-04,cma_grapes_global,h24,28.2,24
2026-07-04,jma_seamless,h24,27.8,24
2026-07-04,knmi_seamless,h24,29.8,24
2026-07-04,jma_gsm,h24,27.8,24
2026-07-04,gfs_seamless,h0,26.0,24
2026-07-04,cma_grapes_global,h0,30.6,24
2026-07-04,jma_seamless,h0,27.1,24
2026-07-04,knmi_seamless,h0,27.2,24
2026-07-04,jma_gsm,h0,27.1,24
2026-07-05,gfs_seamless,h24,30.1,24
2026-07-05,cma_grapes_global,h24,30.5,24
2026-07-05,jma_seamless,h24,31.1,24
2026-07-05,knmi_seamless,h24,29.6,24
2026-07-05,jma_gsm,h24,31.1,24
2026-07-05,gfs_seamless,h0,29.4,24
2026-07-05,cma_grapes_global,h0,31.0,24
2026-07-05,jma_seamless,h0,29.4,24
2026-07-05,knmi_seamless,h0,29.9,24
2026-07-05,jma_gsm,h0,29.4,24
2026-07-06,gfs_seamless,h24,29.0,24
2026-07-06,cma_grapes_global,h24,29.9,24
2026-07-06,jma_seamless,h24,30.7,24
2026-07-06,knmi_seamless,h24,29.0,24
2026-07-06,jma_gsm,h24,30.7,24
2026-07-06,gfs_seamless,h0,27.5,24
2026-07-06,cma_grapes_global,h0,30.7,24
2026-07-06,jma_seamless,h0,29.3,24
2026-07-06,knmi_seamless,h0,29.2,24
2026-07-06,jma_gsm,h0,29.3,24
2026-07-07,gfs_seamless,h24,31.6,24
2026-07-07,cma_grapes_global,h24,31.8,24
2026-07-07,jma_seamless,h24,28.5,24
2026-07-07,knmi_seamless,h24,31.5,24
2026-07-07,jma_gsm,h24,28.5,24
2026-07-07,gfs_seamless,h0,30.4,24
2026-07-07,cma_grapes_global,h0,32.3,24
2026-07-07,jma_seamless,h0,29.5,24
2026-07-07,knmi_seamless,h0,30.7,24
2026-07-07,jma_gsm,h0,29.5,24
2026-07-08,gfs_seamless,h24,32.9,24
2026-07-08,cma_grapes_global,h24,35.4,24
2026-07-08,jma_seamless,h24,30.7,24
2026-07-08,knmi_seamless,h24,32.8,24
2026-07-08,jma_gsm,h24,30.7,24
2026-07-08,gfs_seamless,h0,32.9,24
2026-07-08,cma_grapes_global,h0,33.8,24
2026-07-08,jma_seamless,h0,29.4,24
2026-07-08,knmi_seamless,h0,32.5,24
2026-07-08,jma_gsm,h0,29.4,24
2026-07-09,gfs_seamless,h24,33.5,24
2026-07-09,cma_grapes_global,h24,35.5,24
2026-07-09,jma_seamless,h24,33.6,24
2026-07-09,knmi_seamless,h24,33.3,24
2026-07-09,jma_gsm,h24,33.6,24
2026-07-09,gfs_seamless,h0,33.8,24
2026-07-09,cma_grapes_global,h0,34.2,24
2026-07-09,jma_seamless,h0,34.4,24
2026-07-09,knmi_seamless,h0,33.1,24
2026-07-09,jma_gsm,h0,34.4,24
2026-07-10,gfs_seamless,h24,36.1,24
2026-07-10,cma_grapes_global,h24,36.8,24
2026-07-10,jma_seamless,h24,33.8,24
2026-07-10,knmi_seamless,h24,34.5,24
2026-07-10,jma_gsm,h24,33.8,24
2026-07-10,gfs_seamless,h0,35.9,24
2026-07-10,cma_grapes_global,h0,35.8,24
2026-07-10,jma_seamless,h0,34.3,24
2026-07-10,knmi_seamless,h0,34.4,24
2026-07-10,jma_gsm,h0,34.3,24
2026-07-11,gfs_seamless,h24,36.5,24
2026-07-11,cma_grapes_global,h24,37.9,24
2026-07-11,jma_seamless,h24,37.8,24
2026-07-11,knmi_seamless,h24,35.4,24
2026-07-11,jma_gsm,h24,37.8,24
2026-07-11,gfs_seamless,h0,36.2,24
2026-07-11,cma_grapes_global,h0,37.2,24
2026-07-11,jma_seamless,h0,38.2,24
2026-07-11,knmi_seamless,h0,35.7,24
2026-07-11,jma_gsm,h0,38.2,24
2026-07-12,gfs_seamless,h24,33.4,24
2026-07-12,cma_grapes_global,h24,34.0,24
2026-07-12,jma_seamless,h24,34.1,24
2026-07-12,knmi_seamless,h24,33.0,24
2026-07-12,jma_gsm,h24,34.1,24
2026-07-12,gfs_seamless,h0,33.0,24
2026-07-12,cma_grapes_global,h0,32.7,24
2026-07-12,jma_seamless,h0,33.3,24
2026-07-12,knmi_seamless,h0,33.3,24
2026-07-12,jma_gsm,h0,33.3,24
2026-07-13,gfs_seamless,h24,35.8,24
2026-07-13,cma_grapes_global,h24,37.1,24
2026-07-13,jma_seamless,h24,35.0,24
2026-07-13,knmi_seamless,h24,34.7,24
2026-07-13,jma_gsm,h24,35.0,24
2026-07-13,gfs_seamless,h0,35.9,24
2026-07-13,cma_grapes_global,h0,36.2,24
2026-07-13,jma_seamless,h0,33.2,24
2026-07-13,knmi_seamless,h0,35.4,24
2026-07-13,jma_gsm,h0,33.2,24
2026-07-14,gfs_seamless,h24,36.5,24
2026-07-14,cma_grapes_global,h24,37.7,24
2026-07-14,jma_seamless,h24,35.0,24
2026-07-14,knmi_seamless,h24,36.5,24
2026-07-14,jma_gsm,h24,35.0,24
2026-07-14,gfs_seamless,h0,38.3,24
2026-07-14,cma_grapes_global,h0,37.6,24
2026-07-14,jma_seamless,h0,38.9,24
2026-07-14,knmi_seamless,h0,37.2,24
2026-07-14,jma_gsm,h0,38.9,24
2026-07-15,gfs_seamless,h24,36.7,24
2026-07-15,cma_grapes_global,h24,35.5,24
2026-07-15,jma_seamless,h24,35.0,24
2026-07-15,knmi_seamless,h24,35.0,24
2026-07-15,jma_gsm,h24,35.0,24
2026-07-15,gfs_seamless,h0,36.0,24
2026-07-15,cma_grapes_global,h0,37.1,24
2026-07-15,jma_seamless,h0,33.9,24
2026-07-15,knmi_seamless,h0,35.4,24
2026-07-15,jma_gsm,h0,33.9,24
2026-07-16,gfs_seamless,h24,35.7,24
2026-07-16,cma_grapes_global,h24,35.9,24
2026-07-16,jma_seamless,h24,36.3,24
2026-07-16,knmi_seamless,h24,35.2,24
2026-07-16,jma_gsm,h24,36.3,24
2026-07-16,gfs_seamless,h0,35.8,24
2026-07-16,cma_grapes_global,h0,35.9,24
2026-07-16,jma_seamless,h0,36.9,24
2026-07-16,knmi_seamless,h0,35.6,24
2026-07-16,jma_gsm,h0,36.9,24
2026-07-17,gfs_seamless,h24,34.6,24
2026-07-17,cma_grapes_global,h24,33.9,24
2026-07-17,jma_seamless,h24,35.9,24
2026-07-17,knmi_seamless,h24,35.2,24
2026-07-17,jma_gsm,h24,35.9,24
2026-07-17,gfs_seamless,h0,34.1,24
2026-07-17,cma_grapes_global,h0,35.9,24
2026-07-17,jma_seamless,h0,34.4,24
2026-07-17,knmi_seamless,h0,34.3,24
2026-07-17,jma_gsm,h0,34.4,24
2026-07-18,gfs_seamless,h24,31.1,24
2026-07-18,cma_grapes_global,h24,29.8,24
2026-07-18,jma_seamless,h24,30.8,24
2026-07-18,knmi_seamless,h24,32.2,24
2026-07-18,jma_gsm,h24,30.8,24
2026-07-18,gfs_seamless,h0,28.7,24
2026-07-18,cma_grapes_global,h0,31.5,24
2026-07-18,jma_seamless,h0,30.1,24
2026-07-18,knmi_seamless,h0,31.5,24
2026-07-18,jma_gsm,h0,30.1,24
2026-07-19,gfs_seamless,h24,27.2,24
2026-07-19,cma_grapes_global,h24,30.9,24
2026-07-19,jma_seamless,h24,29.8,24
2026-07-19,knmi_seamless,h24,31.8,24
2026-07-19,jma_gsm,h24,29.8,24
2026-07-19,gfs_seamless,h0,27.3,24
2026-07-19,cma_grapes_global,h0,30.1,24
2026-07-19,jma_seamless,h0,29.8,24
2026-07-19,knmi_seamless,h0,31.1,24
2026-07-19,jma_gsm,h0,29.8,24
2026-07-20,gfs_seamless,h24,33.0,24
2026-07-20,cma_grapes_global,h24,34.2,24
2026-07-20,jma_seamless,h24,30.0,24
2026-07-20,knmi_seamless,h24,32.8,24
2026-07-20,jma_gsm,h24,30.0,24
2026-07-20,gfs_seamless,h0,32.6,24
2026-07-20,cma_grapes_global,h0,31.6,24
2026-07-20,jma_seamless,h0,30.7,24
2026-07-20,knmi_seamless,h0,32.3,24
2026-07-20,jma_gsm,h0,30.7,24
2026-07-21,gfs_seamless,h24,33.4,24
2026-07-21,cma_grapes_global,h24,34.7,24
2026-07-21,jma_seamless,h24,30.5,24
2026-07-21,knmi_seamless,h24,32.5,24
2026-07-21,jma_gsm,h24,30.5,24
2026-07-21,gfs_seamless,h0,33.5,24
2026-07-21,cma_grapes_global,h0,33.6,24
2026-07-21,jma_seamless,h0,31.6,24
2026-07-21,knmi_seamless,h0,33.3,24
2026-07-21,jma_gsm,h0,31.6,24
2026-07-22,gfs_seamless,h24,29.7,24
2026-07-22,cma_grapes_global,h24,28.2,24
2026-07-22,jma_seamless,h24,28.8,24
2026-07-22,knmi_seamless,h24,31.6,24
2026-07-22,jma_gsm,h24,28.8,24
2026-07-22,gfs_seamless,h0,27.4,24
2026-07-22,cma_grapes_global,h0,28.4,24
2026-07-22,jma_seamless,h0,28.3,24
2026-07-22,knmi_seamless,h0,27.9,24
2026-07-22,jma_gsm,h0,28.3,24
2026-07-23,gfs_seamless,h24,33.4,24
2026-07-23,cma_grapes_global,h24,31.9,24
2026-07-23,jma_seamless,h24,32.0,24
2026-07-23,knmi_seamless,h24,31.8,24
2026-07-23,jma_gsm,h24,32.0,24
2026-07-23,gfs_seamless,h0,31.9,24
2026-07-23,cma_grapes_global,h0,32.4,24
2026-07-23,jma_seamless,h0,30.7,24
2026-07-23,knmi_seamless,h0,31.3,24
2026-07-23,jma_gsm,h0,30.7,24
2026-07-24,gfs_seamless,h24,34.5,24
2026-07-24,cma_grapes_global,h24,36.1,24
2026-07-24,jma_seamless,h24,30.3,24
2026-07-24,knmi_seamless,h24,33.7,24
2026-07-24,jma_gsm,h24,30.3,24
2026-07-24,gfs_seamless,h0,35.1,24
2026-07-24,cma_grapes_global,h0,35.5,24
2026-07-24,jma_seamless,h0,31.5,24
2026-07-24,knmi_seamless,h0,33.6,24
2026-07-24,jma_gsm,h0,31.5,24
2026-07-25,gfs_seamless,h24,36.8,24
2026-07-25,cma_grapes_global,h24,37.4,24
2026-07-25,jma_seamless,h24,36.2,24
2026-07-25,knmi_seamless,h24,34.5,24
2026-07-25,jma_gsm,h24,36.2,24
2026-07-25,gfs_seamless,h0,36.6,24
2026-07-25,cma_grapes_global,h0,36.0,24
2026-07-25,jma_seamless,h0,35.5,24
2026-07-25,knmi_seamless,h0,34.5,24
2026-07-25,jma_gsm,h0,35.5,24
2026-07-26,gfs_seamless,h24,35.5,24
2026-07-26,cma_grapes_global,h24,38.0,24
2026-07-26,jma_seamless,h24,32.7,24
2026-07-26,knmi_seamless,h24,33.8,24
2026-07-26,jma_gsm,h24,32.7,24
2026-07-26,gfs_seamless,h0,35.8,24
2026-07-26,cma_grapes_global,h0,36.7,24
2026-07-26,jma_seamless,h0,33.4,24
2026-07-26,knmi_seamless,h0,34.6,24
2026-07-26,jma_gsm,h0,33.4,24
2026-07-27,gfs_seamless,h24,26.1,24
2026-07-27,cma_grapes_global,h24,27.8,24
2026-07-27,jma_seamless,h24,28.8,24
2026-07-27,knmi_seamless,h24,30.1,24
2026-07-27,jma_gsm,h24,28.8,24
2026-07-27,gfs_seamless,h0,28.1,24
2026-07-27,cma_grapes_global,h0,33.5,24
2026-07-27,jma_seamless,h0,30.1,24
2026-07-27,knmi_seamless,h0,31.8,24
2026-07-27,jma_gsm,h0,30.1,24
2026-07-28,gfs_seamless,h24,30.0,24
2026-07-28,cma_grapes_global,h24,31.1,24
2026-07-28,jma_seamless,h24,28.1,24
2026-07-28,knmi_seamless,h24,29.3,24
2026-07-28,jma_gsm,h24,28.1,24
2026-07-28,gfs_seamless,h0,31.6,24
2026-07-28,cma_grapes_global,h0,31.2,24
2026-07-28,jma_seamless,h0,28.0,24
2026-07-28,knmi_seamless,h0,30.7,24
2026-07-28,jma_gsm,h0,28.0,24
2026-07-29,gfs_seamless,h24,30.9,24
2026-07-29,cma_grapes_global,h24,30.4,24
2026-07-29,jma_seamless,h24,29.3,24
2026-07-29,knmi_seamless,h24,31.8,24
2026-07-29,jma_gsm,h24,29.3,24
2026-07-29,gfs_seamless,h0,32.6,24
2026-07-29,cma_grapes_global,h0,31.0,24
2026-07-29,jma_seamless,h0,28.4,24
2026-07-29,knmi_seamless,h0,31.8,24
2026-07-29,jma_gsm,h0,28.4,24
2026-07-30,gfs_seamless,h24,33.4,24
2026-07-30,cma_grapes_global,h24,33.0,24
2026-07-30,jma_seamless,h24,30.6,24
2026-07-30,knmi_seamless,h24,30.5,24
2026-07-30,jma_gsm,h24,30.6,24
2026-07-30,gfs_seamless,h0,33.1,24
2026-07-30,cma_grapes_global,h0,33.4,24
2026-07-30,jma_seamless,h0,31.4,24
2026-07-30,knmi_seamless,h0,32.0,24
2026-07-30,jma_gsm,h0,31.4,24
2026-07-31,gfs_seamless,h24,34.7,24
2026-07-31,cma_grapes_global,h24,35.2,24
2026-07-31,jma_seamless,h24,32.1,24
2026-07-31,knmi_seamless,h24,32.5,24
2026-07-31,jma_gsm,h24,32.1,24
2026-07-31,gfs_seamless,h0,33.9,24
2026-07-31,cma_grapes_global,h0,34.5,24
2026-07-31,jma_seamless,h0,31.0,24
2026-07-31,knmi_seamless,h0,33.5,24
2026-07-31,jma_gsm,h0,31.0,24
2026-08-01,gfs_seamless,h24,35.0,24
2026-08-01,cma_grapes_global,h24,35.9,24
2026-08-01,jma_seamless,h24,35.3,24
2026-08-01,knmi_seamless,h24,33.1,24
2026-08-01,jma_gsm,h24,35.3,24
2026-08-01,gfs_seamless,h0,35.2,24
2026-08-01,cma_grapes_global,h0,35.5,24
2026-08-01,jma_seamless,h0,33.4,24
2026-08-01,knmi_seamless,h0,33.7,24
2026-08-01,jma_gsm,h0,33.4,24
2026-08-02,gfs_seamless,h24,36.2,24
2026-08-02,cma_grapes_global,h24,36.8,24
2026-08-02,jma_seamless,h24,31.3,24
2026-08-02,knmi_seamless,h24,34.6,24
2026-08-02,jma_gsm,h24,31.3,24
2026-08-02,gfs_seamless,h0,35.9,24
2026-08-02,cma_grapes_global,h0,36.1,24
2026-08-02,jma_seamless,h0,31.0,24
2026-08-02,knmi_seamless,h0,34.7,24
2026-08-02,jma_gsm,h0,31.0,24
2026-08-03,gfs_seamless,h24,36.3,24
2026-08-03,cma_grapes_global,h24,36.6,24
2026-08-03,jma_seamless,h24,37.1,24
2026-08-03,knmi_seamless,h24,35.3,24
2026-08-03,jma_gsm,h24,37.1,24
2026-08-03,gfs_seamless,h0,35.7,24
2026-08-03,cma_grapes_global,h0,36.6,24
2026-08-03,jma_seamless,h0,36.9,24
2026-08-03,knmi_seamless,h0,36.4,24
2026-08-03,jma_gsm,h0,36.9,24
2026-08-04,gfs_seamless,h24,36.4,24
2026-08-04,cma_grapes_global,h24,37.9,24
2026-08-04,jma_seamless,h24,32.7,24
2026-08-04,knmi_seamless,h24,34.8,24
2026-08-04,jma_gsm,h24,32.7,24
2026-08-04,gfs_seamless,h0,36.6,24
2026-08-04,cma_grapes_global,h0,36.9,24
2026-08-04,jma_seamless,h0,38.2,24
2026-08-04,knmi_seamless,h0,35.6,24
2026-08-04,jma_gsm,h0,38.2,24
2026-08-05,gfs_seamless,h24,35.8,24
2026-08-05,cma_grapes_global,h24,36.8,24
2026-08-05,jma_seamless,h24,36.7,24
2026-08-05,knmi_seamless,h24,34.4,24
2026-08-05,jma_gsm,h24,36.7,24
2026-08-05,gfs_seamless,h0,35.9,24
2026-08-05,cma_grapes_global,h0,37.2,24
2026-08-05,jma_seamless,h0,35.7,24
2026-08-05,knmi_seamless,h0,34.8,24
2026-08-05,jma_gsm,h0,35.7,24
2026-08-06,gfs_seamless,h24,35.9,24
2026-08-06,cma_grapes_global,h24,36.4,24
2026-08-06,jma_seamless,h24,34.0,24
2026-08-06,knmi_seamless,h24,33.7,24
2026-08-06,jma_gsm,h24,34.0,24
2026-08-06,gfs_seamless,h0,35.7,24
2026-08-06,cma_grapes_global,h0,36.2,24
2026-08-06,jma_seamless,h0,35.1,24
2026-08-06,knmi_seamless,h0,33.6,24
2026-08-06,jma_gsm,h0,35.1,24
2026-08-07,gfs_seamless,h24,34.7,24
2026-08-07,cma_grapes_global,h24,36.4,24
2026-08-07,jma_seamless,h24,36.9,24
2026-08-07,knmi_seamless,h24,34.1,24
2026-08-07,jma_gsm,h24,36.9,24
2026-08-07,gfs_seamless,h0,34.1,24
2026-08-07,cma_grapes_global,h0,35.3,24
2026-08-07,jma_seamless,h0,36.4,24
2026-08-07,knmi_seamless,h0,34.5,24
2026-08-07,jma_gsm,h0,36.4,24
2026-08-08,gfs_seamless,h24,34.7,24
2026-08-08,cma_grapes_global,h24,36.5,24
2026-08-08,jma_seamless,h24,34.9,24
2026-08-08,knmi_seamless,h24,34.4,24
2026-08-08,jma_gsm,h24,34.9,24
2026-08-08,gfs_seamless,h0,34.8,24
2026-08-08,cma_grapes_global,h0,36.2,24
2026-08-08,jma_seamless,h0,36.2,24
2026-08-08,knmi_seamless,h0,34.8,24
2026-08-08,jma_gsm,h0,36.2,24
2026-08-09,gfs_seamless,h24,32.0,24
2026-08-09,cma_grapes_global,h24,31.6,24
2026-08-09,jma_seamless,h24,33.2,24
2026-08-09,knmi_seamless,h24,33.4,24
2026-08-09,jma_gsm,h24,33.2,24
2026-08-09,gfs_seamless,h0,31.2,24
2026-08-09,cma_grapes_global,h0,31.3,24
2026-08-09,jma_seamless,h0,31.9,24
2026-08-09,knmi_seamless,h0,32.6,24
2026-08-09,jma_gsm,h0,31.9,24
2026-08-10,gfs_seamless,h24,28.2,24
2026-08-10,cma_grapes_global,h24,27.9,24
2026-08-10,jma_seamless,h24,29.2,24
2026-08-10,knmi_seamless,h24,28.3,24
2026-08-10,jma_gsm,h24,29.2,24
2026-08-10,gfs_seamless,h0,27.6,24
2026-08-10,cma_grapes_global,h0,29.4,24
2026-08-10,jma_seamless,h0,29.5,24
2026-08-10,knmi_seamless,h0,28.3,24
2026-08-10,jma_gsm,h0,29.5,24
2026-08-11,gfs_seamless,h24,25.0,24
2026-08-11,cma_grapes_global,h24,29.5,24
2026-08-11,jma_seamless,h24,28.0,24
2026-08-11,knmi_seamless,h24,31.2,24
2026-08-11,jma_gsm,h24,28.0,24
2026-08-11,gfs_seamless,h0,29.5,24
2026-08-11,cma_grapes_global,h0,28.9,24
2026-08-11,jma_seamless,h0,28.3,24
2026-08-11,knmi_seamless,h0,30.6,24
2026-08-11,jma_gsm,h0,28.3,24
2026-08-12,gfs_seamless,h24,26.2,24
2026-08-12,cma_grapes_global,h24,32.8,24
2026-08-12,jma_seamless,h24,29.3,24
2026-08-12,knmi_seamless,h24,31.1,24
2026-08-12,jma_gsm,h24,29.3,24
2026-08-12,gfs_seamless,h0,29.9,24
2026-08-12,cma_grapes_global,h0,29.4,24
2026-08-12,jma_seamless,h0,28.3,24
2026-08-12,knmi_seamless,h0,29.5,24
2026-08-12,jma_gsm,h0,28.3,24
2026-08-13,gfs_seamless,h24,24.5,24
2026-08-13,cma_grapes_global,h24,28.9,24
2026-08-13,jma_seamless,h24,26.8,24
2026-08-13,knmi_seamless,h24,28.3,24
2026-08-13,jma_gsm,h24,26.8,24
2026-08-13,gfs_seamless,h0,27.6,24
2026-08-13,cma_grapes_global,h0,28.2,24
2026-08-13,jma_seamless,h0,25.6,24
2026-08-13,knmi_seamless,h0,29.4,24
2026-08-13,jma_gsm,h0,25.6,24
2026-08-14,gfs_seamless,h24,28.0,24
2026-08-14,cma_grapes_global,h24,30.3,24
2026-08-14,jma_seamless,h24,26.2,24
2026-08-14,knmi_seamless,h24,29.5,24
2026-08-14,jma_gsm,h24,26.2,24
2026-08-14,gfs_seamless,h0,27.7,24
2026-08-14,cma_grapes_global,h0,29.2,24
2026-08-14,jma_seamless,h0,27.0,24
2026-08-14,knmi_seamless,h0,29.5,24
2026-08-14,jma_gsm,h0,27.0,24
2026-08-15,gfs_seamless,h24,26.8,24
2026-08-15,cma_grapes_global,h24,30.3,24
2026-08-15,jma_seamless,h24,28.9,24
2026-08-15,knmi_seamless,h24,30.5,24
2026-08-15,jma_gsm,h24,28.9,24
2026-08-15,gfs_seamless,h0,26.1,24
2026-08-15,cma_grapes_global,h0,29.2,24
2026-08-15,jma_seamless,h0,28.7,24
2026-08-15,knmi_seamless,h0,29.3,24
2026-08-15,jma_gsm,h0,28.7,24
2026-08-16,gfs_seamless,h24,31.1,24
2026-08-16,cma_grapes_global,h24,33.2,24
2026-08-16,jma_seamless,h24,30.7,24
2026-08-16,knmi_seamless,h24,31.6,24
2026-08-16,jma_gsm,h24,30.7,24
2026-08-16,gfs_seamless,h0,31.4,24
2026-08-16,cma_grapes_global,h0,31.5,24
2026-08-16,jma_seamless,h0,30.8,24
2026-08-16,knmi_seamless,h0,30.9,24
2026-08-16,jma_gsm,h0,30.8,24
2026-08-17,gfs_seamless,h24,32.6,24
2026-08-17,cma_grapes_global,h24,34.4,24
2026-08-17,jma_seamless,h24,33.8,24
2026-08-17,knmi_seamless,h24,31.8,24
2026-08-17,jma_gsm,h24,33.8,24
2026-08-17,gfs_seamless,h0,32.2,24
2026-08-17,cma_grapes_global,h0,33.3,24
2026-08-17,jma_seamless,h0,32.5,24
2026-08-17,knmi_seamless,h0,31.6,24
2026-08-17,jma_gsm,h0,32.5,24
2026-08-18,gfs_seamless,h24,33.2,24
2026-08-18,cma_grapes_global,h24,35.2,24
2026-08-18,jma_seamless,h24,35.6,24
2026-08-18,knmi_seamless,h24,33.1,24
2026-08-18,jma_gsm,h24,35.6,24
2026-08-18,gfs_seamless,h0,33.7,24
2026-08-18,cma_grapes_global,h0,34.6,24
2026-08-18,jma_seamless,h0,34.8,24
2026-08-18,knmi_seamless,h0,33.2,24
2026-08-18,jma_gsm,h0,34.8,24
2026-08-19,gfs_seamless,h24,33.4,24
2026-08-19,cma_grapes_global,h24,35.7,24
2026-08-19,jma_seamless,h24,36.3,24
2026-08-19,knmi_seamless,h24,33.3,24
2026-08-19,jma_gsm,h24,36.3,24
2026-08-19,gfs_seamless,h0,34.4,24
2026-08-19,cma_grapes_global,h0,35.2,24
2026-08-19,jma_seamless,h0,35.6,24
2026-08-19,knmi_seamless,h0,33.8,24
2026-08-19,jma_gsm,h0,35.6,24
2026-08-20,gfs_seamless,h24,33.4,24
2026-08-20,cma_grapes_global,h24,34.4,24
2026-08-20,jma_seamless,h24,30.8,24
2026-08-20,knmi_seamless,h24,32.5,24
2026-08-20,jma_gsm,h24,30.8,24
2026-08-20,gfs_seamless,h0,33.7,24
2026-08-20,cma_grapes_global,h0,35.3,24
2026-08-20,jma_seamless,h0,32.4,24
2026-08-20,knmi_seamless,h0,33.4,24
2026-08-20,jma_gsm,h0,32.4,24
2026-08-21,gfs_seamless,h24,33.9,24
2026-08-21,cma_grapes_global,h24,35.3,24
2026-08-21,jma_seamless,h24,33.7,24
2026-08-21,knmi_seamless,h24,32.4,24
2026-08-21,jma_gsm,h24,33.7,24
2026-08-21,gfs_seamless,h0,35.0,24
2026-08-21,cma_grapes_global,h0,34.6,24
2026-08-21,jma_seamless,h0,33.0,24
2026-08-21,knmi_seamless,h0,33.8,24
2026-08-21,jma_gsm,h0,33.0,24
2026-08-22,gfs_seamless,h24,33.0,24
2026-08-22,cma_grapes_global,h24,34.6,24
2026-08-22,jma_seamless,h24,31.3,24
2026-08-22,knmi_seamless,h24,32.6,24
2026-08-22,jma_gsm,h24,31.3,24
2026-08-22,gfs_seamless,h0,33.8,24
2026-08-22,cma_grapes_global,h0,35.2,24
2026-08-22,jma_seamless,h0,32.8,24
2026-08-22,knmi_seamless,h0,33.6,24
2026-08-22,jma_gsm,h0,32.8,24
2026-08-23,gfs_seamless,h24,33.2,24
2026-08-23,cma_grapes_global,h24,33.9,24
2026-08-23,jma_seamless,h24,32.0,24
2026-08-23,knmi_seamless,h24,33.2,24
2026-08-23,jma_gsm,h24,32.0,24
2026-08-23,gfs_seamless,h0,32.7,24
2026-08-23,cma_grapes_global,h0,33.9,24
2026-08-23,jma_seamless,h0,32.0,24
2026-08-23,knmi_seamless,h0,33.6,24
2026-08-23,jma_gsm,h0,32.0,24
2026-08-24,gfs_seamless,h24,35.5,24
2026-08-24,cma_grapes_global,h24,35.3,24
2026-08-24,jma_seamless,h24,32.3,24
2026-08-24,knmi_seamless,h24,33.9,24
2026-08-24,jma_gsm,h24,32.3,24
2026-08-24,gfs_seamless,h0,35.1,24
2026-08-24,cma_grapes_global,h0,35.3,24
2026-08-24,jma_seamless,h0,32.6,24
2026-08-24,knmi_seamless,h0,34.8,24
2026-08-24,jma_gsm,h0,32.6,24
2026-08-25,gfs_seamless,h24,35.7,24
2026-08-25,cma_grapes_global,h24,35.3,24
2026-08-25,jma_seamless,h24,36.6,24
2026-08-25,knmi_seamless,h24,35.0,24
2026-08-25,jma_gsm,h24,36.6,24
2026-08-25,gfs_seamless,h0,36.0,24
2026-08-25,cma_grapes_global,h0,35.9,24
2026-08-25,jma_seamless,h0,37.0,24
2026-08-25,knmi_seamless,h0,35.8,24
2026-08-25,jma_gsm,h0,37.0,24
2026-08-26,gfs_seamless,h24,36.3,24
2026-08-26,cma_grapes_global,h24,36.0,24
2026-08-26,jma_seamless,h24,37.1,24
2026-08-26,knmi_seamless,h24,36.2,24
2026-08-26,jma_gsm,h24,37.1,24
2026-08-26,gfs_seamless,h0,36.1,24
2026-08-26,cma_grapes_global,h0,35.8,24
2026-08-26,jma_seamless,h0,36.8,24
2026-08-26,knmi_seamless,h0,36.4,24
2026-08-26,jma_gsm,h0,36.8,24
2026-08-27,gfs_seamless,h24,37.1,24
2026-08-27,cma_grapes_global,h24,36.9,24
2026-08-27,jma_seamless,h24,37.2,24
2026-08-27,knmi_seamless,h24,36.2,24
2026-08-27,jma_gsm,h24,37.2,24
2026-08-27,gfs_seamless,h0,37.0,24
2026-08-27,cma_grapes_global,h0,36.3,24
2026-08-27,jma_seamless,h0,37.5,24
2026-08-27,knmi_seamless,h0,36.2,24
2026-08-27,jma_gsm,h0,37.5,24
2026-08-28,gfs_seamless,h24,34.8,24
2026-08-28,cma_grapes_global,h24,34.6,24
2026-08-28,jma_seamless,h24,35.7,24
2026-08-28,knmi_seamless,h24,35.0,24
2026-08-28,jma_gsm,h24,35.7,24
2026-08-28,gfs_seamless,h0,34.8,24
2026-08-28,cma_grapes_global,h0,33.9,24
2026-08-28,jma_seamless,h0,35.7,24
2026-08-28,knmi_seamless,h0,34.8,24
2026-08-28,jma_gsm,h0,35.7,24
2026-08-29,gfs_seamless,h24,29.3,24
2026-08-29,cma_grapes_global,h24,28.9,24
2026-08-29,jma_seamless,h24,28.5,24
2026-08-29,knmi_seamless,h24,32.0,24
2026-08-29,jma_gsm,h24,28.5,24
2026-08-29,gfs_seamless,h0,28.8,24
2026-08-29,cma_grapes_global,h0,28.6,24
2026-08-29,jma_seamless,h0,28.6,24
2026-08-29,knmi_seamless,h0,30.0,24
2026-08-29,jma_gsm,h0,28.6,24
2026-08-30,gfs_seamless,h24,32.1,24
2026-08-30,cma_grapes_global,h24,31.6,24
2026-08-30,jma_seamless,h24,30.7,24
2026-08-30,knmi_seamless,h24,32.1,24
2026-08-30,jma_gsm,h24,30.7,24
2026-08-30,gfs_seamless,h0,32.0,24
2026-08-30,cma_grapes_global,h0,31.7,24
2026-08-30,jma_seamless,h0,31.0,24
2026-08-30,knmi_seamless,h0,31.9,24
2026-08-30,jma_gsm,h0,31.0,24
2026-08-31,gfs_seamless,h24,30.6,24
2026-08-31,cma_grapes_global,h24,29.5,24
2026-08-31,jma_seamless,h24,29.6,24
2026-08-31,knmi_seamless,h24,31.1,24
2026-08-31,jma_gsm,h24,29.6,24
2026-08-31,gfs_seamless,h0,30.3,24
2026-08-31,cma_grapes_global,h0,29.8,24
2026-08-31,jma_seamless,h0,30.1,24
2026-08-31,knmi_seamless,h0,31.0,24
2026-08-31,jma_gsm,h0,30.1,24
2026-09-01,gfs_seamless,h24,28.1,24
2026-09-01,cma_grapes_global,h24,26.6,24
2026-09-01,jma_seamless,h24,30.2,24
2026-09-01,knmi_seamless,h24,26.8,24
2026-09-01,jma_gsm,h24,30.2,24
2026-09-01,gfs_seamless,h0,26.2,24
2026-09-01,cma_grapes_global,h0,27.0,24
2026-09-01,jma_seamless,h0,27.7,24
2026-09-01,knmi_seamless,h0,28.7,24
2026-09-01,jma_gsm,h0,27.7,24
2026-09-02,gfs_seamless,h24,29.2,24
2026-09-02,cma_grapes_global,h24,28.1,24
2026-09-02,jma_seamless,h24,28.5,24
2026-09-02,knmi_seamless,h24,30.6,24
2026-09-02,jma_gsm,h24,28.5,24
2026-09-02,gfs_seamless,h0,29.5,24
2026-09-02,cma_grapes_global,h0,28.9,24
2026-09-02,jma_seamless,h0,30.3,24
2026-09-02,knmi_seamless,h0,31.1,24
2026-09-02,jma_gsm,h0,30.3,24
2026-09-03,gfs_seamless,h24,24.4,24
2026-09-03,cma_grapes_global,h24,26.5,24
2026-09-03,jma_seamless,h24,27.1,24
2026-09-03,knmi_seamless,h24,27.0,24
2026-09-03,jma_gsm,h24,27.1,24
2026-09-03,gfs_seamless,h0,24.5,24
2026-09-03,cma_grapes_global,h0,28.3,24
2026-09-03,jma_seamless,h0,27.5,24
2026-09-03,knmi_seamless,h0,28.9,24
2026-09-03,jma_gsm,h0,27.5,24
2026-09-04,gfs_seamless,h24,29.9,24
2026-09-04,cma_grapes_global,h24,28.3,24
2026-09-04,jma_seamless,h24,32.7,24
2026-09-04,knmi_seamless,h24,29.7,24
2026-09-04,jma_gsm,h24,32.7,24
2026-09-04,gfs_seamless,h0,30.0,24
2026-09-04,cma_grapes_global,h0,28.3,24
2026-09-04,jma_seamless,h0,30.8,24
2026-09-04,knmi_seamless,h0,28.8,24
2026-09-04,jma_gsm,h0,30.8,24
2026-09-05,gfs_seamless,h24,30.7,24
2026-09-05,cma_grapes_global,h24,28.9,24
2026-09-05,jma_seamless,h24,29.6,24
2026-09-05,knmi_seamless,h24,31.1,24
2026-09-05,jma_gsm,h24,29.6,24
2026-09-05,gfs_seamless,h0,30.9,24
2026-09-05,cma_grapes_global,h0,29.8,24
2026-09-05,jma_seamless,h0,30.8,24
2026-09-05,knmi_seamless,h0,30.6,24
2026-09-05,jma_gsm,h0,30.8,24
2026-09-06,gfs_seamless,h24,31.7,24
2026-09-06,cma_grapes_global,h24,30.1,24
2026-09-06,jma_seamless,h24,33.7,24
2026-09-06,knmi_seamless,h24,31.6,24
2026-09-06,jma_gsm,h24,33.7,24
2026-09-06,gfs_seamless,h0,31.6,24
2026-09-06,cma_grapes_global,h0,30.8,24
2026-09-06,jma_seamless,h0,32.9,24
2026-09-06,knmi_seamless,h0,31.3,24
2026-09-06,jma_gsm,h0,32.9,24
2026-09-07,gfs_seamless,h24,32.3,24
2026-09-07,cma_grapes_global,h24,30.4,24
2026-09-07,jma_seamless,h24,33.2,24
2026-09-07,knmi_seamless,h24,32.3,24
2026-09-07,jma_gsm,h24,33.2,24
2026-09-07,gfs_seamless,h0,32.3,24
2026-09-07,cma_grapes_global,h0,31.5,24
2026-09-07,jma_seamless,h0,32.6,24
2026-09-07,knmi_seamless,h0,33.2,24
2026-09-07,jma_gsm,h0,32.6,24
2026-09-08,gfs_seamless,h24,32.8,24
2026-09-08,cma_grapes_global,h24,31.3,24
2026-09-08,jma_seamless,h24,34.4,24
2026-09-08,knmi_seamless,h24,33.5,24
2026-09-08,jma_gsm,h24,34.4,24
2026-09-08,gfs_seamless,h0,32.9,24
2026-09-08,cma_grapes_global,h0,32.1,24
2026-09-08,jma_seamless,h0,33.5,24
2026-09-08,knmi_seamless,h0,33.4,24
2026-09-08,jma_gsm,h0,33.5,24
2026-09-09,gfs_seamless,h24,27.0,24
2026-09-09,cma_grapes_global,h24,24.4,24
2026-09-09,jma_seamless,h24,28.9,24
2026-09-09,knmi_seamless,h24,29.7,24
2026-09-09,jma_gsm,h24,28.9,24
2026-09-09,gfs_seamless,h0,25.3,24
2026-09-09,cma_grapes_global,h0,24.4,24
2026-09-09,jma_seamless,h0,27.2,24
2026-09-09,knmi_seamless,h0,25.2,24
2026-09-09,jma_gsm,h0,27.2,24
2026-09-10,gfs_seamless,h24,24.7,24
2026-09-10,cma_grapes_global,h24,24.0,24
2026-09-10,jma_seamless,h24,27.1,24
2026-09-10,knmi_seamless,h24,26.0,24
2026-09-10,jma_gsm,h24,27.1,24
2026-09-10,gfs_seamless,h0,24.3,24
2026-09-10,cma_grapes_global,h0,23.9,24
2026-09-10,jma_seamless,h0,25.9,24
2026-09-10,knmi_seamless,h0,24.5,24
2026-09-10,jma_gsm,h0,25.9,24
2026-09-11,gfs_seamless,h24,27.8,24
2026-09-11,cma_grapes_global,h24,25.8,24
2026-09-11,jma_seamless,h24,30.2,24
2026-09-11,knmi_seamless,h24,27.5,24
2026-09-11,jma_gsm,h24,30.2,24
2026-09-11,gfs_seamless,h0,27.2,24
2026-09-11,cma_grapes_global,h0,26.1,24
2026-09-11,jma_seamless,h0,28.0,24
2026-09-11,knmi_seamless,h0,27.4,24
2026-09-11,jma_gsm,h0,28.0,24
2026-09-12,gfs_seamless,h24,29.6,24
2026-09-12,cma_grapes_global,h24,27.6,24
2026-09-12,jma_seamless,h24,30.7,24
2026-09-12,knmi_seamless,h24,29.3,24
2026-09-12,jma_gsm,h24,30.7,24
2026-09-12,gfs_seamless,h0,29.5,24
2026-09-12,cma_grapes_global,h0,28.9,24
2026-09-12,jma_seamless,h0,29.7,24
2026-09-12,knmi_seamless,h0,29.7,24
2026-09-12,jma_gsm,h0,29.7,24
2026-09-13,gfs_seamless,h24,31.4,24
2026-09-13,cma_grapes_global,h24,30.0,24
2026-09-13,jma_seamless,h24,32.9,24
2026-09-13,knmi_seamless,h24,33.1,24
2026-09-13,jma_gsm,h24,32.9,24
2026-09-13,gfs_seamless,h0,31.7,24
2026-09-13,cma_grapes_global,h0,30.9,24
2026-09-13,jma_seamless,h0,32.7,24
2026-09-13,knmi_seamless,h0,31.7,24
2026-09-13,jma_gsm,h0,32.7,24
2026-09-14,gfs_seamless,h24,30.5,24
2026-09-14,cma_grapes_global,h24,29.3,24
2026-09-14,jma_seamless,h24,31.8,24
2026-09-14,knmi_seamless,h24,31.3,24
2026-09-14,jma_gsm,h24,31.8,24
2026-09-14,gfs_seamless,h0,30.9,24
2026-09-14,cma_grapes_global,h0,30.6,24
2026-09-14,jma_seamless,h0,32.0,24
2026-09-14,knmi_seamless,h0,31.5,24
2026-09-14,jma_gsm,h0,32.0,24
2026-09-15,gfs_seamless,h24,27.3,24
2026-09-15,cma_grapes_global,h24,27.6,24
2026-09-15,jma_seamless,h24,30.8,24
2026-09-15,knmi_seamless,h24,29.2,24
2026-09-15,jma_gsm,h24,30.8,24
2026-09-15,gfs_seamless,h0,23.9,24
2026-09-15,cma_grapes_global,h0,28.0,24
2026-09-15,jma_seamless,h0,29.2,24
2026-09-15,knmi_seamless,h0,29.5,24
2026-09-15,jma_gsm,h0,29.2,24
